
/*!40101 SET @OLD_CHARACTER_SET_CLIENT=@@CHARACTER_SET_CLIENT */;
/*!40101 SET @OLD_CHARACTER_SET_RESULTS=@@CHARACTER_SET_RESULTS */;
/*!40101 SET @OLD_COLLATION_CONNECTION=@@COLLATION_CONNECTION */;
/*!40101 SET NAMES utf8 */;
/*!40103 SET @OLD_TIME_ZONE=@@TIME_ZONE */;
/*!40103 SET TIME_ZONE='+00:00' */;
/*!40014 SET @OLD_UNIQUE_CHECKS=@@UNIQUE_CHECKS, UNIQUE_CHECKS=0 */;
/*!40014 SET @OLD_FOREIGN_KEY_CHECKS=@@FOREIGN_KEY_CHECKS, FOREIGN_KEY_CHECKS=0 */;
/*!40101 SET @OLD_SQL_MODE=@@SQL_MODE, SQL_MODE='NO_AUTO_VALUE_ON_ZERO' */;
/*!40111 SET @OLD_SQL_NOTES=@@SQL_NOTES, SQL_NOTES=0 */;
DROP TABLE IF EXISTS `games`;
/*!40101 SET @saved_cs_client     = @@character_set_client */;
/*!40101 SET character_set_client = utf8 */;
CREATE TABLE `games` (
  `game_id` int(11) NOT NULL,
  `game_datetime` datetime NOT NULL,
  `game_finished` tinyint(1) NOT NULL,
  `home_team_id` int(11) NOT NULL,
  `home_team_score` int(11) DEFAULT NULL,
  `away_team_id` int(11) NOT NULL,
  `away_team_score` int(11) DEFAULT NULL,
  `week` int(11) NOT NULL,
  `season_type` varchar(5) NOT NULL,
  PRIMARY KEY (`game_id`),
  UNIQUE KEY `game_id` (`game_id`),
  KEY `home_team_id` (`home_team_id`),
  KEY `away_team_id` (`away_team_id`),
  CONSTRAINT `games_ibfk_1` FOREIGN KEY (`home_team_id`) REFERENCES `teams` (`team_id`),
  CONSTRAINT `games_ibfk_2` FOREIGN KEY (`away_team_id`) REFERENCES `teams` (`team_id`)
) ENGINE=InnoDB DEFAULT CHARSET=utf8;
/*!40101 SET character_set_client = @saved_cs_client */;

LOCK TABLES `games` WRITE;
/*!40000 ALTER TABLE `games` DISABLE KEYS */;
INSERT INTO `games` VALUES (2018090600,'2018-09-06 08:20:00',1,20,18,25,12,1,'REG');
INSERT INTO `games` VALUES (2018090900,'2018-09-09 01:00:00',1,6,47,3,3,1,'REG');
INSERT INTO `games` VALUES (2018090901,'2018-09-09 01:00:00',1,8,21,5,21,1,'REG');
INSERT INTO `games` VALUES (2018090902,'2018-09-09 01:00:00',1,11,23,7,34,1,'REG');
INSERT INTO `games` VALUES (2018090903,'2018-09-09 01:00:00',1,2,27,10,20,1,'REG');
INSERT INTO `games` VALUES (2018090904,'2018-09-09 01:00:00',1,23,24,32,16,1,'REG');
INSERT INTO `games` VALUES (2018090905,'2018-09-09 01:00:00',1,1,27,9,20,1,'REG');
INSERT INTO `games` VALUES (2018090906,'2018-09-09 01:00:00',1,27,40,26,48,1,'REG');
INSERT INTO `games` VALUES (2018090907,'2018-09-09 01:00:00',1,18,15,12,20,1,'REG');
INSERT INTO `games` VALUES (2018090908,'2018-09-09 04:05:00',1,16,28,14,38,1,'REG');
INSERT INTO `games` VALUES (2018090909,'2018-09-09 04:25:00',1,30,6,19,24,1,'REG');
INSERT INTO `games` VALUES (2018090910,'2018-09-09 04:25:00',1,28,16,17,8,1,'REG');
INSERT INTO `games` VALUES (2018090911,'2018-09-09 04:25:00',1,15,27,29,24,1,'REG');
INSERT INTO `games` VALUES (2018090912,'2018-09-09 08:20:00',1,21,24,24,23,1,'REG');
INSERT INTO `games` VALUES (2018091000,'2018-09-10 07:10:00',1,22,17,4,48,1,'REG');
INSERT INTO `games` VALUES (2018091001,'2018-09-10 10:20:00',1,13,13,31,33,1,'REG');
INSERT INTO `games` VALUES (2018091300,'2018-09-13 08:20:00',1,7,34,6,23,2,'REG');
INSERT INTO `games` VALUES (2018091600,'2018-09-16 01:00:00',1,25,31,28,24,2,'REG');
INSERT INTO `games` VALUES (2018091601,'2018-09-16 01:00:00',1,3,20,16,31,2,'REG');
INSERT INTO `games` VALUES (2018091602,'2018-09-16 01:00:00',1,21,29,23,29,2,'REG');
INSERT INTO `games` VALUES (2018091603,'2018-09-16 01:00:00',1,27,21,8,18,2,'REG');
INSERT INTO `games` VALUES (2018091604,'2018-09-16 01:00:00',1,4,12,2,20,2,'REG');
INSERT INTO `games` VALUES (2018091605,'2018-09-16 01:00:00',1,5,37,14,42,2,'REG');
INSERT INTO `games` VALUES (2018091606,'2018-09-16 01:00:00',1,26,27,20,21,2,'REG');
INSERT INTO `games` VALUES (2018091607,'2018-09-16 01:00:00',1,10,20,9,17,2,'REG');
INSERT INTO `games` VALUES (2018091608,'2018-09-16 01:00:00',1,19,9,11,21,2,'REG');
INSERT INTO `games` VALUES (2018091609,'2018-09-16 04:05:00',1,31,34,30,0,2,'REG');
INSERT INTO `games` VALUES (2018091610,'2018-09-16 04:05:00',1,32,30,22,27,2,'REG');
INSERT INTO `games` VALUES (2018091611,'2018-09-16 04:25:00',1,15,20,13,19,2,'REG');
INSERT INTO `games` VALUES (2018091612,'2018-09-16 04:25:00',1,12,31,1,20,2,'REG');
INSERT INTO `games` VALUES (2018091613,'2018-09-16 08:20:00',1,17,20,18,13,2,'REG');
INSERT INTO `games` VALUES (2018091700,'2018-09-17 08:15:00',1,24,24,29,17,2,'REG');
INSERT INTO `games` VALUES (2018092000,'2018-09-20 08:20:00',1,8,21,4,17,3,'REG');
INSERT INTO `games` VALUES (2018092300,'2018-09-23 01:00:00',1,25,37,27,43,3,'REG');
INSERT INTO `games` VALUES (2018092301,'2018-09-23 01:00:00',1,6,27,15,14,3,'REG');
INSERT INTO `games` VALUES (2018092302,'2018-09-23 01:00:00',1,28,31,7,21,3,'REG');
INSERT INTO `games` VALUES (2018092303,'2018-09-23 01:00:00',1,9,22,18,27,3,'REG');
INSERT INTO `games` VALUES (2018092304,'2018-09-23 01:00:00',1,12,6,10,9,3,'REG');
INSERT INTO `games` VALUES (2018092305,'2018-09-23 01:00:00',1,14,38,32,27,3,'REG');
INSERT INTO `games` VALUES (2018092306,'2018-09-23 01:00:00',1,2,28,13,20,3,'REG');
INSERT INTO `games` VALUES (2018092307,'2018-09-23 01:00:00',1,23,6,3,27,3,'REG');
INSERT INTO `games` VALUES (2018092308,'2018-09-23 01:00:00',1,20,20,11,16,3,'REG');
INSERT INTO `games` VALUES (2018092309,'2018-09-23 01:00:00',1,19,31,21,17,3,'REG');
INSERT INTO `games` VALUES (2018092310,'2018-09-23 04:05:00',1,31,35,16,23,3,'REG');
INSERT INTO `games` VALUES (2018092311,'2018-09-23 04:25:00',1,30,14,24,16,3,'REG');
INSERT INTO `games` VALUES (2018092312,'2018-09-23 04:25:00',1,29,24,17,13,3,'REG');
INSERT INTO `games` VALUES (2018092313,'2018-09-23 08:20:00',1,22,26,1,10,3,'REG');
INSERT INTO `games` VALUES (2018092400,'2018-09-24 08:15:00',1,26,27,5,30,3,'REG');
INSERT INTO `games` VALUES (2018092700,'2018-09-27 08:20:00',1,31,38,23,31,4,'REG');
INSERT INTO `games` VALUES (2018093000,'2018-09-30 01:00:00',1,25,36,7,37,4,'REG');
INSERT INTO `games` VALUES (2018093001,'2018-09-30 01:00:00',1,24,48,26,10,4,'REG');
INSERT INTO `games` VALUES (2018093002,'2018-09-30 01:00:00',1,17,26,22,24,4,'REG');
INSERT INTO `games` VALUES (2018093003,'2018-09-30 01:00:00',1,21,22,3,0,4,'REG');
INSERT INTO `games` VALUES (2018093004,'2018-09-30 01:00:00',1,11,34,9,37,4,'REG');
INSERT INTO `games` VALUES (2018093005,'2018-09-30 01:00:00',1,12,31,4,12,4,'REG');
INSERT INTO `games` VALUES (2018093006,'2018-09-30 01:00:00',1,1,38,2,7,4,'REG');
INSERT INTO `games` VALUES (2018093007,'2018-09-30 01:00:00',1,10,26,20,23,4,'REG');
INSERT INTO `games` VALUES (2018093008,'2018-09-30 04:05:00',1,30,17,29,20,4,'REG');
INSERT INTO `games` VALUES (2018093009,'2018-09-30 04:05:00',1,13,45,8,42,4,'REG');
INSERT INTO `games` VALUES (2018093010,'2018-09-30 04:25:00',1,16,29,32,27,4,'REG');
INSERT INTO `games` VALUES (2018093011,'2018-09-30 04:25:00',1,18,18,27,33,4,'REG');
INSERT INTO `games` VALUES (2018093012,'2018-09-30 08:20:00',1,5,14,6,26,4,'REG');
INSERT INTO `games` VALUES (2018100100,'2018-10-01 08:15:00',1,15,23,14,27,4,'REG');
INSERT INTO `games` VALUES (2018100400,'2018-10-04 08:20:00',1,1,38,11,24,5,'REG');
INSERT INTO `games` VALUES (2018100700,'2018-10-07 01:00:00',1,3,13,10,12,5,'REG');
INSERT INTO `games` VALUES (2018100701,'2018-10-07 01:00:00',1,28,33,18,31,5,'REG');
INSERT INTO `games` VALUES (2018100702,'2018-10-07 01:00:00',1,7,27,2,17,5,'REG');
INSERT INTO `games` VALUES (2018100703,'2018-10-07 01:00:00',1,8,12,6,9,5,'REG');
INSERT INTO `games` VALUES (2018100704,'2018-10-07 01:00:00',1,22,31,21,23,5,'REG');
INSERT INTO `games` VALUES (2018100705,'2018-10-07 01:00:00',1,14,30,12,14,5,'REG');
INSERT INTO `games` VALUES (2018100706,'2018-10-07 01:00:00',1,4,34,15,16,5,'REG');
INSERT INTO `games` VALUES (2018100707,'2018-10-07 01:00:00',1,5,41,25,17,5,'REG');
INSERT INTO `games` VALUES (2018100708,'2018-10-07 04:05:00',1,16,26,13,10,5,'REG');
INSERT INTO `games` VALUES (2018100709,'2018-10-07 04:25:00',1,20,21,23,23,5,'REG');
INSERT INTO `games` VALUES (2018100710,'2018-10-07 04:25:00',1,32,18,30,28,5,'REG');
INSERT INTO `games` VALUES (2018100711,'2018-10-07 04:25:00',1,29,31,31,33,5,'REG');
INSERT INTO `games` VALUES (2018100712,'2018-10-07 08:20:00',1,9,19,17,16,5,'REG');
INSERT INTO `games` VALUES (2018100800,'2018-10-08 08:15:00',1,27,43,19,19,5,'REG');
INSERT INTO `games` VALUES (2018101100,'2018-10-11 08:20:00',1,18,13,20,34,6,'REG');
INSERT INTO `games` VALUES (2018101400,'2018-10-14 01:00:00',1,25,34,26,29,6,'REG');
INSERT INTO `games` VALUES (2018101401,'2018-10-14 01:00:00',1,7,21,5,28,6,'REG');
INSERT INTO `games` VALUES (2018101402,'2018-10-14 01:00:00',1,8,14,16,38,6,'REG');
INSERT INTO `games` VALUES (2018101403,'2018-10-14 01:00:00',1,9,20,3,13,6,'REG');
INSERT INTO `games` VALUES (2018101404,'2018-10-14 01:00:00',1,2,31,24,28,6,'REG');
INSERT INTO `games` VALUES (2018101405,'2018-10-14 01:00:00',1,23,27,30,17,6,'REG');
INSERT INTO `games` VALUES (2018101406,'2018-10-14 01:00:00',1,4,42,11,34,6,'REG');
INSERT INTO `games` VALUES (2018101407,'2018-10-14 01:00:00',1,13,3,29,27,6,'REG');
INSERT INTO `games` VALUES (2018101408,'2018-10-14 01:00:00',1,19,23,28,17,6,'REG');
INSERT INTO `games` VALUES (2018101409,'2018-10-14 04:05:00',1,15,20,31,23,6,'REG');
INSERT INTO `games` VALUES (2018101410,'2018-10-14 04:25:00',1,17,40,12,7,6,'REG');
INSERT INTO `games` VALUES (2018101411,'2018-10-14 04:25:00',1,10,0,6,21,6,'REG');
INSERT INTO `games` VALUES (2018101412,'2018-10-14 08:20:00',1,1,43,14,40,6,'REG');
INSERT INTO `games` VALUES (2018101500,'2018-10-15 08:15:00',1,21,33,32,30,6,'REG');
INSERT INTO `games` VALUES (2018101800,'2018-10-18 08:20:00',1,30,10,15,45,7,'REG');
INSERT INTO `games` VALUES (2018102100,'2018-10-21 09:30:00',1,16,20,10,19,7,'REG');
INSERT INTO `games` VALUES (2018102101,'2018-10-21 04:05:00',1,6,23,27,24,7,'REG');
INSERT INTO `games` VALUES (2018102102,'2018-10-21 01:00:00',1,24,31,1,38,7,'REG');
INSERT INTO `games` VALUES (2018102103,'2018-10-21 01:00:00',1,11,37,3,5,7,'REG');
INSERT INTO `games` VALUES (2018102104,'2018-10-21 01:00:00',1,12,7,9,20,7,'REG');
INSERT INTO `games` VALUES (2018102105,'2018-10-21 08:20:00',1,14,45,7,10,7,'REG');
INSERT INTO `games` VALUES (2018102106,'2018-10-21 01:00:00',1,2,21,22,32,7,'REG');
INSERT INTO `games` VALUES (2018102107,'2018-10-21 01:00:00',1,4,17,23,37,7,'REG');
INSERT INTO `games` VALUES (2018102108,'2018-10-21 01:00:00',1,20,17,28,21,7,'REG');
INSERT INTO `games` VALUES (2018102109,'2018-10-21 01:00:00',1,26,26,8,23,7,'REG');
INSERT INTO `games` VALUES (2018102110,'2018-10-21 04:25:00',1,19,20,17,17,7,'REG');
INSERT INTO `games` VALUES (2018102111,'2018-10-21 04:25:00',1,32,10,31,39,7,'REG');
INSERT INTO `games` VALUES (2018102200,'2018-10-22 08:15:00',1,25,23,18,20,7,'REG');
INSERT INTO `games` VALUES (2018102500,'2018-10-25 08:20:00',1,9,42,2,23,8,'REG');
INSERT INTO `games` VALUES (2018102800,'2018-10-28 09:30:00',1,12,18,20,24,8,'REG');
INSERT INTO `games` VALUES (2018102801,'2018-10-28 01:00:00',1,28,36,6,21,8,'REG');
INSERT INTO `games` VALUES (2018102802,'2018-10-28 01:00:00',1,24,24,4,10,8,'REG');
INSERT INTO `games` VALUES (2018102803,'2018-10-28 01:00:00',1,7,37,26,34,8,'REG');
INSERT INTO `games` VALUES (2018102804,'2018-10-28 01:00:00',1,22,14,29,28,8,'REG');
INSERT INTO `games` VALUES (2018102805,'2018-10-28 01:00:00',1,14,30,15,23,8,'REG');
INSERT INTO `games` VALUES (2018102806,'2018-10-28 01:00:00',1,18,13,19,20,8,'REG');
INSERT INTO `games` VALUES (2018102807,'2018-10-28 01:00:00',1,5,33,8,18,8,'REG');
INSERT INTO `games` VALUES (2018102808,'2018-10-28 04:05:00',1,13,28,11,42,8,'REG');
INSERT INTO `games` VALUES (2018102809,'2018-10-28 04:25:00',1,30,18,32,15,8,'REG');
INSERT INTO `games` VALUES (2018102810,'2018-10-28 04:25:00',1,31,29,21,27,8,'REG');
INSERT INTO `games` VALUES (2018102811,'2018-10-28 08:20:00',1,23,20,27,30,8,'REG');
INSERT INTO `games` VALUES (2018102900,'2018-10-29 08:15:00',1,3,6,1,25,8,'REG');
INSERT INTO `games` VALUES (2018110100,'2018-11-01 08:20:00',1,32,34,13,3,9,'REG');
INSERT INTO `games` VALUES (2018110400,'2018-11-04 01:00:00',1,6,16,5,23,9,'REG');
INSERT INTO `games` VALUES (2018110401,'2018-11-04 01:00:00',1,3,9,24,41,9,'REG');
INSERT INTO `games` VALUES (2018110402,'2018-11-04 01:00:00',1,28,42,26,28,9,'REG');
INSERT INTO `games` VALUES (2018110403,'2018-11-04 01:00:00',1,8,21,14,37,9,'REG');
INSERT INTO `games` VALUES (2018110404,'2018-11-04 01:00:00',1,2,13,4,6,9,'REG');
INSERT INTO `games` VALUES (2018110405,'2018-11-04 01:00:00',1,23,24,22,9,9,'REG');
INSERT INTO `games` VALUES (2018110406,'2018-11-04 01:00:00',1,19,14,25,38,9,'REG');
INSERT INTO `games` VALUES (2018110407,'2018-11-04 04:05:00',1,15,17,9,19,9,'REG');
INSERT INTO `games` VALUES (2018110408,'2018-11-04 04:05:00',1,29,17,16,25,9,'REG');
INSERT INTO `games` VALUES (2018110409,'2018-11-04 04:25:00',1,27,45,31,35,9,'REG');
INSERT INTO `games` VALUES (2018110410,'2018-11-04 08:20:00',1,1,31,21,17,9,'REG');
INSERT INTO `games` VALUES (2018110500,'2018-11-05 08:15:00',1,17,14,10,28,9,'REG');
INSERT INTO `games` VALUES (2018110800,'2018-11-08 08:20:00',1,5,52,28,21,10,'REG');
INSERT INTO `games` VALUES (2018111100,'2018-11-11 01:00:00',1,24,34,22,22,10,'REG');
INSERT INTO `games` VALUES (2018111101,'2018-11-11 01:00:00',1,7,14,27,51,10,'REG');
INSERT INTO `games` VALUES (2018111102,'2018-11-11 01:00:00',1,8,28,25,16,10,'REG');
INSERT INTO `games` VALUES (2018111103,'2018-11-11 04:25:00',1,21,31,2,12,10,'REG');
INSERT INTO `games` VALUES (2018111104,'2018-11-11 01:00:00',1,11,29,12,26,10,'REG');
INSERT INTO `games` VALUES (2018111105,'2018-11-11 01:00:00',1,14,26,30,14,10,'REG');
INSERT INTO `games` VALUES (2018111106,'2018-11-11 01:00:00',1,4,10,3,41,10,'REG');
INSERT INTO `games` VALUES (2018111107,'2018-11-11 01:00:00',1,26,3,19,16,10,'REG');
INSERT INTO `games` VALUES (2018111108,'2018-11-11 01:00:00',1,10,34,1,10,10,'REG');
INSERT INTO `games` VALUES (2018111109,'2018-11-11 04:05:00',1,13,6,16,20,10,'REG');
INSERT INTO `games` VALUES (2018111110,'2018-11-11 04:25:00',1,31,36,29,31,10,'REG');
INSERT INTO `games` VALUES (2018111111,'2018-11-11 08:20:00',1,20,20,17,27,10,'REG');
INSERT INTO `games` VALUES (2018111200,'2018-11-12 08:15:00',1,32,23,18,27,10,'REG');
INSERT INTO `games` VALUES (2018111500,'2018-11-15 08:20:00',1,29,27,21,24,11,'REG');
INSERT INTO `games` VALUES (2018111800,'2018-11-18 01:00:00',1,25,19,17,22,11,'REG');
INSERT INTO `games` VALUES (2018111801,'2018-11-18 01:00:00',1,6,24,7,21,11,'REG');
INSERT INTO `games` VALUES (2018111802,'2018-11-18 08:20:00',1,24,25,23,20,11,'REG');
INSERT INTO `games` VALUES (2018111803,'2018-11-18 01:00:00',1,22,20,28,19,11,'REG');
INSERT INTO `games` VALUES (2018111804,'2018-11-18 01:00:00',1,11,38,10,10,11,'REG');
INSERT INTO `games` VALUES (2018111805,'2018-11-18 01:00:00',1,18,38,26,35,11,'REG');
INSERT INTO `games` VALUES (2018111806,'2018-11-18 01:00:00',1,19,21,9,23,11,'REG');
INSERT INTO `games` VALUES (2018111807,'2018-11-18 04:05:00',1,30,21,13,23,11,'REG');
INSERT INTO `games` VALUES (2018111808,'2018-11-18 04:05:00',1,16,22,15,23,11,'REG');
INSERT INTO `games` VALUES (2018111809,'2018-11-18 04:25:00',1,27,48,20,7,11,'REG');
INSERT INTO `games` VALUES (2018111810,'2018-11-18 01:00:00',1,12,16,5,20,11,'REG');
INSERT INTO `games` VALUES (2018111900,'2018-11-19 08:15:00',1,31,54,14,51,11,'REG');
INSERT INTO `games` VALUES (2018112200,'2018-11-22 12:30:00',1,22,16,24,23,12,'REG');
INSERT INTO `games` VALUES (2018112201,'2018-11-22 04:30:00',1,17,31,19,23,12,'REG');
INSERT INTO `games` VALUES (2018112202,'2018-11-22 08:20:00',1,27,31,25,17,12,'REG');
INSERT INTO `games` VALUES (2018112500,'2018-11-25 01:00:00',1,6,34,13,17,12,'REG');
INSERT INTO `games` VALUES (2018112501,'2018-11-25 01:00:00',1,3,24,12,21,12,'REG');
INSERT INTO `games` VALUES (2018112502,'2018-11-25 01:00:00',1,28,27,29,30,12,'REG');
INSERT INTO `games` VALUES (2018112503,'2018-11-25 01:00:00',1,7,20,8,35,12,'REG');
INSERT INTO `games` VALUES (2018112504,'2018-11-25 04:25:00',1,11,27,2,24,12,'REG');
INSERT INTO `games` VALUES (2018112505,'2018-11-25 01:00:00',1,4,13,1,27,12,'REG');
INSERT INTO `games` VALUES (2018112506,'2018-11-25 01:00:00',1,20,25,18,22,12,'REG');
INSERT INTO `games` VALUES (2018112507,'2018-11-25 01:00:00',1,26,27,32,9,12,'REG');
INSERT INTO `games` VALUES (2018112508,'2018-11-25 04:05:00',1,16,45,30,10,12,'REG');
INSERT INTO `games` VALUES (2018112509,'2018-11-25 04:25:00',1,15,24,5,17,12,'REG');
INSERT INTO `games` VALUES (2018112510,'2018-11-25 08:20:00',1,23,24,21,17,12,'REG');
INSERT INTO `games` VALUES (2018112600,'2018-11-26 08:15:00',1,9,34,10,17,12,'REG');
INSERT INTO `games` VALUES (2018112900,'2018-11-29 08:20:00',1,17,13,27,10,13,'REG');
INSERT INTO `games` VALUES (2018120200,'2018-12-02 01:00:00',1,25,16,6,26,13,'REG');
INSERT INTO `games` VALUES (2018120201,'2018-12-02 01:00:00',1,7,10,15,24,13,'REG');
INSERT INTO `games` VALUES (2018120202,'2018-12-02 01:00:00',1,22,16,31,30,13,'REG');
INSERT INTO `games` VALUES (2018120203,'2018-12-02 01:00:00',1,21,17,30,20,13,'REG');
INSERT INTO `games` VALUES (2018120204,'2018-12-02 01:00:00',1,9,29,8,13,13,'REG');
INSERT INTO `games` VALUES (2018120205,'2018-12-02 01:00:00',1,12,6,11,0,13,'REG');
INSERT INTO `games` VALUES (2018120206,'2018-12-02 01:00:00',1,2,21,3,17,13,'REG');
INSERT INTO `games` VALUES (2018120207,'2018-12-02 01:00:00',1,18,30,24,27,13,'REG');
INSERT INTO `games` VALUES (2018120208,'2018-12-02 08:20:00',1,5,30,16,33,13,'REG');
INSERT INTO `games` VALUES (2018120209,'2018-12-02 01:00:00',1,26,24,28,17,13,'REG');
INSERT INTO `games` VALUES (2018120210,'2018-12-02 04:05:00',1,13,33,14,40,13,'REG');
INSERT INTO `games` VALUES (2018120211,'2018-12-02 04:05:00',1,10,26,4,22,13,'REG');
INSERT INTO `games` VALUES (2018120212,'2018-12-02 04:25:00',1,1,24,23,10,13,'REG');
INSERT INTO `games` VALUES (2018120213,'2018-12-02 04:25:00',1,29,43,32,16,13,'REG');
INSERT INTO `games` VALUES (2018120300,'2018-12-03 08:15:00',1,20,28,19,13,13,'REG');
INSERT INTO `games` VALUES (2018120600,'2018-12-06 08:20:00',1,10,30,12,9,14,'REG');
INSERT INTO `games` VALUES (2018120900,'2018-12-09 01:00:00',1,3,23,4,27,14,'REG');
INSERT INTO `games` VALUES (2018120901,'2018-12-09 08:20:00',1,24,15,31,6,14,'REG');
INSERT INTO `games` VALUES (2018120902,'2018-12-09 01:00:00',1,8,26,28,20,14,'REG');
INSERT INTO `games` VALUES (2018120903,'2018-12-09 01:00:00',1,21,34,25,20,14,'REG');
INSERT INTO `games` VALUES (2018120904,'2018-12-09 01:00:00',1,9,21,11,24,14,'REG');
INSERT INTO `games` VALUES (2018120905,'2018-12-09 01:00:00',1,14,27,6,24,14,'REG');
INSERT INTO `games` VALUES (2018120906,'2018-12-09 01:00:00',1,2,34,1,33,14,'REG');
INSERT INTO `games` VALUES (2018120907,'2018-12-09 01:00:00',1,26,14,27,28,14,'REG');
INSERT INTO `games` VALUES (2018120908,'2018-12-09 01:00:00',1,19,16,18,40,14,'REG');
INSERT INTO `games` VALUES (2018120909,'2018-12-09 04:05:00',1,16,26,7,21,14,'REG');
INSERT INTO `games` VALUES (2018120910,'2018-12-09 04:05:00',1,32,20,15,14,14,'REG');
INSERT INTO `games` VALUES (2018120911,'2018-12-09 04:25:00',1,30,3,22,17,14,'REG');
INSERT INTO `games` VALUES (2018120912,'2018-12-09 04:25:00',1,17,29,20,23,14,'REG');
INSERT INTO `games` VALUES (2018120913,'2018-12-09 04:25:00',1,13,24,5,21,14,'REG');
INSERT INTO `games` VALUES (2018121000,'2018-12-10 08:15:00',1,29,21,23,7,14,'REG');
INSERT INTO `games` VALUES (2018121300,'2018-12-13 08:20:00',1,14,28,16,29,15,'REG');
INSERT INTO `games` VALUES (2018121500,'2018-12-15 04:30:00',1,4,22,9,29,15,'REG');
INSERT INTO `games` VALUES (2018121501,'2018-12-15 08:20:00',1,15,16,8,17,15,'REG');
INSERT INTO `games` VALUES (2018121600,'2018-12-16 01:00:00',1,25,40,30,14,15,'REG');
INSERT INTO `games` VALUES (2018121601,'2018-12-16 01:00:00',1,6,20,26,12,15,'REG');
INSERT INTO `games` VALUES (2018121602,'2018-12-16 01:00:00',1,3,14,22,13,15,'REG');
INSERT INTO `games` VALUES (2018121603,'2018-12-16 01:00:00',1,24,24,21,17,15,'REG');
INSERT INTO `games` VALUES (2018121604,'2018-12-16 01:00:00',1,7,30,13,16,15,'REG');
INSERT INTO `games` VALUES (2018121605,'2018-12-16 01:00:00',1,11,23,17,0,15,'REG');
INSERT INTO `games` VALUES (2018121606,'2018-12-16 01:00:00',1,12,13,19,16,15,'REG');
INSERT INTO `games` VALUES (2018121607,'2018-12-16 01:00:00',1,23,41,2,17,15,'REG');
INSERT INTO `games` VALUES (2018121608,'2018-12-16 01:00:00',1,18,0,10,17,15,'REG');
INSERT INTO `games` VALUES (2018121609,'2018-12-16 04:05:00',1,32,26,29,23,15,'REG');
INSERT INTO `games` VALUES (2018121610,'2018-12-16 04:25:00',1,5,17,1,10,15,'REG');
INSERT INTO `games` VALUES (2018121611,'2018-12-16 08:20:00',1,31,23,20,30,15,'REG');
INSERT INTO `games` VALUES (2018121700,'2018-12-17 08:15:00',1,28,9,27,12,15,'REG');
INSERT INTO `games` VALUES (2018122200,'2018-12-22 04:30:00',1,10,25,19,16,16,'REG');
INSERT INTO `games` VALUES (2018122201,'2018-12-22 08:20:00',1,16,10,6,22,16,'REG');
INSERT INTO `games` VALUES (2018122300,'2018-12-23 01:00:00',1,11,28,18,27,16,'REG');
INSERT INTO `games` VALUES (2018122302,'2018-12-23 01:00:00',1,2,7,12,17,16,'REG');
INSERT INTO `games` VALUES (2018122304,'2018-12-23 01:00:00',1,28,10,25,24,16,'REG');
INSERT INTO `games` VALUES (2018122305,'2018-12-23 01:00:00',1,8,26,7,18,16,'REG');
INSERT INTO `games` VALUES (2018122306,'2018-12-23 01:00:00',1,17,27,26,20,16,'REG');
INSERT INTO `games` VALUES (2018122307,'2018-12-23 01:00:00',1,22,9,23,27,16,'REG');
INSERT INTO `games` VALUES (2018122308,'2018-12-23 01:00:00',1,1,24,3,12,16,'REG');
INSERT INTO `games` VALUES (2018122309,'2018-12-23 01:00:00',1,4,38,21,44,16,'REG');
INSERT INTO `games` VALUES (2018122310,'2018-12-23 01:00:00',1,20,32,9,30,16,'REG');
INSERT INTO `games` VALUES (2018122311,'2018-12-23 04:05:00',1,30,9,31,31,16,'REG');
INSERT INTO `games` VALUES (2018122312,'2018-12-23 04:05:00',1,32,9,24,14,16,'REG');
INSERT INTO `games` VALUES (2018122313,'2018-12-23 04:25:00',1,27,31,5,28,16,'REG');
INSERT INTO `games` VALUES (2018122314,'2018-12-23 08:20:00',1,29,38,14,31,16,'REG');
INSERT INTO `games` VALUES (2018122400,'2018-12-24 08:15:00',1,13,27,15,14,16,'REG');
INSERT INTO `games` VALUES (2018123000,'2018-12-30 04:25:00',1,6,26,8,24,17,'REG');
INSERT INTO `games` VALUES (2018123001,'2018-12-30 01:00:00',1,3,42,2,17,17,'REG');
INSERT INTO `games` VALUES (2018123002,'2018-12-30 01:00:00',1,21,0,22,31,17,'REG');
INSERT INTO `games` VALUES (2018123003,'2018-12-30 01:00:00',1,9,20,12,3,17,'REG');
INSERT INTO `games` VALUES (2018123004,'2018-12-30 04:25:00',1,14,35,13,3,17,'REG');
INSERT INTO `games` VALUES (2018123005,'2018-12-30 04:25:00',1,23,10,24,24,17,'REG');
INSERT INTO `games` VALUES (2018123006,'2018-12-30 01:00:00',1,1,38,4,3,17,'REG');
INSERT INTO `games` VALUES (2018123007,'2018-12-30 01:00:00',1,27,14,28,33,17,'REG');
INSERT INTO `games` VALUES (2018123008,'2018-12-30 01:00:00',1,18,35,17,36,17,'REG');
INSERT INTO `games` VALUES (2018123009,'2018-12-30 04:25:00',1,5,16,7,13,17,'REG');
INSERT INTO `games` VALUES (2018123010,'2018-12-30 01:00:00',1,26,32,25,34,17,'REG');
INSERT INTO `games` VALUES (2018123011,'2018-12-30 08:20:00',1,10,17,11,33,17,'REG');
INSERT INTO `games` VALUES (2018123012,'2018-12-30 04:25:00',1,19,0,20,24,17,'REG');
INSERT INTO `games` VALUES (2018123013,'2018-12-30 04:25:00',1,15,9,16,23,17,'REG');
INSERT INTO `games` VALUES (2018123014,'2018-12-30 04:25:00',1,31,48,32,32,17,'REG');
INSERT INTO `games` VALUES (2018123015,'2018-12-30 04:25:00',1,29,27,30,24,17,'REG');
INSERT INTO `games` VALUES (2019010500,'2019-01-05 04:35:00',1,9,7,11,21,18,'WC');
INSERT INTO `games` VALUES (2019010501,'2019-01-05 08:15:00',1,17,24,29,22,18,'WC');
INSERT INTO `games` VALUES (2019010600,'2019-01-06 01:05:00',1,6,17,16,23,18,'WC');
INSERT INTO `games` VALUES (2019010601,'2019-01-06 04:40:00',1,24,15,20,16,18,'WC');
INSERT INTO `games` VALUES (2019011200,'2019-01-12 04:35:00',1,14,31,11,13,19,'DIV');
INSERT INTO `games` VALUES (2019011201,'2019-01-12 08:15:00',1,31,30,17,22,19,'DIV');
INSERT INTO `games` VALUES (2019011300,'2019-01-13 01:05:00',1,1,41,16,28,19,'DIV');
INSERT INTO `games` VALUES (2019011301,'2019-01-13 04:40:00',1,27,20,20,14,19,'DIV');
INSERT INTO `games` VALUES (2019012000,'2019-01-20 03:05:00',1,27,23,31,26,20,'CON');
INSERT INTO `games` VALUES (2019012001,'2019-01-20 06:40:00',1,14,31,1,37,20,'CON');
INSERT INTO `games` VALUES (2019020300,'2019-02-03 06:30:00',0,31,0,1,0,22,'SB');
/*!40000 ALTER TABLE `games` ENABLE KEYS */;
UNLOCK TABLES;
DROP TABLE IF EXISTS `predictions`;
/*!40101 SET @saved_cs_client     = @@character_set_client */;
/*!40101 SET character_set_client = utf8 */;
CREATE TABLE `predictions` (
  `prediction_id` int(11) NOT NULL AUTO_INCREMENT,
  `user_id` int(11) NOT NULL,
  `game_id` int(11) NOT NULL,
  `predicted` tinyint(1) NOT NULL,
  `home_team_predicted` tinyint(1) DEFAULT NULL,
  PRIMARY KEY (`prediction_id`),
  KEY `user_id` (`user_id`),
  KEY `game_id` (`game_id`),
  CONSTRAINT `predictions_ibfk_1` FOREIGN KEY (`user_id`) REFERENCES `user` (`user_id`),
  CONSTRAINT `predictions_ibfk_2` FOREIGN KEY (`game_id`) REFERENCES `games` (`game_id`)
) ENGINE=InnoDB AUTO_INCREMENT=14383 DEFAULT CHARSET=utf8;
/*!40101 SET character_set_client = @saved_cs_client */;

LOCK TABLES `predictions` WRITE;
/*!40000 ALTER TABLE `predictions` DISABLE KEYS */;
INSERT INTO `predictions` VALUES (10879,30,2018090600,1,0);
INSERT INTO `predictions` VALUES (10880,30,2018090900,1,0);
INSERT INTO `predictions` VALUES (10881,30,2018090901,1,0);
INSERT INTO `predictions` VALUES (10882,30,2018090902,1,0);
INSERT INTO `predictions` VALUES (10883,30,2018090903,1,0);
INSERT INTO `predictions` VALUES (10884,30,2018090904,1,0);
INSERT INTO `predictions` VALUES (10885,30,2018090905,1,0);
INSERT INTO `predictions` VALUES (10886,30,2018090906,1,0);
INSERT INTO `predictions` VALUES (10887,30,2018090907,1,0);
INSERT INTO `predictions` VALUES (10888,30,2018090908,1,0);
INSERT INTO `predictions` VALUES (10889,30,2018090909,1,0);
INSERT INTO `predictions` VALUES (10890,30,2018090910,1,0);
INSERT INTO `predictions` VALUES (10891,30,2018090911,1,0);
INSERT INTO `predictions` VALUES (10892,30,2018090912,1,0);
INSERT INTO `predictions` VALUES (10893,30,2018091000,1,0);
INSERT INTO `predictions` VALUES (10894,30,2018091001,1,0);
INSERT INTO `predictions` VALUES (10895,30,2018091300,0,0);
INSERT INTO `predictions` VALUES (10896,30,2018091600,0,0);
INSERT INTO `predictions` VALUES (10897,30,2018091601,0,0);
INSERT INTO `predictions` VALUES (10898,30,2018091602,0,0);
INSERT INTO `predictions` VALUES (10899,30,2018091603,0,0);
INSERT INTO `predictions` VALUES (10900,30,2018091604,0,0);
INSERT INTO `predictions` VALUES (10901,30,2018091605,0,0);
INSERT INTO `predictions` VALUES (10902,30,2018091606,0,0);
INSERT INTO `predictions` VALUES (10903,30,2018091607,0,0);
INSERT INTO `predictions` VALUES (10904,30,2018091608,0,0);
INSERT INTO `predictions` VALUES (10905,30,2018091609,0,0);
INSERT INTO `predictions` VALUES (10906,30,2018091610,0,0);
INSERT INTO `predictions` VALUES (10907,30,2018091611,0,0);
INSERT INTO `predictions` VALUES (10908,30,2018091612,0,0);
INSERT INTO `predictions` VALUES (10909,30,2018091613,0,0);
INSERT INTO `predictions` VALUES (10910,30,2018091700,0,0);
INSERT INTO `predictions` VALUES (10911,30,2018092000,0,0);
INSERT INTO `predictions` VALUES (10912,30,2018092300,0,0);
INSERT INTO `predictions` VALUES (10913,30,2018092301,0,0);
INSERT INTO `predictions` VALUES (10914,30,2018092302,0,0);
INSERT INTO `predictions` VALUES (10915,30,2018092303,0,0);
INSERT INTO `predictions` VALUES (10916,30,2018092304,0,0);
INSERT INTO `predictions` VALUES (10917,30,2018092305,0,0);
INSERT INTO `predictions` VALUES (10918,30,2018092306,0,0);
INSERT INTO `predictions` VALUES (10919,30,2018092307,0,0);
INSERT INTO `predictions` VALUES (10920,30,2018092308,0,0);
INSERT INTO `predictions` VALUES (10921,30,2018092309,0,0);
INSERT INTO `predictions` VALUES (10922,30,2018092310,0,0);
INSERT INTO `predictions` VALUES (10923,30,2018092311,0,0);
INSERT INTO `predictions` VALUES (10924,30,2018092312,0,0);
INSERT INTO `predictions` VALUES (10925,30,2018092313,0,0);
INSERT INTO `predictions` VALUES (10926,30,2018092400,0,0);
INSERT INTO `predictions` VALUES (10927,30,2018092700,0,0);
INSERT INTO `predictions` VALUES (10928,30,2018093000,0,0);
INSERT INTO `predictions` VALUES (10929,30,2018093001,0,0);
INSERT INTO `predictions` VALUES (10930,30,2018093002,0,0);
INSERT INTO `predictions` VALUES (10931,30,2018093003,0,0);
INSERT INTO `predictions` VALUES (10932,30,2018093004,0,0);
INSERT INTO `predictions` VALUES (10933,30,2018093005,0,0);
INSERT INTO `predictions` VALUES (10934,30,2018093006,0,0);
INSERT INTO `predictions` VALUES (10935,30,2018093007,0,0);
INSERT INTO `predictions` VALUES (10936,30,2018093008,0,0);
INSERT INTO `predictions` VALUES (10937,30,2018093009,0,0);
INSERT INTO `predictions` VALUES (10938,30,2018093010,0,0);
INSERT INTO `predictions` VALUES (10939,30,2018093011,0,0);
INSERT INTO `predictions` VALUES (10940,30,2018093012,0,0);
INSERT INTO `predictions` VALUES (10941,30,2018100100,0,0);
INSERT INTO `predictions` VALUES (10942,30,2018100400,0,0);
INSERT INTO `predictions` VALUES (10943,30,2018100700,0,0);
INSERT INTO `predictions` VALUES (10944,30,2018100701,0,0);
INSERT INTO `predictions` VALUES (10945,30,2018100702,0,0);
INSERT INTO `predictions` VALUES (10946,30,2018100703,0,0);
INSERT INTO `predictions` VALUES (10947,30,2018100704,0,0);
INSERT INTO `predictions` VALUES (10948,30,2018100705,0,0);
INSERT INTO `predictions` VALUES (10949,30,2018100706,0,0);
INSERT INTO `predictions` VALUES (10950,30,2018100707,0,0);
INSERT INTO `predictions` VALUES (10951,30,2018100708,0,0);
INSERT INTO `predictions` VALUES (10952,30,2018100709,0,0);
INSERT INTO `predictions` VALUES (10953,30,2018100710,0,0);
INSERT INTO `predictions` VALUES (10954,30,2018100711,0,0);
INSERT INTO `predictions` VALUES (10955,30,2018100712,0,0);
INSERT INTO `predictions` VALUES (10956,30,2018100800,0,0);
INSERT INTO `predictions` VALUES (10957,30,2018101100,0,0);
INSERT INTO `predictions` VALUES (10958,30,2018101400,0,0);
INSERT INTO `predictions` VALUES (10959,30,2018101401,0,0);
INSERT INTO `predictions` VALUES (10960,30,2018101402,0,0);
INSERT INTO `predictions` VALUES (10961,30,2018101403,0,0);
INSERT INTO `predictions` VALUES (10962,30,2018101404,0,0);
INSERT INTO `predictions` VALUES (10963,30,2018101405,0,0);
INSERT INTO `predictions` VALUES (10964,30,2018101406,0,0);
INSERT INTO `predictions` VALUES (10965,30,2018101407,0,0);
INSERT INTO `predictions` VALUES (10966,30,2018101408,0,0);
INSERT INTO `predictions` VALUES (10967,30,2018101409,0,0);
INSERT INTO `predictions` VALUES (10968,30,2018101410,0,0);
INSERT INTO `predictions` VALUES (10969,30,2018101411,0,0);
INSERT INTO `predictions` VALUES (10970,30,2018101412,0,0);
INSERT INTO `predictions` VALUES (10971,30,2018101500,0,0);
INSERT INTO `predictions` VALUES (10972,30,2018101800,0,0);
INSERT INTO `predictions` VALUES (10973,30,2018102100,0,0);
INSERT INTO `predictions` VALUES (10974,30,2018102101,0,0);
INSERT INTO `predictions` VALUES (10975,30,2018102102,0,0);
INSERT INTO `predictions` VALUES (10976,30,2018102103,0,0);
INSERT INTO `predictions` VALUES (10977,30,2018102104,0,0);
INSERT INTO `predictions` VALUES (10978,30,2018102105,0,0);
INSERT INTO `predictions` VALUES (10979,30,2018102106,0,0);
INSERT INTO `predictions` VALUES (10980,30,2018102107,0,0);
INSERT INTO `predictions` VALUES (10981,30,2018102108,0,0);
INSERT INTO `predictions` VALUES (10982,30,2018102109,0,0);
INSERT INTO `predictions` VALUES (10983,30,2018102110,0,0);
INSERT INTO `predictions` VALUES (10984,30,2018102111,0,0);
INSERT INTO `predictions` VALUES (10985,30,2018102200,0,0);
INSERT INTO `predictions` VALUES (10986,30,2018102500,1,1);
INSERT INTO `predictions` VALUES (10987,30,2018102800,0,0);
INSERT INTO `predictions` VALUES (10988,30,2018102801,0,0);
INSERT INTO `predictions` VALUES (10989,30,2018102802,0,0);
INSERT INTO `predictions` VALUES (10990,30,2018102803,0,0);
INSERT INTO `predictions` VALUES (10991,30,2018102804,0,0);
INSERT INTO `predictions` VALUES (10992,30,2018102805,0,0);
INSERT INTO `predictions` VALUES (10993,30,2018102806,0,0);
INSERT INTO `predictions` VALUES (10994,30,2018102807,0,0);
INSERT INTO `predictions` VALUES (10995,30,2018102808,0,0);
INSERT INTO `predictions` VALUES (10996,30,2018102809,0,0);
INSERT INTO `predictions` VALUES (10997,30,2018102810,0,0);
INSERT INTO `predictions` VALUES (10998,30,2018102811,0,0);
INSERT INTO `predictions` VALUES (10999,30,2018102900,0,0);
INSERT INTO `predictions` VALUES (11000,30,2018110100,0,0);
INSERT INTO `predictions` VALUES (11001,30,2018110400,0,0);
INSERT INTO `predictions` VALUES (11002,30,2018110401,0,0);
INSERT INTO `predictions` VALUES (11003,30,2018110402,0,0);
INSERT INTO `predictions` VALUES (11004,30,2018110403,0,0);
INSERT INTO `predictions` VALUES (11005,30,2018110404,0,0);
INSERT INTO `predictions` VALUES (11006,30,2018110405,0,0);
INSERT INTO `predictions` VALUES (11007,30,2018110406,0,0);
INSERT INTO `predictions` VALUES (11008,30,2018110407,0,0);
INSERT INTO `predictions` VALUES (11009,30,2018110408,0,0);
INSERT INTO `predictions` VALUES (11010,30,2018110409,0,0);
INSERT INTO `predictions` VALUES (11011,30,2018110410,0,0);
INSERT INTO `predictions` VALUES (11012,30,2018110500,0,0);
INSERT INTO `predictions` VALUES (11013,30,2018110800,0,0);
INSERT INTO `predictions` VALUES (11014,30,2018111100,0,0);
INSERT INTO `predictions` VALUES (11015,30,2018111101,0,0);
INSERT INTO `predictions` VALUES (11016,30,2018111102,0,0);
INSERT INTO `predictions` VALUES (11017,30,2018111103,0,0);
INSERT INTO `predictions` VALUES (11018,30,2018111104,0,0);
INSERT INTO `predictions` VALUES (11019,30,2018111105,0,0);
INSERT INTO `predictions` VALUES (11020,30,2018111106,0,0);
INSERT INTO `predictions` VALUES (11021,30,2018111107,0,0);
INSERT INTO `predictions` VALUES (11022,30,2018111108,0,0);
INSERT INTO `predictions` VALUES (11023,30,2018111109,0,0);
INSERT INTO `predictions` VALUES (11024,30,2018111110,0,0);
INSERT INTO `predictions` VALUES (11025,30,2018111111,0,0);
INSERT INTO `predictions` VALUES (11026,30,2018111200,0,0);
INSERT INTO `predictions` VALUES (11027,30,2018111500,0,0);
INSERT INTO `predictions` VALUES (11028,30,2018111800,0,0);
INSERT INTO `predictions` VALUES (11029,30,2018111801,0,0);
INSERT INTO `predictions` VALUES (11030,30,2018111802,0,0);
INSERT INTO `predictions` VALUES (11031,30,2018111803,0,0);
INSERT INTO `predictions` VALUES (11032,30,2018111804,0,0);
INSERT INTO `predictions` VALUES (11033,30,2018111805,0,0);
INSERT INTO `predictions` VALUES (11034,30,2018111806,0,0);
INSERT INTO `predictions` VALUES (11035,30,2018111807,0,0);
INSERT INTO `predictions` VALUES (11036,30,2018111808,0,0);
INSERT INTO `predictions` VALUES (11037,30,2018111809,0,0);
INSERT INTO `predictions` VALUES (11038,30,2018111810,0,0);
INSERT INTO `predictions` VALUES (11039,30,2018111900,0,0);
INSERT INTO `predictions` VALUES (11040,30,2018112200,0,0);
INSERT INTO `predictions` VALUES (11041,30,2018112201,0,0);
INSERT INTO `predictions` VALUES (11042,30,2018112202,0,0);
INSERT INTO `predictions` VALUES (11043,30,2018112500,0,0);
INSERT INTO `predictions` VALUES (11044,30,2018112501,0,0);
INSERT INTO `predictions` VALUES (11045,30,2018112502,0,0);
INSERT INTO `predictions` VALUES (11046,30,2018112503,0,0);
INSERT INTO `predictions` VALUES (11047,30,2018112504,0,0);
INSERT INTO `predictions` VALUES (11048,30,2018112505,0,0);
INSERT INTO `predictions` VALUES (11049,30,2018112506,0,0);
INSERT INTO `predictions` VALUES (11050,30,2018112507,0,0);
INSERT INTO `predictions` VALUES (11051,30,2018112508,0,0);
INSERT INTO `predictions` VALUES (11052,30,2018112509,0,0);
INSERT INTO `predictions` VALUES (11053,30,2018112510,0,0);
INSERT INTO `predictions` VALUES (11054,30,2018112600,0,0);
INSERT INTO `predictions` VALUES (11055,30,2018112900,0,0);
INSERT INTO `predictions` VALUES (11056,30,2018120200,0,0);
INSERT INTO `predictions` VALUES (11057,30,2018120201,0,0);
INSERT INTO `predictions` VALUES (11058,30,2018120202,0,0);
INSERT INTO `predictions` VALUES (11059,30,2018120203,0,0);
INSERT INTO `predictions` VALUES (11060,30,2018120204,0,0);
INSERT INTO `predictions` VALUES (11061,30,2018120205,0,0);
INSERT INTO `predictions` VALUES (11062,30,2018120206,0,0);
INSERT INTO `predictions` VALUES (11063,30,2018120207,0,0);
INSERT INTO `predictions` VALUES (11064,30,2018120208,0,0);
INSERT INTO `predictions` VALUES (11065,30,2018120209,0,0);
INSERT INTO `predictions` VALUES (11066,30,2018120210,1,0);
INSERT INTO `predictions` VALUES (11067,30,2018120211,1,0);
INSERT INTO `predictions` VALUES (11068,30,2018120212,1,1);
INSERT INTO `predictions` VALUES (11069,30,2018120213,1,1);
INSERT INTO `predictions` VALUES (11070,30,2018120300,0,0);
INSERT INTO `predictions` VALUES (11071,30,2018120600,0,0);
INSERT INTO `predictions` VALUES (11072,30,2018120900,0,0);
INSERT INTO `predictions` VALUES (11073,30,2018120901,0,0);
INSERT INTO `predictions` VALUES (11074,30,2018120902,0,0);
INSERT INTO `predictions` VALUES (11075,30,2018120903,0,0);
INSERT INTO `predictions` VALUES (11076,30,2018120904,0,0);
INSERT INTO `predictions` VALUES (11077,30,2018120905,0,0);
INSERT INTO `predictions` VALUES (11078,30,2018120906,0,0);
INSERT INTO `predictions` VALUES (11079,30,2018120907,0,0);
INSERT INTO `predictions` VALUES (11080,30,2018120908,0,0);
INSERT INTO `predictions` VALUES (11081,30,2018120909,0,0);
INSERT INTO `predictions` VALUES (11082,30,2018120910,0,0);
INSERT INTO `predictions` VALUES (11083,30,2018120911,0,0);
INSERT INTO `predictions` VALUES (11084,30,2018120912,0,0);
INSERT INTO `predictions` VALUES (11085,30,2018120913,0,0);
INSERT INTO `predictions` VALUES (11086,30,2018121000,0,0);
INSERT INTO `predictions` VALUES (11087,30,2018121300,1,0);
INSERT INTO `predictions` VALUES (11088,30,2018121500,0,0);
INSERT INTO `predictions` VALUES (11089,30,2018121501,0,0);
INSERT INTO `predictions` VALUES (11090,30,2018121600,0,0);
INSERT INTO `predictions` VALUES (11091,30,2018121601,0,0);
INSERT INTO `predictions` VALUES (11092,30,2018121602,0,0);
INSERT INTO `predictions` VALUES (11093,30,2018121603,0,0);
INSERT INTO `predictions` VALUES (11094,30,2018121604,0,0);
INSERT INTO `predictions` VALUES (11095,30,2018121605,0,0);
INSERT INTO `predictions` VALUES (11096,30,2018121606,0,0);
INSERT INTO `predictions` VALUES (11097,30,2018121607,0,0);
INSERT INTO `predictions` VALUES (11098,30,2018121608,0,0);
INSERT INTO `predictions` VALUES (11099,30,2018121609,0,0);
INSERT INTO `predictions` VALUES (11100,30,2018121610,0,0);
INSERT INTO `predictions` VALUES (11101,30,2018121611,0,0);
INSERT INTO `predictions` VALUES (11102,30,2018121700,0,0);
INSERT INTO `predictions` VALUES (11103,30,2018122300,0,0);
INSERT INTO `predictions` VALUES (11105,30,2018122302,0,0);
INSERT INTO `predictions` VALUES (11107,30,2018122304,0,0);
INSERT INTO `predictions` VALUES (11108,30,2018122305,0,0);
INSERT INTO `predictions` VALUES (11109,30,2018122306,0,0);
INSERT INTO `predictions` VALUES (11110,30,2018122307,0,0);
INSERT INTO `predictions` VALUES (11111,30,2018122308,0,0);
INSERT INTO `predictions` VALUES (11112,30,2018122309,0,0);
INSERT INTO `predictions` VALUES (11113,30,2018122310,0,0);
INSERT INTO `predictions` VALUES (11114,30,2018122311,0,0);
INSERT INTO `predictions` VALUES (11115,30,2018122312,0,0);
INSERT INTO `predictions` VALUES (11116,30,2018122313,0,0);
INSERT INTO `predictions` VALUES (11117,30,2018122314,0,0);
INSERT INTO `predictions` VALUES (11118,30,2018122400,0,0);
INSERT INTO `predictions` VALUES (11119,30,2018123000,0,0);
INSERT INTO `predictions` VALUES (11120,30,2018123001,0,0);
INSERT INTO `predictions` VALUES (11121,30,2018123002,0,0);
INSERT INTO `predictions` VALUES (11122,30,2018123003,0,0);
INSERT INTO `predictions` VALUES (11123,30,2018123004,0,0);
INSERT INTO `predictions` VALUES (11124,30,2018123005,0,0);
INSERT INTO `predictions` VALUES (11125,30,2018123006,0,0);
INSERT INTO `predictions` VALUES (11126,30,2018123007,0,0);
INSERT INTO `predictions` VALUES (11127,30,2018123008,0,0);
INSERT INTO `predictions` VALUES (11128,30,2018123009,0,0);
INSERT INTO `predictions` VALUES (11129,30,2018123010,0,0);
INSERT INTO `predictions` VALUES (11130,30,2018123011,0,0);
INSERT INTO `predictions` VALUES (11131,30,2018123012,0,0);
INSERT INTO `predictions` VALUES (11132,30,2018123013,0,0);
INSERT INTO `predictions` VALUES (11133,30,2018123014,0,0);
INSERT INTO `predictions` VALUES (11134,30,2018123015,0,0);
INSERT INTO `predictions` VALUES (11390,31,2018090600,0,0);
INSERT INTO `predictions` VALUES (11391,31,2018090900,1,0);
INSERT INTO `predictions` VALUES (11392,31,2018090901,1,0);
INSERT INTO `predictions` VALUES (11393,31,2018090902,1,0);
INSERT INTO `predictions` VALUES (11394,31,2018090903,1,1);
INSERT INTO `predictions` VALUES (11395,31,2018090904,1,0);
INSERT INTO `predictions` VALUES (11396,31,2018090905,1,1);
INSERT INTO `predictions` VALUES (11397,31,2018090906,1,1);
INSERT INTO `predictions` VALUES (11398,31,2018090907,1,0);
INSERT INTO `predictions` VALUES (11399,31,2018090908,1,1);
INSERT INTO `predictions` VALUES (11400,31,2018090909,1,1);
INSERT INTO `predictions` VALUES (11401,31,2018090910,1,1);
INSERT INTO `predictions` VALUES (11402,31,2018090911,1,1);
INSERT INTO `predictions` VALUES (11403,31,2018090912,1,1);
INSERT INTO `predictions` VALUES (11404,31,2018091000,1,1);
INSERT INTO `predictions` VALUES (11405,31,2018091001,1,0);
INSERT INTO `predictions` VALUES (11406,31,2018091300,0,0);
INSERT INTO `predictions` VALUES (11407,31,2018091600,1,1);
INSERT INTO `predictions` VALUES (11408,31,2018091601,1,1);
INSERT INTO `predictions` VALUES (11409,31,2018091602,1,1);
INSERT INTO `predictions` VALUES (11410,31,2018091603,1,1);
INSERT INTO `predictions` VALUES (11411,31,2018091604,1,0);
INSERT INTO `predictions` VALUES (11412,31,2018091605,1,1);
INSERT INTO `predictions` VALUES (11413,31,2018091606,1,0);
INSERT INTO `predictions` VALUES (11414,31,2018091607,1,1);
INSERT INTO `predictions` VALUES (11415,31,2018091608,1,0);
INSERT INTO `predictions` VALUES (11416,31,2018091609,1,1);
INSERT INTO `predictions` VALUES (11417,31,2018091610,1,1);
INSERT INTO `predictions` VALUES (11418,31,2018091611,1,1);
INSERT INTO `predictions` VALUES (11419,31,2018091612,1,0);
INSERT INTO `predictions` VALUES (11420,31,2018091613,1,1);
INSERT INTO `predictions` VALUES (11421,31,2018091700,1,0);
INSERT INTO `predictions` VALUES (11422,31,2018092000,1,1);
INSERT INTO `predictions` VALUES (11423,31,2018092300,1,0);
INSERT INTO `predictions` VALUES (11424,31,2018092301,1,1);
INSERT INTO `predictions` VALUES (11425,31,2018092302,1,0);
INSERT INTO `predictions` VALUES (11426,31,2018092303,1,1);
INSERT INTO `predictions` VALUES (11427,31,2018092304,1,1);
INSERT INTO `predictions` VALUES (11428,31,2018092305,1,1);
INSERT INTO `predictions` VALUES (11429,31,2018092306,1,1);
INSERT INTO `predictions` VALUES (11430,31,2018092307,1,1);
INSERT INTO `predictions` VALUES (11431,31,2018092308,1,1);
INSERT INTO `predictions` VALUES (11432,31,2018092309,1,0);
INSERT INTO `predictions` VALUES (11433,31,2018092310,1,1);
INSERT INTO `predictions` VALUES (11434,31,2018092311,1,1);
INSERT INTO `predictions` VALUES (11435,31,2018092312,1,0);
INSERT INTO `predictions` VALUES (11436,31,2018092313,1,0);
INSERT INTO `predictions` VALUES (11437,31,2018092400,1,1);
INSERT INTO `predictions` VALUES (11438,31,2018092700,1,1);
INSERT INTO `predictions` VALUES (11439,31,2018093000,1,0);
INSERT INTO `predictions` VALUES (11440,31,2018093001,1,1);
INSERT INTO `predictions` VALUES (11441,31,2018093002,1,0);
INSERT INTO `predictions` VALUES (11442,31,2018093003,1,1);
INSERT INTO `predictions` VALUES (11443,31,2018093004,1,1);
INSERT INTO `predictions` VALUES (11444,31,2018093005,1,1);
INSERT INTO `predictions` VALUES (11445,31,2018093006,1,1);
INSERT INTO `predictions` VALUES (11446,31,2018093007,1,0);
INSERT INTO `predictions` VALUES (11447,31,2018093008,1,0);
INSERT INTO `predictions` VALUES (11448,31,2018093009,1,0);
INSERT INTO `predictions` VALUES (11449,31,2018093010,1,1);
INSERT INTO `predictions` VALUES (11450,31,2018093011,1,0);
INSERT INTO `predictions` VALUES (11451,31,2018093012,1,0);
INSERT INTO `predictions` VALUES (11452,31,2018100100,1,0);
INSERT INTO `predictions` VALUES (11453,31,2018100400,1,1);
INSERT INTO `predictions` VALUES (11454,31,2018100700,1,1);
INSERT INTO `predictions` VALUES (11455,31,2018100701,1,1);
INSERT INTO `predictions` VALUES (11456,31,2018100702,1,1);
INSERT INTO `predictions` VALUES (11457,31,2018100703,1,0);
INSERT INTO `predictions` VALUES (11458,31,2018100704,1,0);
INSERT INTO `predictions` VALUES (11459,31,2018100705,1,1);
INSERT INTO `predictions` VALUES (11460,31,2018100706,1,0);
INSERT INTO `predictions` VALUES (11461,31,2018100707,1,1);
INSERT INTO `predictions` VALUES (11462,31,2018100708,1,1);
INSERT INTO `predictions` VALUES (11463,31,2018100709,1,1);
INSERT INTO `predictions` VALUES (11464,31,2018100710,1,1);
INSERT INTO `predictions` VALUES (11465,31,2018100711,1,0);
INSERT INTO `predictions` VALUES (11466,31,2018100712,1,1);
INSERT INTO `predictions` VALUES (11467,31,2018100800,1,1);
INSERT INTO `predictions` VALUES (11468,31,2018101100,1,0);
INSERT INTO `predictions` VALUES (11469,31,2018101400,1,0);
INSERT INTO `predictions` VALUES (11470,31,2018101401,1,1);
INSERT INTO `predictions` VALUES (11471,31,2018101402,1,0);
INSERT INTO `predictions` VALUES (11472,31,2018101403,1,1);
INSERT INTO `predictions` VALUES (11473,31,2018101404,1,0);
INSERT INTO `predictions` VALUES (11474,31,2018101405,1,1);
INSERT INTO `predictions` VALUES (11475,31,2018101406,1,1);
INSERT INTO `predictions` VALUES (11476,31,2018101407,1,0);
INSERT INTO `predictions` VALUES (11477,31,2018101408,1,0);
INSERT INTO `predictions` VALUES (11478,31,2018101409,1,0);
INSERT INTO `predictions` VALUES (11479,31,2018101410,1,0);
INSERT INTO `predictions` VALUES (11480,31,2018101411,1,1);
INSERT INTO `predictions` VALUES (11481,31,2018101412,1,0);
INSERT INTO `predictions` VALUES (11482,31,2018101500,1,1);
INSERT INTO `predictions` VALUES (11483,31,2018101800,1,0);
INSERT INTO `predictions` VALUES (11484,31,2018102100,1,1);
INSERT INTO `predictions` VALUES (11485,31,2018102101,1,0);
INSERT INTO `predictions` VALUES (11486,31,2018102102,1,0);
INSERT INTO `predictions` VALUES (11487,31,2018102103,1,1);
INSERT INTO `predictions` VALUES (11488,31,2018102104,1,1);
INSERT INTO `predictions` VALUES (11489,31,2018102105,1,1);
INSERT INTO `predictions` VALUES (11490,31,2018102106,1,0);
INSERT INTO `predictions` VALUES (11491,31,2018102107,1,1);
INSERT INTO `predictions` VALUES (11492,31,2018102108,1,1);
INSERT INTO `predictions` VALUES (11493,31,2018102109,1,0);
INSERT INTO `predictions` VALUES (11494,31,2018102110,1,1);
INSERT INTO `predictions` VALUES (11495,31,2018102111,1,0);
INSERT INTO `predictions` VALUES (11496,31,2018102200,1,1);
INSERT INTO `predictions` VALUES (11497,31,2018102500,1,1);
INSERT INTO `predictions` VALUES (11498,31,2018102800,1,0);
INSERT INTO `predictions` VALUES (11499,31,2018102801,1,0);
INSERT INTO `predictions` VALUES (11500,31,2018102802,1,1);
INSERT INTO `predictions` VALUES (11501,31,2018102803,1,1);
INSERT INTO `predictions` VALUES (11502,31,2018102804,1,0);
INSERT INTO `predictions` VALUES (11503,31,2018102805,1,1);
INSERT INTO `predictions` VALUES (11504,31,2018102806,1,0);
INSERT INTO `predictions` VALUES (11505,31,2018102807,1,1);
INSERT INTO `predictions` VALUES (11506,31,2018102808,1,0);
INSERT INTO `predictions` VALUES (11507,31,2018102809,1,0);
INSERT INTO `predictions` VALUES (11508,31,2018102810,1,1);
INSERT INTO `predictions` VALUES (11509,31,2018102811,1,0);
INSERT INTO `predictions` VALUES (11510,31,2018102900,1,0);
INSERT INTO `predictions` VALUES (11511,31,2018110100,1,1);
INSERT INTO `predictions` VALUES (11512,31,2018110400,1,0);
INSERT INTO `predictions` VALUES (11513,31,2018110401,1,0);
INSERT INTO `predictions` VALUES (11514,31,2018110402,1,1);
INSERT INTO `predictions` VALUES (11515,31,2018110403,1,0);
INSERT INTO `predictions` VALUES (11516,31,2018110404,1,0);
INSERT INTO `predictions` VALUES (11517,31,2018110405,1,1);
INSERT INTO `predictions` VALUES (11518,31,2018110406,1,1);
INSERT INTO `predictions` VALUES (11519,31,2018110407,1,0);
INSERT INTO `predictions` VALUES (11520,31,2018110408,1,0);
INSERT INTO `predictions` VALUES (11521,31,2018110409,1,0);
INSERT INTO `predictions` VALUES (11522,31,2018110410,1,1);
INSERT INTO `predictions` VALUES (11523,31,2018110500,1,0);
INSERT INTO `predictions` VALUES (11524,31,2018110800,1,0);
INSERT INTO `predictions` VALUES (11525,31,2018111100,1,1);
INSERT INTO `predictions` VALUES (11526,31,2018111101,1,0);
INSERT INTO `predictions` VALUES (11527,31,2018111102,1,0);
INSERT INTO `predictions` VALUES (11528,31,2018111103,1,1);
INSERT INTO `predictions` VALUES (11529,31,2018111104,1,0);
INSERT INTO `predictions` VALUES (11530,31,2018111105,1,1);
INSERT INTO `predictions` VALUES (11531,31,2018111106,1,1);
INSERT INTO `predictions` VALUES (11532,31,2018111107,1,0);
INSERT INTO `predictions` VALUES (11533,31,2018111108,1,0);
INSERT INTO `predictions` VALUES (11534,31,2018111109,1,0);
INSERT INTO `predictions` VALUES (11535,31,2018111110,1,1);
INSERT INTO `predictions` VALUES (11536,31,2018111111,1,1);
INSERT INTO `predictions` VALUES (11537,31,2018111200,1,1);
INSERT INTO `predictions` VALUES (11538,31,2018111500,1,0);
INSERT INTO `predictions` VALUES (11539,31,2018111800,1,1);
INSERT INTO `predictions` VALUES (11540,31,2018111801,1,1);
INSERT INTO `predictions` VALUES (11541,31,2018111802,1,0);
INSERT INTO `predictions` VALUES (11542,31,2018111803,1,0);
INSERT INTO `predictions` VALUES (11543,31,2018111804,1,0);
INSERT INTO `predictions` VALUES (11544,31,2018111805,1,0);
INSERT INTO `predictions` VALUES (11545,31,2018111806,1,1);
INSERT INTO `predictions` VALUES (11546,31,2018111807,1,1);
INSERT INTO `predictions` VALUES (11547,31,2018111808,1,1);
INSERT INTO `predictions` VALUES (11548,31,2018111809,1,1);
INSERT INTO `predictions` VALUES (11549,31,2018111810,1,0);
INSERT INTO `predictions` VALUES (11550,31,2018111900,1,1);
INSERT INTO `predictions` VALUES (11551,31,2018112200,1,0);
INSERT INTO `predictions` VALUES (11552,31,2018112201,1,1);
INSERT INTO `predictions` VALUES (11553,31,2018112202,1,1);
INSERT INTO `predictions` VALUES (11554,31,2018112500,1,1);
INSERT INTO `predictions` VALUES (11555,31,2018112501,1,1);
INSERT INTO `predictions` VALUES (11556,31,2018112502,1,0);
INSERT INTO `predictions` VALUES (11557,31,2018112503,1,1);
INSERT INTO `predictions` VALUES (11558,31,2018112504,1,1);
INSERT INTO `predictions` VALUES (11559,31,2018112505,1,0);
INSERT INTO `predictions` VALUES (11560,31,2018112506,1,1);
INSERT INTO `predictions` VALUES (11561,31,2018112507,1,0);
INSERT INTO `predictions` VALUES (11562,31,2018112508,1,1);
INSERT INTO `predictions` VALUES (11563,31,2018112509,1,0);
INSERT INTO `predictions` VALUES (11564,31,2018112510,1,0);
INSERT INTO `predictions` VALUES (11565,31,2018112600,1,1);
INSERT INTO `predictions` VALUES (11566,31,2018112900,1,0);
INSERT INTO `predictions` VALUES (11567,31,2018120200,1,1);
INSERT INTO `predictions` VALUES (11568,31,2018120201,1,1);
INSERT INTO `predictions` VALUES (11569,31,2018120202,1,0);
INSERT INTO `predictions` VALUES (11570,31,2018120203,1,1);
INSERT INTO `predictions` VALUES (11571,31,2018120204,1,1);
INSERT INTO `predictions` VALUES (11572,31,2018120205,1,0);
INSERT INTO `predictions` VALUES (11573,31,2018120206,1,1);
INSERT INTO `predictions` VALUES (11574,31,2018120207,1,0);
INSERT INTO `predictions` VALUES (11575,31,2018120208,1,0);
INSERT INTO `predictions` VALUES (11576,31,2018120209,1,0);
INSERT INTO `predictions` VALUES (11577,31,2018120210,1,0);
INSERT INTO `predictions` VALUES (11578,31,2018120211,1,1);
INSERT INTO `predictions` VALUES (11579,31,2018120212,1,1);
INSERT INTO `predictions` VALUES (11580,31,2018120213,1,1);
INSERT INTO `predictions` VALUES (11581,31,2018120300,1,1);
INSERT INTO `predictions` VALUES (11582,31,2018120600,1,1);
INSERT INTO `predictions` VALUES (11583,31,2018120900,1,1);
INSERT INTO `predictions` VALUES (11584,31,2018120901,1,0);
INSERT INTO `predictions` VALUES (11585,31,2018120902,1,0);
INSERT INTO `predictions` VALUES (11586,31,2018120903,1,0);
INSERT INTO `predictions` VALUES (11587,31,2018120904,1,0);
INSERT INTO `predictions` VALUES (11588,31,2018120905,1,1);
INSERT INTO `predictions` VALUES (11589,31,2018120906,1,0);
INSERT INTO `predictions` VALUES (11590,31,2018120907,1,0);
INSERT INTO `predictions` VALUES (11591,31,2018120908,1,0);
INSERT INTO `predictions` VALUES (11592,31,2018120909,1,1);
INSERT INTO `predictions` VALUES (11593,31,2018120910,1,0);
INSERT INTO `predictions` VALUES (11594,31,2018120911,1,0);
INSERT INTO `predictions` VALUES (11595,31,2018120912,1,0);
INSERT INTO `predictions` VALUES (11596,31,2018120913,1,0);
INSERT INTO `predictions` VALUES (11597,31,2018121000,1,1);
INSERT INTO `predictions` VALUES (11598,31,2018121300,1,0);
INSERT INTO `predictions` VALUES (11599,31,2018121500,1,0);
INSERT INTO `predictions` VALUES (11600,31,2018121501,1,0);
INSERT INTO `predictions` VALUES (11601,31,2018121600,1,1);
INSERT INTO `predictions` VALUES (11602,31,2018121601,1,1);
INSERT INTO `predictions` VALUES (11603,31,2018121602,1,1);
INSERT INTO `predictions` VALUES (11604,31,2018121603,1,1);
INSERT INTO `predictions` VALUES (11605,31,2018121604,1,1);
INSERT INTO `predictions` VALUES (11606,31,2018121605,1,0);
INSERT INTO `predictions` VALUES (11607,31,2018121606,1,1);
INSERT INTO `predictions` VALUES (11608,31,2018121607,1,0);
INSERT INTO `predictions` VALUES (11609,31,2018121608,1,1);
INSERT INTO `predictions` VALUES (11610,31,2018121609,1,0);
INSERT INTO `predictions` VALUES (11611,31,2018121610,1,0);
INSERT INTO `predictions` VALUES (11612,31,2018121611,1,1);
INSERT INTO `predictions` VALUES (11613,31,2018121700,1,0);
INSERT INTO `predictions` VALUES (11614,31,2018122300,1,1);
INSERT INTO `predictions` VALUES (11616,31,2018122302,1,1);
INSERT INTO `predictions` VALUES (11618,31,2018122304,1,1);
INSERT INTO `predictions` VALUES (11619,31,2018122305,1,0);
INSERT INTO `predictions` VALUES (11620,31,2018122306,1,1);
INSERT INTO `predictions` VALUES (11621,31,2018122307,1,0);
INSERT INTO `predictions` VALUES (11622,31,2018122308,1,1);
INSERT INTO `predictions` VALUES (11623,31,2018122309,1,0);
INSERT INTO `predictions` VALUES (11624,31,2018122310,1,1);
INSERT INTO `predictions` VALUES (11625,31,2018122311,1,0);
INSERT INTO `predictions` VALUES (11626,31,2018122312,1,0);
INSERT INTO `predictions` VALUES (11627,31,2018122313,1,1);
INSERT INTO `predictions` VALUES (11628,31,2018122314,1,0);
INSERT INTO `predictions` VALUES (11629,31,2018122400,1,0);
INSERT INTO `predictions` VALUES (11630,31,2018123000,1,1);
INSERT INTO `predictions` VALUES (11631,31,2018123001,1,1);
INSERT INTO `predictions` VALUES (11632,31,2018123002,1,1);
INSERT INTO `predictions` VALUES (11633,31,2018123003,1,1);
INSERT INTO `predictions` VALUES (11634,31,2018123004,1,1);
INSERT INTO `predictions` VALUES (11635,31,2018123005,1,1);
INSERT INTO `predictions` VALUES (11636,31,2018123006,1,1);
INSERT INTO `predictions` VALUES (11637,31,2018123007,1,1);
INSERT INTO `predictions` VALUES (11638,31,2018123008,1,0);
INSERT INTO `predictions` VALUES (11639,31,2018123009,1,1);
INSERT INTO `predictions` VALUES (11640,31,2018123010,1,0);
INSERT INTO `predictions` VALUES (11641,31,2018123011,1,0);
INSERT INTO `predictions` VALUES (11642,31,2018123012,1,0);
INSERT INTO `predictions` VALUES (11643,31,2018123013,1,0);
INSERT INTO `predictions` VALUES (11644,31,2018123014,1,1);
INSERT INTO `predictions` VALUES (11645,31,2018123015,1,1);
INSERT INTO `predictions` VALUES (11901,32,2018090600,1,0);
INSERT INTO `predictions` VALUES (11902,32,2018090900,1,1);
INSERT INTO `predictions` VALUES (11903,32,2018090901,1,0);
INSERT INTO `predictions` VALUES (11904,32,2018090902,1,0);
INSERT INTO `predictions` VALUES (11905,32,2018090903,1,0);
INSERT INTO `predictions` VALUES (11906,32,2018090904,1,1);
INSERT INTO `predictions` VALUES (11907,32,2018090905,1,1);
INSERT INTO `predictions` VALUES (11908,32,2018090906,1,1);
INSERT INTO `predictions` VALUES (11909,32,2018090907,1,0);
INSERT INTO `predictions` VALUES (11910,32,2018090908,1,0);
INSERT INTO `predictions` VALUES (11911,32,2018090909,1,0);
INSERT INTO `predictions` VALUES (11912,32,2018090910,1,1);
INSERT INTO `predictions` VALUES (11913,32,2018090911,1,0);
INSERT INTO `predictions` VALUES (11914,32,2018090912,1,1);
INSERT INTO `predictions` VALUES (11915,32,2018091000,1,1);
INSERT INTO `predictions` VALUES (11916,32,2018091001,1,0);
INSERT INTO `predictions` VALUES (11917,32,2018091300,1,0);
INSERT INTO `predictions` VALUES (11918,32,2018091600,1,1);
INSERT INTO `predictions` VALUES (11919,32,2018091601,1,0);
INSERT INTO `predictions` VALUES (11920,32,2018091602,1,0);
INSERT INTO `predictions` VALUES (11921,32,2018091603,1,1);
INSERT INTO `predictions` VALUES (11922,32,2018091604,1,0);
INSERT INTO `predictions` VALUES (11923,32,2018091605,1,0);
INSERT INTO `predictions` VALUES (11924,32,2018091606,1,0);
INSERT INTO `predictions` VALUES (11925,32,2018091607,1,0);
INSERT INTO `predictions` VALUES (11926,32,2018091608,1,1);
INSERT INTO `predictions` VALUES (11927,32,2018091609,1,1);
INSERT INTO `predictions` VALUES (11928,32,2018091610,1,1);
INSERT INTO `predictions` VALUES (11929,32,2018091611,1,1);
INSERT INTO `predictions` VALUES (11930,32,2018091612,1,1);
INSERT INTO `predictions` VALUES (11931,32,2018091613,1,1);
INSERT INTO `predictions` VALUES (11932,32,2018091700,1,1);
INSERT INTO `predictions` VALUES (11933,32,2018092000,1,1);
INSERT INTO `predictions` VALUES (11934,32,2018092300,1,1);
INSERT INTO `predictions` VALUES (11935,32,2018092301,1,1);
INSERT INTO `predictions` VALUES (11936,32,2018092302,1,1);
INSERT INTO `predictions` VALUES (11937,32,2018092303,1,1);
INSERT INTO `predictions` VALUES (11938,32,2018092304,1,1);
INSERT INTO `predictions` VALUES (11939,32,2018092305,1,1);
INSERT INTO `predictions` VALUES (11940,32,2018092306,1,1);
INSERT INTO `predictions` VALUES (11941,32,2018092307,1,1);
INSERT INTO `predictions` VALUES (11942,32,2018092308,1,1);
INSERT INTO `predictions` VALUES (11943,32,2018092309,1,0);
INSERT INTO `predictions` VALUES (11944,32,2018092310,1,1);
INSERT INTO `predictions` VALUES (11945,32,2018092311,1,0);
INSERT INTO `predictions` VALUES (11946,32,2018092312,1,1);
INSERT INTO `predictions` VALUES (11947,32,2018092313,1,0);
INSERT INTO `predictions` VALUES (11948,32,2018092400,1,1);
INSERT INTO `predictions` VALUES (11949,32,2018092700,1,1);
INSERT INTO `predictions` VALUES (11950,32,2018093000,1,1);
INSERT INTO `predictions` VALUES (11951,32,2018093001,1,0);
INSERT INTO `predictions` VALUES (11952,32,2018093002,1,1);
INSERT INTO `predictions` VALUES (11953,32,2018093003,1,1);
INSERT INTO `predictions` VALUES (11954,32,2018093004,1,0);
INSERT INTO `predictions` VALUES (11955,32,2018093005,1,1);
INSERT INTO `predictions` VALUES (11956,32,2018093006,1,1);
INSERT INTO `predictions` VALUES (11957,32,2018093007,1,0);
INSERT INTO `predictions` VALUES (11958,32,2018093008,1,0);
INSERT INTO `predictions` VALUES (11959,32,2018093009,1,1);
INSERT INTO `predictions` VALUES (11960,32,2018093010,1,1);
INSERT INTO `predictions` VALUES (11961,32,2018093011,1,0);
INSERT INTO `predictions` VALUES (11962,32,2018093012,1,0);
INSERT INTO `predictions` VALUES (11963,32,2018100100,1,0);
INSERT INTO `predictions` VALUES (11964,32,2018100400,1,1);
INSERT INTO `predictions` VALUES (11965,32,2018100700,1,0);
INSERT INTO `predictions` VALUES (11966,32,2018100701,1,1);
INSERT INTO `predictions` VALUES (11967,32,2018100702,1,1);
INSERT INTO `predictions` VALUES (11968,32,2018100703,1,0);
INSERT INTO `predictions` VALUES (11969,32,2018100704,1,0);
INSERT INTO `predictions` VALUES (11970,32,2018100705,1,1);
INSERT INTO `predictions` VALUES (11971,32,2018100706,1,0);
INSERT INTO `predictions` VALUES (11972,32,2018100707,1,0);
INSERT INTO `predictions` VALUES (11973,32,2018100708,1,1);
INSERT INTO `predictions` VALUES (11974,32,2018100709,1,1);
INSERT INTO `predictions` VALUES (11975,32,2018100710,1,0);
INSERT INTO `predictions` VALUES (11976,32,2018100711,1,0);
INSERT INTO `predictions` VALUES (11977,32,2018100712,1,0);
INSERT INTO `predictions` VALUES (11978,32,2018100800,1,1);
INSERT INTO `predictions` VALUES (11979,32,2018101100,1,0);
INSERT INTO `predictions` VALUES (11980,32,2018101400,1,1);
INSERT INTO `predictions` VALUES (11981,32,2018101401,1,1);
INSERT INTO `predictions` VALUES (11982,32,2018101402,1,0);
INSERT INTO `predictions` VALUES (11983,32,2018101403,1,1);
INSERT INTO `predictions` VALUES (11984,32,2018101404,1,0);
INSERT INTO `predictions` VALUES (11985,32,2018101405,1,1);
INSERT INTO `predictions` VALUES (11986,32,2018101406,1,1);
INSERT INTO `predictions` VALUES (11987,32,2018101407,1,0);
INSERT INTO `predictions` VALUES (11988,32,2018101408,1,0);
INSERT INTO `predictions` VALUES (11989,32,2018101409,1,0);
INSERT INTO `predictions` VALUES (11990,32,2018101410,1,0);
INSERT INTO `predictions` VALUES (11991,32,2018101411,1,0);
INSERT INTO `predictions` VALUES (11992,32,2018101412,1,0);
INSERT INTO `predictions` VALUES (11993,32,2018101500,1,1);
INSERT INTO `predictions` VALUES (11994,32,2018101800,1,0);
INSERT INTO `predictions` VALUES (11995,32,2018102100,1,1);
INSERT INTO `predictions` VALUES (11996,32,2018102101,1,0);
INSERT INTO `predictions` VALUES (11997,32,2018102102,1,1);
INSERT INTO `predictions` VALUES (11998,32,2018102103,1,0);
INSERT INTO `predictions` VALUES (11999,32,2018102104,1,1);
INSERT INTO `predictions` VALUES (12000,32,2018102105,1,1);
INSERT INTO `predictions` VALUES (12001,32,2018102106,1,1);
INSERT INTO `predictions` VALUES (12002,32,2018102107,1,0);
INSERT INTO `predictions` VALUES (12003,32,2018102108,1,1);
INSERT INTO `predictions` VALUES (12004,32,2018102109,1,1);
INSERT INTO `predictions` VALUES (12005,32,2018102110,1,0);
INSERT INTO `predictions` VALUES (12006,32,2018102111,1,0);
INSERT INTO `predictions` VALUES (12007,32,2018102200,1,1);
INSERT INTO `predictions` VALUES (12008,32,2018102500,1,1);
INSERT INTO `predictions` VALUES (12009,32,2018102800,1,0);
INSERT INTO `predictions` VALUES (12010,32,2018102801,1,0);
INSERT INTO `predictions` VALUES (12011,32,2018102802,1,1);
INSERT INTO `predictions` VALUES (12012,32,2018102803,1,1);
INSERT INTO `predictions` VALUES (12013,32,2018102804,1,0);
INSERT INTO `predictions` VALUES (12014,32,2018102805,1,1);
INSERT INTO `predictions` VALUES (12015,32,2018102806,1,0);
INSERT INTO `predictions` VALUES (12016,32,2018102807,1,1);
INSERT INTO `predictions` VALUES (12017,32,2018102808,1,0);
INSERT INTO `predictions` VALUES (12018,32,2018102809,1,0);
INSERT INTO `predictions` VALUES (12019,32,2018102810,1,1);
INSERT INTO `predictions` VALUES (12020,32,2018102811,1,0);
INSERT INTO `predictions` VALUES (12021,32,2018102900,1,0);
INSERT INTO `predictions` VALUES (12022,32,2018110100,1,1);
INSERT INTO `predictions` VALUES (12023,32,2018110400,1,0);
INSERT INTO `predictions` VALUES (12024,32,2018110401,1,0);
INSERT INTO `predictions` VALUES (12025,32,2018110402,1,1);
INSERT INTO `predictions` VALUES (12026,32,2018110403,1,0);
INSERT INTO `predictions` VALUES (12027,32,2018110404,1,1);
INSERT INTO `predictions` VALUES (12028,32,2018110405,1,1);
INSERT INTO `predictions` VALUES (12029,32,2018110406,1,0);
INSERT INTO `predictions` VALUES (12030,32,2018110407,1,0);
INSERT INTO `predictions` VALUES (12031,32,2018110408,1,1);
INSERT INTO `predictions` VALUES (12032,32,2018110409,1,1);
INSERT INTO `predictions` VALUES (12033,32,2018110410,1,1);
INSERT INTO `predictions` VALUES (12034,32,2018110500,1,1);
INSERT INTO `predictions` VALUES (12035,32,2018110800,1,1);
INSERT INTO `predictions` VALUES (12036,32,2018111100,1,1);
INSERT INTO `predictions` VALUES (12037,32,2018111101,1,0);
INSERT INTO `predictions` VALUES (12038,32,2018111102,1,0);
INSERT INTO `predictions` VALUES (12039,32,2018111103,1,1);
INSERT INTO `predictions` VALUES (12040,32,2018111104,1,0);
INSERT INTO `predictions` VALUES (12041,32,2018111105,1,1);
INSERT INTO `predictions` VALUES (12042,32,2018111106,1,1);
INSERT INTO `predictions` VALUES (12043,32,2018111107,1,0);
INSERT INTO `predictions` VALUES (12044,32,2018111108,1,0);
INSERT INTO `predictions` VALUES (12045,32,2018111109,1,0);
INSERT INTO `predictions` VALUES (12046,32,2018111110,1,1);
INSERT INTO `predictions` VALUES (12047,32,2018111111,1,1);
INSERT INTO `predictions` VALUES (12048,32,2018111200,1,1);
INSERT INTO `predictions` VALUES (12049,32,2018111500,1,1);
INSERT INTO `predictions` VALUES (12050,32,2018111800,1,0);
INSERT INTO `predictions` VALUES (12051,32,2018111801,1,1);
INSERT INTO `predictions` VALUES (12052,32,2018111802,1,1);
INSERT INTO `predictions` VALUES (12053,32,2018111803,1,0);
INSERT INTO `predictions` VALUES (12054,32,2018111804,1,0);
INSERT INTO `predictions` VALUES (12055,32,2018111805,1,0);
INSERT INTO `predictions` VALUES (12056,32,2018111806,1,0);
INSERT INTO `predictions` VALUES (12057,32,2018111807,1,1);
INSERT INTO `predictions` VALUES (12058,32,2018111808,1,1);
INSERT INTO `predictions` VALUES (12059,32,2018111809,1,1);
INSERT INTO `predictions` VALUES (12060,32,2018111810,1,0);
INSERT INTO `predictions` VALUES (12061,32,2018111900,1,0);
INSERT INTO `predictions` VALUES (12062,32,2018112200,1,0);
INSERT INTO `predictions` VALUES (12063,32,2018112201,1,1);
INSERT INTO `predictions` VALUES (12064,32,2018112202,1,1);
INSERT INTO `predictions` VALUES (12065,32,2018112500,1,1);
INSERT INTO `predictions` VALUES (12066,32,2018112501,1,0);
INSERT INTO `predictions` VALUES (12067,32,2018112502,1,0);
INSERT INTO `predictions` VALUES (12068,32,2018112503,1,1);
INSERT INTO `predictions` VALUES (12069,32,2018112504,1,1);
INSERT INTO `predictions` VALUES (12070,32,2018112505,1,0);
INSERT INTO `predictions` VALUES (12071,32,2018112506,1,1);
INSERT INTO `predictions` VALUES (12072,32,2018112507,1,1);
INSERT INTO `predictions` VALUES (12073,32,2018112508,1,1);
INSERT INTO `predictions` VALUES (12074,32,2018112509,1,0);
INSERT INTO `predictions` VALUES (12075,32,2018112510,1,1);
INSERT INTO `predictions` VALUES (12076,32,2018112600,1,1);
INSERT INTO `predictions` VALUES (12077,32,2018112900,1,0);
INSERT INTO `predictions` VALUES (12078,32,2018120200,1,0);
INSERT INTO `predictions` VALUES (12079,32,2018120201,1,0);
INSERT INTO `predictions` VALUES (12080,32,2018120202,1,0);
INSERT INTO `predictions` VALUES (12081,32,2018120203,1,1);
INSERT INTO `predictions` VALUES (12082,32,2018120204,1,1);
INSERT INTO `predictions` VALUES (12083,32,2018120205,1,0);
INSERT INTO `predictions` VALUES (12084,32,2018120206,1,1);
INSERT INTO `predictions` VALUES (12085,32,2018120207,1,0);
INSERT INTO `predictions` VALUES (12086,32,2018120208,1,0);
INSERT INTO `predictions` VALUES (12087,32,2018120209,1,0);
INSERT INTO `predictions` VALUES (12088,32,2018120210,1,0);
INSERT INTO `predictions` VALUES (12089,32,2018120211,1,1);
INSERT INTO `predictions` VALUES (12090,32,2018120212,1,1);
INSERT INTO `predictions` VALUES (12091,32,2018120213,1,1);
INSERT INTO `predictions` VALUES (12092,32,2018120300,1,1);
INSERT INTO `predictions` VALUES (12093,32,2018120600,1,1);
INSERT INTO `predictions` VALUES (12094,32,2018120900,1,1);
INSERT INTO `predictions` VALUES (12095,32,2018120901,1,0);
INSERT INTO `predictions` VALUES (12096,32,2018120902,1,0);
INSERT INTO `predictions` VALUES (12097,32,2018120903,0,0);
INSERT INTO `predictions` VALUES (12098,32,2018120904,1,1);
INSERT INTO `predictions` VALUES (12099,32,2018120905,1,1);
INSERT INTO `predictions` VALUES (12100,32,2018120906,1,0);
INSERT INTO `predictions` VALUES (12101,32,2018120907,1,0);
INSERT INTO `predictions` VALUES (12102,32,2018120908,1,1);
INSERT INTO `predictions` VALUES (12103,32,2018120909,1,1);
INSERT INTO `predictions` VALUES (12104,32,2018120910,1,0);
INSERT INTO `predictions` VALUES (12105,32,2018120911,1,0);
INSERT INTO `predictions` VALUES (12106,32,2018120912,1,1);
INSERT INTO `predictions` VALUES (12107,32,2018120913,1,0);
INSERT INTO `predictions` VALUES (12108,32,2018121000,1,1);
INSERT INTO `predictions` VALUES (12109,32,2018121300,1,1);
INSERT INTO `predictions` VALUES (12110,32,2018121500,1,0);
INSERT INTO `predictions` VALUES (12111,32,2018121501,1,1);
INSERT INTO `predictions` VALUES (12112,32,2018121600,1,1);
INSERT INTO `predictions` VALUES (12113,32,2018121601,1,1);
INSERT INTO `predictions` VALUES (12114,32,2018121602,1,0);
INSERT INTO `predictions` VALUES (12115,32,2018121603,1,1);
INSERT INTO `predictions` VALUES (12116,32,2018121604,1,1);
INSERT INTO `predictions` VALUES (12117,32,2018121605,1,0);
INSERT INTO `predictions` VALUES (12118,32,2018121606,1,1);
INSERT INTO `predictions` VALUES (12119,32,2018121607,1,1);
INSERT INTO `predictions` VALUES (12120,32,2018121608,1,0);
INSERT INTO `predictions` VALUES (12121,32,2018121609,1,0);
INSERT INTO `predictions` VALUES (12122,32,2018121610,1,0);
INSERT INTO `predictions` VALUES (12123,32,2018121611,1,1);
INSERT INTO `predictions` VALUES (12124,32,2018121700,1,0);
INSERT INTO `predictions` VALUES (12125,32,2018122300,1,1);
INSERT INTO `predictions` VALUES (12127,32,2018122302,1,1);
INSERT INTO `predictions` VALUES (12129,32,2018122304,1,0);
INSERT INTO `predictions` VALUES (12130,32,2018122305,1,1);
INSERT INTO `predictions` VALUES (12131,32,2018122306,1,1);
INSERT INTO `predictions` VALUES (12132,32,2018122307,1,0);
INSERT INTO `predictions` VALUES (12133,32,2018122308,1,1);
INSERT INTO `predictions` VALUES (12134,32,2018122309,1,0);
INSERT INTO `predictions` VALUES (12135,32,2018122310,1,0);
INSERT INTO `predictions` VALUES (12136,32,2018122311,1,0);
INSERT INTO `predictions` VALUES (12137,32,2018122312,1,0);
INSERT INTO `predictions` VALUES (12138,32,2018122313,1,1);
INSERT INTO `predictions` VALUES (12139,32,2018122314,1,0);
INSERT INTO `predictions` VALUES (12140,32,2018122400,1,0);
INSERT INTO `predictions` VALUES (12141,32,2018123000,1,1);
INSERT INTO `predictions` VALUES (12142,32,2018123001,1,0);
INSERT INTO `predictions` VALUES (12143,32,2018123002,1,1);
INSERT INTO `predictions` VALUES (12144,32,2018123003,1,1);
INSERT INTO `predictions` VALUES (12145,32,2018123004,1,1);
INSERT INTO `predictions` VALUES (12146,32,2018123005,1,0);
INSERT INTO `predictions` VALUES (12147,32,2018123006,1,1);
INSERT INTO `predictions` VALUES (12148,32,2018123007,1,1);
INSERT INTO `predictions` VALUES (12149,32,2018123008,1,0);
INSERT INTO `predictions` VALUES (12150,32,2018123009,1,1);
INSERT INTO `predictions` VALUES (12151,32,2018123010,1,0);
INSERT INTO `predictions` VALUES (12152,32,2018123011,1,0);
INSERT INTO `predictions` VALUES (12153,32,2018123012,1,0);
INSERT INTO `predictions` VALUES (12154,32,2018123013,1,0);
INSERT INTO `predictions` VALUES (12155,32,2018123014,1,1);
INSERT INTO `predictions` VALUES (12156,32,2018123015,1,1);
INSERT INTO `predictions` VALUES (12157,33,2018090600,1,1);
INSERT INTO `predictions` VALUES (12158,33,2018090900,1,1);
INSERT INTO `predictions` VALUES (12159,33,2018090901,1,0);
INSERT INTO `predictions` VALUES (12160,33,2018090902,1,1);
INSERT INTO `predictions` VALUES (12161,33,2018090903,1,0);
INSERT INTO `predictions` VALUES (12162,33,2018090904,1,0);
INSERT INTO `predictions` VALUES (12163,33,2018090905,1,1);
INSERT INTO `predictions` VALUES (12164,33,2018090906,1,1);
INSERT INTO `predictions` VALUES (12165,33,2018090907,1,0);
INSERT INTO `predictions` VALUES (12166,33,2018090908,1,0);
INSERT INTO `predictions` VALUES (12167,33,2018090909,1,0);
INSERT INTO `predictions` VALUES (12168,33,2018090910,1,1);
INSERT INTO `predictions` VALUES (12169,33,2018090911,1,1);
INSERT INTO `predictions` VALUES (12170,33,2018090912,1,1);
INSERT INTO `predictions` VALUES (12171,33,2018091000,1,1);
INSERT INTO `predictions` VALUES (12172,33,2018091001,1,0);
INSERT INTO `predictions` VALUES (12173,33,2018091300,1,0);
INSERT INTO `predictions` VALUES (12174,33,2018091600,1,0);
INSERT INTO `predictions` VALUES (12175,33,2018091601,1,1);
INSERT INTO `predictions` VALUES (12176,33,2018091602,1,0);
INSERT INTO `predictions` VALUES (12177,33,2018091603,1,1);
INSERT INTO `predictions` VALUES (12178,33,2018091604,1,1);
INSERT INTO `predictions` VALUES (12179,33,2018091605,1,0);
INSERT INTO `predictions` VALUES (12180,33,2018091606,1,0);
INSERT INTO `predictions` VALUES (12181,33,2018091607,1,0);
INSERT INTO `predictions` VALUES (12182,33,2018091608,1,0);
INSERT INTO `predictions` VALUES (12183,33,2018091609,1,1);
INSERT INTO `predictions` VALUES (12184,33,2018091610,1,1);
INSERT INTO `predictions` VALUES (12185,33,2018091611,1,1);
INSERT INTO `predictions` VALUES (12186,33,2018091612,1,0);
INSERT INTO `predictions` VALUES (12187,33,2018091613,1,0);
INSERT INTO `predictions` VALUES (12188,33,2018091700,1,1);
INSERT INTO `predictions` VALUES (12189,33,2018092000,1,1);
INSERT INTO `predictions` VALUES (12190,33,2018092300,1,0);
INSERT INTO `predictions` VALUES (12191,33,2018092301,1,1);
INSERT INTO `predictions` VALUES (12192,33,2018092302,1,1);
INSERT INTO `predictions` VALUES (12193,33,2018092303,1,1);
INSERT INTO `predictions` VALUES (12194,33,2018092304,1,1);
INSERT INTO `predictions` VALUES (12195,33,2018092305,1,1);
INSERT INTO `predictions` VALUES (12196,33,2018092306,1,1);
INSERT INTO `predictions` VALUES (12197,33,2018092307,1,1);
INSERT INTO `predictions` VALUES (12198,33,2018092308,1,1);
INSERT INTO `predictions` VALUES (12199,33,2018092309,1,0);
INSERT INTO `predictions` VALUES (12200,33,2018092310,1,1);
INSERT INTO `predictions` VALUES (12201,33,2018092311,1,0);
INSERT INTO `predictions` VALUES (12202,33,2018092312,1,0);
INSERT INTO `predictions` VALUES (12203,33,2018092313,1,0);
INSERT INTO `predictions` VALUES (12204,33,2018092400,1,1);
INSERT INTO `predictions` VALUES (12205,33,2018092700,1,1);
INSERT INTO `predictions` VALUES (12206,33,2018093000,1,1);
INSERT INTO `predictions` VALUES (12207,33,2018093001,1,0);
INSERT INTO `predictions` VALUES (12208,33,2018093002,1,0);
INSERT INTO `predictions` VALUES (12209,33,2018093003,1,1);
INSERT INTO `predictions` VALUES (12210,33,2018093004,1,0);
INSERT INTO `predictions` VALUES (12211,33,2018093005,1,1);
INSERT INTO `predictions` VALUES (12212,33,2018093006,1,1);
INSERT INTO `predictions` VALUES (12213,33,2018093007,1,0);
INSERT INTO `predictions` VALUES (12214,33,2018093008,1,0);
INSERT INTO `predictions` VALUES (12215,33,2018093009,1,0);
INSERT INTO `predictions` VALUES (12216,33,2018093010,1,1);
INSERT INTO `predictions` VALUES (12217,33,2018093011,1,0);
INSERT INTO `predictions` VALUES (12218,33,2018093012,1,0);
INSERT INTO `predictions` VALUES (12219,33,2018100100,1,0);
INSERT INTO `predictions` VALUES (12220,33,2018100400,1,1);
INSERT INTO `predictions` VALUES (12221,33,2018100700,1,1);
INSERT INTO `predictions` VALUES (12222,33,2018100701,1,1);
INSERT INTO `predictions` VALUES (12223,33,2018100702,1,1);
INSERT INTO `predictions` VALUES (12224,33,2018100703,1,0);
INSERT INTO `predictions` VALUES (12225,33,2018100704,1,0);
INSERT INTO `predictions` VALUES (12226,33,2018100705,1,1);
INSERT INTO `predictions` VALUES (12227,33,2018100706,1,0);
INSERT INTO `predictions` VALUES (12228,33,2018100707,1,0);
INSERT INTO `predictions` VALUES (12229,33,2018100708,1,1);
INSERT INTO `predictions` VALUES (12230,33,2018100709,1,1);
INSERT INTO `predictions` VALUES (12231,33,2018100710,1,1);
INSERT INTO `predictions` VALUES (12232,33,2018100711,1,0);
INSERT INTO `predictions` VALUES (12233,33,2018100712,1,1);
INSERT INTO `predictions` VALUES (12234,33,2018100800,1,1);
INSERT INTO `predictions` VALUES (12235,33,2018101100,1,0);
INSERT INTO `predictions` VALUES (12236,33,2018101400,1,0);
INSERT INTO `predictions` VALUES (12237,33,2018101401,1,1);
INSERT INTO `predictions` VALUES (12238,33,2018101402,1,1);
INSERT INTO `predictions` VALUES (12239,33,2018101403,1,1);
INSERT INTO `predictions` VALUES (12240,33,2018101404,1,0);
INSERT INTO `predictions` VALUES (12241,33,2018101405,1,1);
INSERT INTO `predictions` VALUES (12242,33,2018101406,1,1);
INSERT INTO `predictions` VALUES (12243,33,2018101407,1,0);
INSERT INTO `predictions` VALUES (12244,33,2018101408,1,0);
INSERT INTO `predictions` VALUES (12245,33,2018101409,1,0);
INSERT INTO `predictions` VALUES (12246,33,2018101410,1,0);
INSERT INTO `predictions` VALUES (12247,33,2018101411,1,0);
INSERT INTO `predictions` VALUES (12248,33,2018101412,1,1);
INSERT INTO `predictions` VALUES (12249,33,2018101500,1,1);
INSERT INTO `predictions` VALUES (12250,33,2018101800,0,0);
INSERT INTO `predictions` VALUES (12251,33,2018102100,1,0);
INSERT INTO `predictions` VALUES (12252,33,2018102101,1,0);
INSERT INTO `predictions` VALUES (12253,33,2018102102,1,0);
INSERT INTO `predictions` VALUES (12254,33,2018102103,1,0);
INSERT INTO `predictions` VALUES (12255,33,2018102104,1,1);
INSERT INTO `predictions` VALUES (12256,33,2018102105,1,1);
INSERT INTO `predictions` VALUES (12257,33,2018102106,1,0);
INSERT INTO `predictions` VALUES (12258,33,2018102107,1,0);
INSERT INTO `predictions` VALUES (12259,33,2018102108,1,1);
INSERT INTO `predictions` VALUES (12260,33,2018102109,1,0);
INSERT INTO `predictions` VALUES (12261,33,2018102110,1,0);
INSERT INTO `predictions` VALUES (12262,33,2018102111,1,0);
INSERT INTO `predictions` VALUES (12263,33,2018102200,1,1);
INSERT INTO `predictions` VALUES (12264,33,2018102500,1,1);
INSERT INTO `predictions` VALUES (12265,33,2018102800,1,0);
INSERT INTO `predictions` VALUES (12266,33,2018102801,1,0);
INSERT INTO `predictions` VALUES (12267,33,2018102802,1,1);
INSERT INTO `predictions` VALUES (12268,33,2018102803,1,1);
INSERT INTO `predictions` VALUES (12269,33,2018102804,1,0);
INSERT INTO `predictions` VALUES (12270,33,2018102805,1,1);
INSERT INTO `predictions` VALUES (12271,33,2018102806,1,0);
INSERT INTO `predictions` VALUES (12272,33,2018102807,1,1);
INSERT INTO `predictions` VALUES (12273,33,2018102808,1,0);
INSERT INTO `predictions` VALUES (12274,33,2018102809,1,0);
INSERT INTO `predictions` VALUES (12275,33,2018102810,1,1);
INSERT INTO `predictions` VALUES (12276,33,2018102811,1,0);
INSERT INTO `predictions` VALUES (12277,33,2018102900,1,0);
INSERT INTO `predictions` VALUES (12278,33,2018110100,1,1);
INSERT INTO `predictions` VALUES (12279,33,2018110400,1,1);
INSERT INTO `predictions` VALUES (12280,33,2018110401,1,0);
INSERT INTO `predictions` VALUES (12281,33,2018110402,1,1);
INSERT INTO `predictions` VALUES (12282,33,2018110403,1,0);
INSERT INTO `predictions` VALUES (12283,33,2018110404,1,1);
INSERT INTO `predictions` VALUES (12284,33,2018110405,1,1);
INSERT INTO `predictions` VALUES (12285,33,2018110406,1,0);
INSERT INTO `predictions` VALUES (12286,33,2018110407,1,0);
INSERT INTO `predictions` VALUES (12287,33,2018110408,1,1);
INSERT INTO `predictions` VALUES (12288,33,2018110409,1,0);
INSERT INTO `predictions` VALUES (12289,33,2018110410,1,1);
INSERT INTO `predictions` VALUES (12290,33,2018110500,1,1);
INSERT INTO `predictions` VALUES (12291,33,2018110800,1,1);
INSERT INTO `predictions` VALUES (12292,33,2018111100,1,1);
INSERT INTO `predictions` VALUES (12293,33,2018111101,1,0);
INSERT INTO `predictions` VALUES (12294,33,2018111102,1,0);
INSERT INTO `predictions` VALUES (12295,33,2018111103,1,1);
INSERT INTO `predictions` VALUES (12296,33,2018111104,1,0);
INSERT INTO `predictions` VALUES (12297,33,2018111105,1,1);
INSERT INTO `predictions` VALUES (12298,33,2018111106,1,0);
INSERT INTO `predictions` VALUES (12299,33,2018111107,1,0);
INSERT INTO `predictions` VALUES (12300,33,2018111108,1,0);
INSERT INTO `predictions` VALUES (12301,33,2018111109,1,0);
INSERT INTO `predictions` VALUES (12302,33,2018111110,1,1);
INSERT INTO `predictions` VALUES (12303,33,2018111111,1,1);
INSERT INTO `predictions` VALUES (12304,33,2018111200,1,1);
INSERT INTO `predictions` VALUES (12305,33,2018111500,1,0);
INSERT INTO `predictions` VALUES (12306,33,2018111800,1,0);
INSERT INTO `predictions` VALUES (12307,33,2018111801,1,1);
INSERT INTO `predictions` VALUES (12308,33,2018111802,1,1);
INSERT INTO `predictions` VALUES (12309,33,2018111803,1,0);
INSERT INTO `predictions` VALUES (12310,33,2018111804,1,0);
INSERT INTO `predictions` VALUES (12311,33,2018111805,1,1);
INSERT INTO `predictions` VALUES (12312,33,2018111806,1,0);
INSERT INTO `predictions` VALUES (12313,33,2018111807,1,1);
INSERT INTO `predictions` VALUES (12314,33,2018111808,1,0);
INSERT INTO `predictions` VALUES (12315,33,2018111809,1,1);
INSERT INTO `predictions` VALUES (12316,33,2018111810,1,1);
INSERT INTO `predictions` VALUES (12317,33,2018111900,1,1);
INSERT INTO `predictions` VALUES (12318,33,2018112200,1,0);
INSERT INTO `predictions` VALUES (12319,33,2018112201,1,0);
INSERT INTO `predictions` VALUES (12320,33,2018112202,1,1);
INSERT INTO `predictions` VALUES (12321,33,2018112500,1,1);
INSERT INTO `predictions` VALUES (12322,33,2018112501,1,0);
INSERT INTO `predictions` VALUES (12323,33,2018112502,1,0);
INSERT INTO `predictions` VALUES (12324,33,2018112503,1,1);
INSERT INTO `predictions` VALUES (12325,33,2018112504,1,1);
INSERT INTO `predictions` VALUES (12326,33,2018112505,1,0);
INSERT INTO `predictions` VALUES (12327,33,2018112506,1,1);
INSERT INTO `predictions` VALUES (12328,33,2018112507,1,0);
INSERT INTO `predictions` VALUES (12329,33,2018112508,1,1);
INSERT INTO `predictions` VALUES (12330,33,2018112509,1,0);
INSERT INTO `predictions` VALUES (12331,33,2018112510,1,0);
INSERT INTO `predictions` VALUES (12332,33,2018112600,1,1);
INSERT INTO `predictions` VALUES (12333,33,2018112900,1,0);
INSERT INTO `predictions` VALUES (12334,33,2018120200,1,0);
INSERT INTO `predictions` VALUES (12335,33,2018120201,1,0);
INSERT INTO `predictions` VALUES (12336,33,2018120202,1,0);
INSERT INTO `predictions` VALUES (12337,33,2018120203,1,1);
INSERT INTO `predictions` VALUES (12338,33,2018120204,1,1);
INSERT INTO `predictions` VALUES (12339,33,2018120205,1,0);
INSERT INTO `predictions` VALUES (12340,33,2018120206,1,1);
INSERT INTO `predictions` VALUES (12341,33,2018120207,1,0);
INSERT INTO `predictions` VALUES (12342,33,2018120208,1,0);
INSERT INTO `predictions` VALUES (12343,33,2018120209,1,0);
INSERT INTO `predictions` VALUES (12344,33,2018120210,1,0);
INSERT INTO `predictions` VALUES (12345,33,2018120211,1,1);
INSERT INTO `predictions` VALUES (12346,33,2018120212,1,1);
INSERT INTO `predictions` VALUES (12347,33,2018120213,1,1);
INSERT INTO `predictions` VALUES (12348,33,2018120300,1,1);
INSERT INTO `predictions` VALUES (12349,33,2018120600,1,1);
INSERT INTO `predictions` VALUES (12350,33,2018120900,1,1);
INSERT INTO `predictions` VALUES (12351,33,2018120901,1,0);
INSERT INTO `predictions` VALUES (12352,33,2018120902,1,0);
INSERT INTO `predictions` VALUES (12353,33,2018120903,1,1);
INSERT INTO `predictions` VALUES (12354,33,2018120904,1,1);
INSERT INTO `predictions` VALUES (12355,33,2018120905,1,1);
INSERT INTO `predictions` VALUES (12356,33,2018120906,1,0);
INSERT INTO `predictions` VALUES (12357,33,2018120907,1,0);
INSERT INTO `predictions` VALUES (12358,33,2018120908,1,1);
INSERT INTO `predictions` VALUES (12359,33,2018120909,1,1);
INSERT INTO `predictions` VALUES (12360,33,2018120910,1,0);
INSERT INTO `predictions` VALUES (12361,33,2018120911,1,0);
INSERT INTO `predictions` VALUES (12362,33,2018120912,1,0);
INSERT INTO `predictions` VALUES (12363,33,2018120913,1,0);
INSERT INTO `predictions` VALUES (12364,33,2018121000,1,1);
INSERT INTO `predictions` VALUES (12365,33,2018121300,1,0);
INSERT INTO `predictions` VALUES (12366,33,2018121500,1,0);
INSERT INTO `predictions` VALUES (12367,33,2018121501,1,0);
INSERT INTO `predictions` VALUES (12368,33,2018121600,1,1);
INSERT INTO `predictions` VALUES (12369,33,2018121601,1,1);
INSERT INTO `predictions` VALUES (12370,33,2018121602,1,0);
INSERT INTO `predictions` VALUES (12371,33,2018121603,1,1);
INSERT INTO `predictions` VALUES (12372,33,2018121604,1,0);
INSERT INTO `predictions` VALUES (12373,33,2018121605,1,0);
INSERT INTO `predictions` VALUES (12374,33,2018121606,1,0);
INSERT INTO `predictions` VALUES (12375,33,2018121607,1,1);
INSERT INTO `predictions` VALUES (12376,33,2018121608,1,1);
INSERT INTO `predictions` VALUES (12377,33,2018121609,1,0);
INSERT INTO `predictions` VALUES (12378,33,2018121610,1,0);
INSERT INTO `predictions` VALUES (12379,33,2018121611,1,1);
INSERT INTO `predictions` VALUES (12380,33,2018121700,1,0);
INSERT INTO `predictions` VALUES (12381,33,2018122300,1,1);
INSERT INTO `predictions` VALUES (12383,33,2018122302,1,1);
INSERT INTO `predictions` VALUES (12385,33,2018122304,1,0);
INSERT INTO `predictions` VALUES (12386,33,2018122305,1,1);
INSERT INTO `predictions` VALUES (12387,33,2018122306,1,1);
INSERT INTO `predictions` VALUES (12388,33,2018122307,1,0);
INSERT INTO `predictions` VALUES (12389,33,2018122308,1,1);
INSERT INTO `predictions` VALUES (12390,33,2018122309,1,0);
INSERT INTO `predictions` VALUES (12391,33,2018122310,1,1);
INSERT INTO `predictions` VALUES (12392,33,2018122311,1,0);
INSERT INTO `predictions` VALUES (12393,33,2018122312,1,0);
INSERT INTO `predictions` VALUES (12394,33,2018122313,1,1);
INSERT INTO `predictions` VALUES (12395,33,2018122314,1,0);
INSERT INTO `predictions` VALUES (12396,33,2018122400,1,0);
INSERT INTO `predictions` VALUES (12397,33,2018123000,1,1);
INSERT INTO `predictions` VALUES (12398,33,2018123001,1,0);
INSERT INTO `predictions` VALUES (12399,33,2018123002,1,1);
INSERT INTO `predictions` VALUES (12400,33,2018123003,1,1);
INSERT INTO `predictions` VALUES (12401,33,2018123004,1,1);
INSERT INTO `predictions` VALUES (12402,33,2018123005,1,0);
INSERT INTO `predictions` VALUES (12403,33,2018123006,1,1);
INSERT INTO `predictions` VALUES (12404,33,2018123007,1,1);
INSERT INTO `predictions` VALUES (12405,33,2018123008,1,0);
INSERT INTO `predictions` VALUES (12406,33,2018123009,1,1);
INSERT INTO `predictions` VALUES (12407,33,2018123010,1,0);
INSERT INTO `predictions` VALUES (12408,33,2018123011,1,0);
INSERT INTO `predictions` VALUES (12409,33,2018123012,1,0);
INSERT INTO `predictions` VALUES (12410,33,2018123013,1,0);
INSERT INTO `predictions` VALUES (12411,33,2018123014,1,1);
INSERT INTO `predictions` VALUES (12412,33,2018123015,1,1);
INSERT INTO `predictions` VALUES (12668,34,2018090600,1,1);
INSERT INTO `predictions` VALUES (12669,34,2018090900,1,1);
INSERT INTO `predictions` VALUES (12670,34,2018090901,1,0);
INSERT INTO `predictions` VALUES (12671,34,2018090902,1,1);
INSERT INTO `predictions` VALUES (12672,34,2018090903,1,1);
INSERT INTO `predictions` VALUES (12673,34,2018090904,1,1);
INSERT INTO `predictions` VALUES (12674,34,2018090905,1,1);
INSERT INTO `predictions` VALUES (12675,34,2018090906,1,1);
INSERT INTO `predictions` VALUES (12676,34,2018090907,1,0);
INSERT INTO `predictions` VALUES (12677,34,2018090908,1,0);
INSERT INTO `predictions` VALUES (12678,34,2018090909,1,1);
INSERT INTO `predictions` VALUES (12679,34,2018090910,1,1);
INSERT INTO `predictions` VALUES (12680,34,2018090911,1,1);
INSERT INTO `predictions` VALUES (12681,34,2018090912,1,1);
INSERT INTO `predictions` VALUES (12682,34,2018091000,1,1);
INSERT INTO `predictions` VALUES (12683,34,2018091001,1,0);
INSERT INTO `predictions` VALUES (12684,34,2018091300,1,0);
INSERT INTO `predictions` VALUES (12685,34,2018091600,1,0);
INSERT INTO `predictions` VALUES (12686,34,2018091601,1,1);
INSERT INTO `predictions` VALUES (12687,34,2018091602,1,1);
INSERT INTO `predictions` VALUES (12688,34,2018091603,1,1);
INSERT INTO `predictions` VALUES (12689,34,2018091604,1,0);
INSERT INTO `predictions` VALUES (12690,34,2018091605,1,1);
INSERT INTO `predictions` VALUES (12691,34,2018091606,1,1);
INSERT INTO `predictions` VALUES (12692,34,2018091607,1,1);
INSERT INTO `predictions` VALUES (12693,34,2018091608,1,1);
INSERT INTO `predictions` VALUES (12694,34,2018091609,1,1);
INSERT INTO `predictions` VALUES (12695,34,2018091610,1,1);
INSERT INTO `predictions` VALUES (12696,34,2018091611,1,1);
INSERT INTO `predictions` VALUES (12697,34,2018091612,1,0);
INSERT INTO `predictions` VALUES (12698,34,2018091613,1,1);
INSERT INTO `predictions` VALUES (12699,34,2018091700,1,0);
INSERT INTO `predictions` VALUES (12700,34,2018092000,1,0);
INSERT INTO `predictions` VALUES (12701,34,2018092300,1,1);
INSERT INTO `predictions` VALUES (12702,34,2018092301,1,1);
INSERT INTO `predictions` VALUES (12703,34,2018092302,1,0);
INSERT INTO `predictions` VALUES (12704,34,2018092303,1,0);
INSERT INTO `predictions` VALUES (12705,34,2018092304,1,1);
INSERT INTO `predictions` VALUES (12706,34,2018092305,1,1);
INSERT INTO `predictions` VALUES (12707,34,2018092306,1,1);
INSERT INTO `predictions` VALUES (12708,34,2018092307,1,1);
INSERT INTO `predictions` VALUES (12709,34,2018092308,1,1);
INSERT INTO `predictions` VALUES (12710,34,2018092309,1,0);
INSERT INTO `predictions` VALUES (12711,34,2018092310,1,1);
INSERT INTO `predictions` VALUES (12712,34,2018092311,1,0);
INSERT INTO `predictions` VALUES (12713,34,2018092312,1,1);
INSERT INTO `predictions` VALUES (12714,34,2018092313,1,0);
INSERT INTO `predictions` VALUES (12715,34,2018092400,1,1);
INSERT INTO `predictions` VALUES (12716,34,2018092700,1,1);
INSERT INTO `predictions` VALUES (12717,34,2018093000,1,1);
INSERT INTO `predictions` VALUES (12718,34,2018093001,1,0);
INSERT INTO `predictions` VALUES (12719,34,2018093002,1,1);
INSERT INTO `predictions` VALUES (12720,34,2018093003,1,0);
INSERT INTO `predictions` VALUES (12721,34,2018093004,1,0);
INSERT INTO `predictions` VALUES (12722,34,2018093005,1,1);
INSERT INTO `predictions` VALUES (12723,34,2018093006,1,1);
INSERT INTO `predictions` VALUES (12724,34,2018093007,1,0);
INSERT INTO `predictions` VALUES (12725,34,2018093008,1,0);
INSERT INTO `predictions` VALUES (12726,34,2018093009,1,1);
INSERT INTO `predictions` VALUES (12727,34,2018093010,1,1);
INSERT INTO `predictions` VALUES (12728,34,2018093011,1,0);
INSERT INTO `predictions` VALUES (12729,34,2018093012,1,1);
INSERT INTO `predictions` VALUES (12730,34,2018100100,1,0);
INSERT INTO `predictions` VALUES (12731,34,2018100400,1,1);
INSERT INTO `predictions` VALUES (12732,34,2018100700,1,1);
INSERT INTO `predictions` VALUES (12733,34,2018100701,1,1);
INSERT INTO `predictions` VALUES (12734,34,2018100702,1,1);
INSERT INTO `predictions` VALUES (12735,34,2018100703,1,0);
INSERT INTO `predictions` VALUES (12736,34,2018100704,1,0);
INSERT INTO `predictions` VALUES (12737,34,2018100705,1,1);
INSERT INTO `predictions` VALUES (12738,34,2018100706,1,0);
INSERT INTO `predictions` VALUES (12739,34,2018100707,1,0);
INSERT INTO `predictions` VALUES (12740,34,2018100708,1,0);
INSERT INTO `predictions` VALUES (12741,34,2018100709,1,1);
INSERT INTO `predictions` VALUES (12742,34,2018100710,1,0);
INSERT INTO `predictions` VALUES (12743,34,2018100711,1,0);
INSERT INTO `predictions` VALUES (12744,34,2018100712,1,0);
INSERT INTO `predictions` VALUES (12745,34,2018100800,1,1);
INSERT INTO `predictions` VALUES (12746,34,2018101100,0,0);
INSERT INTO `predictions` VALUES (12747,34,2018101400,1,0);
INSERT INTO `predictions` VALUES (12748,34,2018101401,1,1);
INSERT INTO `predictions` VALUES (12749,34,2018101402,1,0);
INSERT INTO `predictions` VALUES (12750,34,2018101403,1,0);
INSERT INTO `predictions` VALUES (12751,34,2018101404,1,0);
INSERT INTO `predictions` VALUES (12752,34,2018101405,1,1);
INSERT INTO `predictions` VALUES (12753,34,2018101406,1,1);
INSERT INTO `predictions` VALUES (12754,34,2018101407,1,0);
INSERT INTO `predictions` VALUES (12755,34,2018101408,1,0);
INSERT INTO `predictions` VALUES (12756,34,2018101409,1,0);
INSERT INTO `predictions` VALUES (12757,34,2018101410,1,0);
INSERT INTO `predictions` VALUES (12758,34,2018101411,1,0);
INSERT INTO `predictions` VALUES (12759,34,2018101412,1,0);
INSERT INTO `predictions` VALUES (12760,34,2018101500,1,1);
INSERT INTO `predictions` VALUES (12761,34,2018101800,1,0);
INSERT INTO `predictions` VALUES (12762,34,2018102100,1,1);
INSERT INTO `predictions` VALUES (12763,34,2018102101,1,0);
INSERT INTO `predictions` VALUES (12764,34,2018102102,1,1);
INSERT INTO `predictions` VALUES (12765,34,2018102103,1,0);
INSERT INTO `predictions` VALUES (12766,34,2018102104,1,1);
INSERT INTO `predictions` VALUES (12767,34,2018102105,1,1);
INSERT INTO `predictions` VALUES (12768,34,2018102106,1,1);
INSERT INTO `predictions` VALUES (12769,34,2018102107,1,0);
INSERT INTO `predictions` VALUES (12770,34,2018102108,1,1);
INSERT INTO `predictions` VALUES (12771,34,2018102109,1,1);
INSERT INTO `predictions` VALUES (12772,34,2018102110,1,0);
INSERT INTO `predictions` VALUES (12773,34,2018102111,1,0);
INSERT INTO `predictions` VALUES (12774,34,2018102200,1,1);
INSERT INTO `predictions` VALUES (12775,34,2018102500,0,0);
INSERT INTO `predictions` VALUES (12776,34,2018102800,1,0);
INSERT INTO `predictions` VALUES (12777,34,2018102801,1,1);
INSERT INTO `predictions` VALUES (12778,34,2018102802,1,1);
INSERT INTO `predictions` VALUES (12779,34,2018102803,1,1);
INSERT INTO `predictions` VALUES (12780,34,2018102804,1,0);
INSERT INTO `predictions` VALUES (12781,34,2018102805,1,1);
INSERT INTO `predictions` VALUES (12782,34,2018102806,1,1);
INSERT INTO `predictions` VALUES (12783,34,2018102807,1,1);
INSERT INTO `predictions` VALUES (12784,34,2018102808,1,0);
INSERT INTO `predictions` VALUES (12785,34,2018102809,1,1);
INSERT INTO `predictions` VALUES (12786,34,2018102810,1,1);
INSERT INTO `predictions` VALUES (12787,34,2018102811,1,0);
INSERT INTO `predictions` VALUES (12788,34,2018102900,1,0);
INSERT INTO `predictions` VALUES (12789,34,2018110100,1,0);
INSERT INTO `predictions` VALUES (12790,34,2018110400,1,0);
INSERT INTO `predictions` VALUES (12791,34,2018110401,1,0);
INSERT INTO `predictions` VALUES (12792,34,2018110402,1,1);
INSERT INTO `predictions` VALUES (12793,34,2018110403,1,0);
INSERT INTO `predictions` VALUES (12794,34,2018110404,1,1);
INSERT INTO `predictions` VALUES (12795,34,2018110405,1,1);
INSERT INTO `predictions` VALUES (12796,34,2018110406,1,1);
INSERT INTO `predictions` VALUES (12797,34,2018110407,1,0);
INSERT INTO `predictions` VALUES (12798,34,2018110408,1,1);
INSERT INTO `predictions` VALUES (12799,34,2018110409,1,1);
INSERT INTO `predictions` VALUES (12800,34,2018110410,1,1);
INSERT INTO `predictions` VALUES (12801,34,2018110500,1,0);
INSERT INTO `predictions` VALUES (12802,34,2018110800,1,1);
INSERT INTO `predictions` VALUES (12803,34,2018111100,1,1);
INSERT INTO `predictions` VALUES (12804,34,2018111101,1,0);
INSERT INTO `predictions` VALUES (12805,34,2018111102,1,0);
INSERT INTO `predictions` VALUES (12806,34,2018111103,1,1);
INSERT INTO `predictions` VALUES (12807,34,2018111104,1,0);
INSERT INTO `predictions` VALUES (12808,34,2018111105,1,1);
INSERT INTO `predictions` VALUES (12809,34,2018111106,1,1);
INSERT INTO `predictions` VALUES (12810,34,2018111107,1,0);
INSERT INTO `predictions` VALUES (12811,34,2018111108,1,0);
INSERT INTO `predictions` VALUES (12812,34,2018111109,1,0);
INSERT INTO `predictions` VALUES (12813,34,2018111110,1,1);
INSERT INTO `predictions` VALUES (12814,34,2018111111,1,1);
INSERT INTO `predictions` VALUES (12815,34,2018111200,1,1);
INSERT INTO `predictions` VALUES (12816,34,2018111500,1,1);
INSERT INTO `predictions` VALUES (12817,34,2018111800,1,1);
INSERT INTO `predictions` VALUES (12818,34,2018111801,1,1);
INSERT INTO `predictions` VALUES (12819,34,2018111802,1,0);
INSERT INTO `predictions` VALUES (12820,34,2018111803,1,0);
INSERT INTO `predictions` VALUES (12821,34,2018111804,1,0);
INSERT INTO `predictions` VALUES (12822,34,2018111805,1,0);
INSERT INTO `predictions` VALUES (12823,34,2018111806,1,0);
INSERT INTO `predictions` VALUES (12824,34,2018111807,1,0);
INSERT INTO `predictions` VALUES (12825,34,2018111808,1,1);
INSERT INTO `predictions` VALUES (12826,34,2018111809,1,1);
INSERT INTO `predictions` VALUES (12827,34,2018111810,1,0);
INSERT INTO `predictions` VALUES (12828,34,2018111900,1,1);
INSERT INTO `predictions` VALUES (12829,34,2018112200,1,0);
INSERT INTO `predictions` VALUES (12830,34,2018112201,1,1);
INSERT INTO `predictions` VALUES (12831,34,2018112202,1,1);
INSERT INTO `predictions` VALUES (12832,34,2018112500,1,1);
INSERT INTO `predictions` VALUES (12833,34,2018112501,1,0);
INSERT INTO `predictions` VALUES (12834,34,2018112502,1,1);
INSERT INTO `predictions` VALUES (12835,34,2018112503,1,1);
INSERT INTO `predictions` VALUES (12836,34,2018112504,1,0);
INSERT INTO `predictions` VALUES (12837,34,2018112505,1,0);
INSERT INTO `predictions` VALUES (12838,34,2018112506,1,1);
INSERT INTO `predictions` VALUES (12839,34,2018112507,1,0);
INSERT INTO `predictions` VALUES (12840,34,2018112508,1,1);
INSERT INTO `predictions` VALUES (12841,34,2018112509,1,0);
INSERT INTO `predictions` VALUES (12842,34,2018112510,1,1);
INSERT INTO `predictions` VALUES (12843,34,2018112600,1,0);
INSERT INTO `predictions` VALUES (12844,34,2018112900,1,0);
INSERT INTO `predictions` VALUES (12845,34,2018120200,1,1);
INSERT INTO `predictions` VALUES (12846,34,2018120201,1,0);
INSERT INTO `predictions` VALUES (12847,34,2018120202,1,0);
INSERT INTO `predictions` VALUES (12848,34,2018120203,1,1);
INSERT INTO `predictions` VALUES (12849,34,2018120204,1,1);
INSERT INTO `predictions` VALUES (12850,34,2018120205,1,0);
INSERT INTO `predictions` VALUES (12851,34,2018120206,1,0);
INSERT INTO `predictions` VALUES (12852,34,2018120207,1,0);
INSERT INTO `predictions` VALUES (12853,34,2018120208,1,1);
INSERT INTO `predictions` VALUES (12854,34,2018120209,1,0);
INSERT INTO `predictions` VALUES (12855,34,2018120210,1,0);
INSERT INTO `predictions` VALUES (12856,34,2018120211,1,1);
INSERT INTO `predictions` VALUES (12857,34,2018120212,1,0);
INSERT INTO `predictions` VALUES (12858,34,2018120213,1,1);
INSERT INTO `predictions` VALUES (12859,34,2018120300,1,1);
INSERT INTO `predictions` VALUES (12860,34,2018120600,1,1);
INSERT INTO `predictions` VALUES (12861,34,2018120900,1,1);
INSERT INTO `predictions` VALUES (12862,34,2018120901,1,0);
INSERT INTO `predictions` VALUES (12863,34,2018120902,1,0);
INSERT INTO `predictions` VALUES (12864,34,2018120903,1,0);
INSERT INTO `predictions` VALUES (12865,34,2018120904,1,1);
INSERT INTO `predictions` VALUES (12866,34,2018120905,1,1);
INSERT INTO `predictions` VALUES (12867,34,2018120906,1,0);
INSERT INTO `predictions` VALUES (12868,34,2018120907,1,0);
INSERT INTO `predictions` VALUES (12869,34,2018120908,1,0);
INSERT INTO `predictions` VALUES (12870,34,2018120909,1,1);
INSERT INTO `predictions` VALUES (12871,34,2018120910,1,0);
INSERT INTO `predictions` VALUES (12872,34,2018120911,1,0);
INSERT INTO `predictions` VALUES (12873,34,2018120912,1,1);
INSERT INTO `predictions` VALUES (12874,34,2018120913,1,0);
INSERT INTO `predictions` VALUES (12875,34,2018121000,1,0);
INSERT INTO `predictions` VALUES (12876,34,2018121300,1,0);
INSERT INTO `predictions` VALUES (12877,34,2018121500,1,0);
INSERT INTO `predictions` VALUES (12878,34,2018121501,1,0);
INSERT INTO `predictions` VALUES (12879,34,2018121600,1,1);
INSERT INTO `predictions` VALUES (12880,34,2018121601,1,0);
INSERT INTO `predictions` VALUES (12881,34,2018121602,1,1);
INSERT INTO `predictions` VALUES (12882,34,2018121603,1,1);
INSERT INTO `predictions` VALUES (12883,34,2018121604,1,1);
INSERT INTO `predictions` VALUES (12884,34,2018121605,1,0);
INSERT INTO `predictions` VALUES (12885,34,2018121606,1,1);
INSERT INTO `predictions` VALUES (12886,34,2018121607,1,0);
INSERT INTO `predictions` VALUES (12887,34,2018121608,1,0);
INSERT INTO `predictions` VALUES (12888,34,2018121609,1,0);
INSERT INTO `predictions` VALUES (12889,34,2018121610,1,0);
INSERT INTO `predictions` VALUES (12890,34,2018121611,1,1);
INSERT INTO `predictions` VALUES (12891,34,2018121700,1,0);
INSERT INTO `predictions` VALUES (12892,34,2018122300,1,1);
INSERT INTO `predictions` VALUES (12894,34,2018122302,1,1);
INSERT INTO `predictions` VALUES (12896,34,2018122304,1,1);
INSERT INTO `predictions` VALUES (12897,34,2018122305,1,1);
INSERT INTO `predictions` VALUES (12898,34,2018122306,1,1);
INSERT INTO `predictions` VALUES (12899,34,2018122307,1,0);
INSERT INTO `predictions` VALUES (12900,34,2018122308,1,1);
INSERT INTO `predictions` VALUES (12901,34,2018122309,1,0);
INSERT INTO `predictions` VALUES (12902,34,2018122310,1,0);
INSERT INTO `predictions` VALUES (12903,34,2018122311,1,0);
INSERT INTO `predictions` VALUES (12904,34,2018122312,1,0);
INSERT INTO `predictions` VALUES (12905,34,2018122313,1,1);
INSERT INTO `predictions` VALUES (12906,34,2018122314,1,0);
INSERT INTO `predictions` VALUES (12907,34,2018122400,1,0);
INSERT INTO `predictions` VALUES (12908,34,2018123000,1,0);
INSERT INTO `predictions` VALUES (12909,34,2018123001,1,0);
INSERT INTO `predictions` VALUES (12910,34,2018123002,1,1);
INSERT INTO `predictions` VALUES (12911,34,2018123003,1,1);
INSERT INTO `predictions` VALUES (12912,34,2018123004,1,1);
INSERT INTO `predictions` VALUES (12913,34,2018123005,1,0);
INSERT INTO `predictions` VALUES (12914,34,2018123006,1,1);
INSERT INTO `predictions` VALUES (12915,34,2018123007,1,1);
INSERT INTO `predictions` VALUES (12916,34,2018123008,1,0);
INSERT INTO `predictions` VALUES (12917,34,2018123009,1,1);
INSERT INTO `predictions` VALUES (12918,34,2018123010,1,0);
INSERT INTO `predictions` VALUES (12919,34,2018123011,1,1);
INSERT INTO `predictions` VALUES (12920,34,2018123012,1,0);
INSERT INTO `predictions` VALUES (12921,34,2018123013,1,0);
INSERT INTO `predictions` VALUES (12922,34,2018123014,1,1);
INSERT INTO `predictions` VALUES (12923,34,2018123015,1,1);
INSERT INTO `predictions` VALUES (13179,35,2018090600,1,0);
INSERT INTO `predictions` VALUES (13180,35,2018090900,1,1);
INSERT INTO `predictions` VALUES (13181,35,2018090901,1,0);
INSERT INTO `predictions` VALUES (13182,35,2018090902,1,0);
INSERT INTO `predictions` VALUES (13183,35,2018090903,1,0);
INSERT INTO `predictions` VALUES (13184,35,2018090904,1,1);
INSERT INTO `predictions` VALUES (13185,35,2018090905,1,1);
INSERT INTO `predictions` VALUES (13186,35,2018090906,1,1);
INSERT INTO `predictions` VALUES (13187,35,2018090907,1,0);
INSERT INTO `predictions` VALUES (13188,35,2018090908,1,0);
INSERT INTO `predictions` VALUES (13189,35,2018090909,1,0);
INSERT INTO `predictions` VALUES (13190,35,2018090910,1,1);
INSERT INTO `predictions` VALUES (13191,35,2018090911,1,1);
INSERT INTO `predictions` VALUES (13192,35,2018090912,1,1);
INSERT INTO `predictions` VALUES (13193,35,2018091000,1,1);
INSERT INTO `predictions` VALUES (13194,35,2018091001,1,0);
INSERT INTO `predictions` VALUES (13195,35,2018091300,1,0);
INSERT INTO `predictions` VALUES (13196,35,2018091600,1,1);
INSERT INTO `predictions` VALUES (13197,35,2018091601,1,0);
INSERT INTO `predictions` VALUES (13198,35,2018091602,1,0);
INSERT INTO `predictions` VALUES (13199,35,2018091603,1,1);
INSERT INTO `predictions` VALUES (13200,35,2018091604,1,1);
INSERT INTO `predictions` VALUES (13201,35,2018091605,1,1);
INSERT INTO `predictions` VALUES (13202,35,2018091606,1,0);
INSERT INTO `predictions` VALUES (13203,35,2018091607,1,0);
INSERT INTO `predictions` VALUES (13204,35,2018091608,1,0);
INSERT INTO `predictions` VALUES (13205,35,2018091609,1,1);
INSERT INTO `predictions` VALUES (13206,35,2018091610,1,1);
INSERT INTO `predictions` VALUES (13207,35,2018091611,1,1);
INSERT INTO `predictions` VALUES (13208,35,2018091612,1,1);
INSERT INTO `predictions` VALUES (13209,35,2018091613,1,0);
INSERT INTO `predictions` VALUES (13210,35,2018091700,1,1);
INSERT INTO `predictions` VALUES (13211,35,2018092000,1,1);
INSERT INTO `predictions` VALUES (13212,35,2018092300,1,1);
INSERT INTO `predictions` VALUES (13213,35,2018092301,1,1);
INSERT INTO `predictions` VALUES (13214,35,2018092302,1,0);
INSERT INTO `predictions` VALUES (13215,35,2018092303,1,1);
INSERT INTO `predictions` VALUES (13216,35,2018092304,1,1);
INSERT INTO `predictions` VALUES (13217,35,2018092305,1,1);
INSERT INTO `predictions` VALUES (13218,35,2018092306,1,0);
INSERT INTO `predictions` VALUES (13219,35,2018092307,1,1);
INSERT INTO `predictions` VALUES (13220,35,2018092308,1,1);
INSERT INTO `predictions` VALUES (13221,35,2018092309,1,0);
INSERT INTO `predictions` VALUES (13222,35,2018092310,1,1);
INSERT INTO `predictions` VALUES (13223,35,2018092311,1,0);
INSERT INTO `predictions` VALUES (13224,35,2018092312,1,0);
INSERT INTO `predictions` VALUES (13225,35,2018092313,1,0);
INSERT INTO `predictions` VALUES (13226,35,2018092400,1,0);
INSERT INTO `predictions` VALUES (13227,35,2018092700,1,0);
INSERT INTO `predictions` VALUES (13228,35,2018093000,1,1);
INSERT INTO `predictions` VALUES (13229,35,2018093001,1,0);
INSERT INTO `predictions` VALUES (13230,35,2018093002,1,0);
INSERT INTO `predictions` VALUES (13231,35,2018093003,1,1);
INSERT INTO `predictions` VALUES (13232,35,2018093004,1,0);
INSERT INTO `predictions` VALUES (13233,35,2018093005,1,1);
INSERT INTO `predictions` VALUES (13234,35,2018093006,1,0);
INSERT INTO `predictions` VALUES (13235,35,2018093007,1,0);
INSERT INTO `predictions` VALUES (13236,35,2018093008,1,0);
INSERT INTO `predictions` VALUES (13237,35,2018093009,1,0);
INSERT INTO `predictions` VALUES (13238,35,2018093010,1,1);
INSERT INTO `predictions` VALUES (13239,35,2018093011,1,0);
INSERT INTO `predictions` VALUES (13240,35,2018093012,1,1);
INSERT INTO `predictions` VALUES (13241,35,2018100100,1,0);
INSERT INTO `predictions` VALUES (13242,35,2018100400,1,1);
INSERT INTO `predictions` VALUES (13243,35,2018100700,1,0);
INSERT INTO `predictions` VALUES (13244,35,2018100701,1,1);
INSERT INTO `predictions` VALUES (13245,35,2018100702,1,1);
INSERT INTO `predictions` VALUES (13246,35,2018100703,1,0);
INSERT INTO `predictions` VALUES (13247,35,2018100704,1,0);
INSERT INTO `predictions` VALUES (13248,35,2018100705,1,1);
INSERT INTO `predictions` VALUES (13249,35,2018100706,1,0);
INSERT INTO `predictions` VALUES (13250,35,2018100707,1,1);
INSERT INTO `predictions` VALUES (13251,35,2018100708,1,1);
INSERT INTO `predictions` VALUES (13252,35,2018100709,1,1);
INSERT INTO `predictions` VALUES (13253,35,2018100710,1,1);
INSERT INTO `predictions` VALUES (13254,35,2018100711,1,0);
INSERT INTO `predictions` VALUES (13255,35,2018100712,1,1);
INSERT INTO `predictions` VALUES (13256,35,2018100800,1,1);
INSERT INTO `predictions` VALUES (13257,35,2018101100,1,0);
INSERT INTO `predictions` VALUES (13258,35,2018101400,1,1);
INSERT INTO `predictions` VALUES (13259,35,2018101401,1,0);
INSERT INTO `predictions` VALUES (13260,35,2018101402,1,0);
INSERT INTO `predictions` VALUES (13261,35,2018101403,1,1);
INSERT INTO `predictions` VALUES (13262,35,2018101404,1,0);
INSERT INTO `predictions` VALUES (13263,35,2018101405,1,1);
INSERT INTO `predictions` VALUES (13264,35,2018101406,1,1);
INSERT INTO `predictions` VALUES (13265,35,2018101407,1,0);
INSERT INTO `predictions` VALUES (13266,35,2018101408,1,0);
INSERT INTO `predictions` VALUES (13267,35,2018101409,1,0);
INSERT INTO `predictions` VALUES (13268,35,2018101410,1,0);
INSERT INTO `predictions` VALUES (13269,35,2018101411,1,0);
INSERT INTO `predictions` VALUES (13270,35,2018101412,1,0);
INSERT INTO `predictions` VALUES (13271,35,2018101500,1,1);
INSERT INTO `predictions` VALUES (13272,35,2018101800,1,0);
INSERT INTO `predictions` VALUES (13273,35,2018102100,1,1);
INSERT INTO `predictions` VALUES (13274,35,2018102101,1,0);
INSERT INTO `predictions` VALUES (13275,35,2018102102,1,0);
INSERT INTO `predictions` VALUES (13276,35,2018102103,1,1);
INSERT INTO `predictions` VALUES (13277,35,2018102104,1,1);
INSERT INTO `predictions` VALUES (13278,35,2018102105,1,1);
INSERT INTO `predictions` VALUES (13279,35,2018102106,1,1);
INSERT INTO `predictions` VALUES (13280,35,2018102107,1,0);
INSERT INTO `predictions` VALUES (13281,35,2018102108,1,1);
INSERT INTO `predictions` VALUES (13282,35,2018102109,1,0);
INSERT INTO `predictions` VALUES (13283,35,2018102110,1,0);
INSERT INTO `predictions` VALUES (13284,35,2018102111,1,0);
INSERT INTO `predictions` VALUES (13285,35,2018102200,1,1);
INSERT INTO `predictions` VALUES (13286,35,2018102500,1,1);
INSERT INTO `predictions` VALUES (13287,35,2018102800,1,0);
INSERT INTO `predictions` VALUES (13288,35,2018102801,1,0);
INSERT INTO `predictions` VALUES (13289,35,2018102802,1,1);
INSERT INTO `predictions` VALUES (13290,35,2018102803,1,1);
INSERT INTO `predictions` VALUES (13291,35,2018102804,1,0);
INSERT INTO `predictions` VALUES (13292,35,2018102805,1,1);
INSERT INTO `predictions` VALUES (13293,35,2018102806,1,0);
INSERT INTO `predictions` VALUES (13294,35,2018102807,1,1);
INSERT INTO `predictions` VALUES (13295,35,2018102808,1,0);
INSERT INTO `predictions` VALUES (13296,35,2018102809,1,0);
INSERT INTO `predictions` VALUES (13297,35,2018102810,1,1);
INSERT INTO `predictions` VALUES (13298,35,2018102811,1,1);
INSERT INTO `predictions` VALUES (13299,35,2018102900,1,0);
INSERT INTO `predictions` VALUES (13300,35,2018110100,1,0);
INSERT INTO `predictions` VALUES (13301,35,2018110400,0,0);
INSERT INTO `predictions` VALUES (13302,35,2018110401,0,0);
INSERT INTO `predictions` VALUES (13303,35,2018110402,0,0);
INSERT INTO `predictions` VALUES (13304,35,2018110403,0,0);
INSERT INTO `predictions` VALUES (13305,35,2018110404,0,0);
INSERT INTO `predictions` VALUES (13306,35,2018110405,0,0);
INSERT INTO `predictions` VALUES (13307,35,2018110406,0,0);
INSERT INTO `predictions` VALUES (13308,35,2018110407,0,0);
INSERT INTO `predictions` VALUES (13309,35,2018110408,0,0);
INSERT INTO `predictions` VALUES (13310,35,2018110409,0,0);
INSERT INTO `predictions` VALUES (13311,35,2018110410,1,0);
INSERT INTO `predictions` VALUES (13312,35,2018110500,1,1);
INSERT INTO `predictions` VALUES (13313,35,2018110800,1,1);
INSERT INTO `predictions` VALUES (13314,35,2018111100,1,1);
INSERT INTO `predictions` VALUES (13315,35,2018111101,1,0);
INSERT INTO `predictions` VALUES (13316,35,2018111102,1,0);
INSERT INTO `predictions` VALUES (13317,35,2018111103,1,1);
INSERT INTO `predictions` VALUES (13318,35,2018111104,1,0);
INSERT INTO `predictions` VALUES (13319,35,2018111105,1,1);
INSERT INTO `predictions` VALUES (13320,35,2018111106,1,1);
INSERT INTO `predictions` VALUES (13321,35,2018111107,1,0);
INSERT INTO `predictions` VALUES (13322,35,2018111108,1,0);
INSERT INTO `predictions` VALUES (13323,35,2018111109,1,0);
INSERT INTO `predictions` VALUES (13324,35,2018111110,1,1);
INSERT INTO `predictions` VALUES (13325,35,2018111111,1,1);
INSERT INTO `predictions` VALUES (13326,35,2018111200,1,1);
INSERT INTO `predictions` VALUES (13327,35,2018111500,0,0);
INSERT INTO `predictions` VALUES (13328,35,2018111800,1,1);
INSERT INTO `predictions` VALUES (13329,35,2018111801,1,1);
INSERT INTO `predictions` VALUES (13330,35,2018111802,1,0);
INSERT INTO `predictions` VALUES (13331,35,2018111803,1,0);
INSERT INTO `predictions` VALUES (13332,35,2018111804,1,1);
INSERT INTO `predictions` VALUES (13333,35,2018111805,1,1);
INSERT INTO `predictions` VALUES (13334,35,2018111806,1,1);
INSERT INTO `predictions` VALUES (13335,35,2018111807,1,1);
INSERT INTO `predictions` VALUES (13336,35,2018111808,1,1);
INSERT INTO `predictions` VALUES (13337,35,2018111809,1,1);
INSERT INTO `predictions` VALUES (13338,35,2018111810,1,0);
INSERT INTO `predictions` VALUES (13339,35,2018111900,1,0);
INSERT INTO `predictions` VALUES (13340,35,2018112200,1,0);
INSERT INTO `predictions` VALUES (13341,35,2018112201,1,1);
INSERT INTO `predictions` VALUES (13342,35,2018112202,1,1);
INSERT INTO `predictions` VALUES (13343,35,2018112500,1,1);
INSERT INTO `predictions` VALUES (13344,35,2018112501,1,0);
INSERT INTO `predictions` VALUES (13345,35,2018112502,1,1);
INSERT INTO `predictions` VALUES (13346,35,2018112503,1,1);
INSERT INTO `predictions` VALUES (13347,35,2018112504,1,1);
INSERT INTO `predictions` VALUES (13348,35,2018112505,1,0);
INSERT INTO `predictions` VALUES (13349,35,2018112506,1,1);
INSERT INTO `predictions` VALUES (13350,35,2018112507,1,0);
INSERT INTO `predictions` VALUES (13351,35,2018112508,1,1);
INSERT INTO `predictions` VALUES (13352,35,2018112509,1,0);
INSERT INTO `predictions` VALUES (13353,35,2018112510,1,0);
INSERT INTO `predictions` VALUES (13354,35,2018112600,1,1);
INSERT INTO `predictions` VALUES (13355,35,2018112900,1,0);
INSERT INTO `predictions` VALUES (13356,35,2018120200,1,0);
INSERT INTO `predictions` VALUES (13357,35,2018120201,1,0);
INSERT INTO `predictions` VALUES (13358,35,2018120202,1,0);
INSERT INTO `predictions` VALUES (13359,35,2018120203,1,1);
INSERT INTO `predictions` VALUES (13360,35,2018120204,1,1);
INSERT INTO `predictions` VALUES (13361,35,2018120205,1,0);
INSERT INTO `predictions` VALUES (13362,35,2018120206,1,0);
INSERT INTO `predictions` VALUES (13363,35,2018120207,1,0);
INSERT INTO `predictions` VALUES (13364,35,2018120208,1,1);
INSERT INTO `predictions` VALUES (13365,35,2018120209,1,0);
INSERT INTO `predictions` VALUES (13366,35,2018120210,1,0);
INSERT INTO `predictions` VALUES (13367,35,2018120211,1,1);
INSERT INTO `predictions` VALUES (13368,35,2018120212,1,0);
INSERT INTO `predictions` VALUES (13369,35,2018120213,1,1);
INSERT INTO `predictions` VALUES (13370,35,2018120300,1,1);
INSERT INTO `predictions` VALUES (13371,35,2018120600,1,1);
INSERT INTO `predictions` VALUES (13372,35,2018120900,0,0);
INSERT INTO `predictions` VALUES (13373,35,2018120901,0,0);
INSERT INTO `predictions` VALUES (13374,35,2018120902,0,0);
INSERT INTO `predictions` VALUES (13375,35,2018120903,0,0);
INSERT INTO `predictions` VALUES (13376,35,2018120904,0,0);
INSERT INTO `predictions` VALUES (13377,35,2018120905,0,0);
INSERT INTO `predictions` VALUES (13378,35,2018120906,0,0);
INSERT INTO `predictions` VALUES (13379,35,2018120907,0,0);
INSERT INTO `predictions` VALUES (13380,35,2018120908,0,0);
INSERT INTO `predictions` VALUES (13381,35,2018120909,0,0);
INSERT INTO `predictions` VALUES (13382,35,2018120910,0,0);
INSERT INTO `predictions` VALUES (13383,35,2018120911,0,0);
INSERT INTO `predictions` VALUES (13384,35,2018120912,0,0);
INSERT INTO `predictions` VALUES (13385,35,2018120913,0,0);
INSERT INTO `predictions` VALUES (13386,35,2018121000,0,0);
INSERT INTO `predictions` VALUES (13387,35,2018121300,1,1);
INSERT INTO `predictions` VALUES (13388,35,2018121500,1,0);
INSERT INTO `predictions` VALUES (13389,35,2018121501,0,0);
INSERT INTO `predictions` VALUES (13390,35,2018121600,1,1);
INSERT INTO `predictions` VALUES (13391,35,2018121601,1,1);
INSERT INTO `predictions` VALUES (13392,35,2018121602,1,0);
INSERT INTO `predictions` VALUES (13393,35,2018121603,1,1);
INSERT INTO `predictions` VALUES (13394,35,2018121604,1,1);
INSERT INTO `predictions` VALUES (13395,35,2018121605,1,0);
INSERT INTO `predictions` VALUES (13396,35,2018121606,1,1);
INSERT INTO `predictions` VALUES (13397,35,2018121607,1,1);
INSERT INTO `predictions` VALUES (13398,35,2018121608,1,1);
INSERT INTO `predictions` VALUES (13399,35,2018121609,1,0);
INSERT INTO `predictions` VALUES (13400,35,2018121610,1,1);
INSERT INTO `predictions` VALUES (13401,35,2018121611,1,1);
INSERT INTO `predictions` VALUES (13402,35,2018121700,1,0);
INSERT INTO `predictions` VALUES (13403,35,2018122300,1,1);
INSERT INTO `predictions` VALUES (13405,35,2018122302,1,1);
INSERT INTO `predictions` VALUES (13407,35,2018122304,1,0);
INSERT INTO `predictions` VALUES (13408,35,2018122305,1,0);
INSERT INTO `predictions` VALUES (13409,35,2018122306,1,1);
INSERT INTO `predictions` VALUES (13410,35,2018122307,1,0);
INSERT INTO `predictions` VALUES (13411,35,2018122308,1,1);
INSERT INTO `predictions` VALUES (13412,35,2018122309,1,0);
INSERT INTO `predictions` VALUES (13413,35,2018122310,1,0);
INSERT INTO `predictions` VALUES (13414,35,2018122311,1,0);
INSERT INTO `predictions` VALUES (13415,35,2018122312,1,0);
INSERT INTO `predictions` VALUES (13416,35,2018122313,1,0);
INSERT INTO `predictions` VALUES (13417,35,2018122314,1,0);
INSERT INTO `predictions` VALUES (13418,35,2018122400,1,0);
INSERT INTO `predictions` VALUES (13419,35,2018123000,0,0);
INSERT INTO `predictions` VALUES (13420,35,2018123001,0,0);
INSERT INTO `predictions` VALUES (13421,35,2018123002,0,0);
INSERT INTO `predictions` VALUES (13422,35,2018123003,0,0);
INSERT INTO `predictions` VALUES (13423,35,2018123004,0,0);
INSERT INTO `predictions` VALUES (13424,35,2018123005,0,0);
INSERT INTO `predictions` VALUES (13425,35,2018123006,0,0);
INSERT INTO `predictions` VALUES (13426,35,2018123007,0,0);
INSERT INTO `predictions` VALUES (13427,35,2018123008,0,0);
INSERT INTO `predictions` VALUES (13428,35,2018123009,0,0);
INSERT INTO `predictions` VALUES (13429,35,2018123010,0,0);
INSERT INTO `predictions` VALUES (13430,35,2018123011,0,0);
INSERT INTO `predictions` VALUES (13431,35,2018123012,0,0);
INSERT INTO `predictions` VALUES (13432,35,2018123013,0,0);
INSERT INTO `predictions` VALUES (13433,35,2018123014,0,0);
INSERT INTO `predictions` VALUES (13434,35,2018123015,0,0);
INSERT INTO `predictions` VALUES (13435,36,2018090600,1,0);
INSERT INTO `predictions` VALUES (13436,36,2018090900,1,1);
INSERT INTO `predictions` VALUES (13437,36,2018090901,1,0);
INSERT INTO `predictions` VALUES (13438,36,2018090902,1,0);
INSERT INTO `predictions` VALUES (13439,36,2018090903,1,0);
INSERT INTO `predictions` VALUES (13440,36,2018090904,1,0);
INSERT INTO `predictions` VALUES (13441,36,2018090905,1,1);
INSERT INTO `predictions` VALUES (13442,36,2018090906,1,1);
INSERT INTO `predictions` VALUES (13443,36,2018090907,1,0);
INSERT INTO `predictions` VALUES (13444,36,2018090908,1,1);
INSERT INTO `predictions` VALUES (13445,36,2018090909,1,1);
INSERT INTO `predictions` VALUES (13446,36,2018090910,1,1);
INSERT INTO `predictions` VALUES (13447,36,2018090911,1,1);
INSERT INTO `predictions` VALUES (13448,36,2018090912,1,1);
INSERT INTO `predictions` VALUES (13449,36,2018091000,1,1);
INSERT INTO `predictions` VALUES (13450,36,2018091001,1,0);
INSERT INTO `predictions` VALUES (13451,36,2018091300,1,1);
INSERT INTO `predictions` VALUES (13452,36,2018091600,1,1);
INSERT INTO `predictions` VALUES (13453,36,2018091601,1,0);
INSERT INTO `predictions` VALUES (13454,36,2018091602,1,1);
INSERT INTO `predictions` VALUES (13455,36,2018091603,1,1);
INSERT INTO `predictions` VALUES (13456,36,2018091604,1,1);
INSERT INTO `predictions` VALUES (13457,36,2018091605,1,1);
INSERT INTO `predictions` VALUES (13458,36,2018091606,1,1);
INSERT INTO `predictions` VALUES (13459,36,2018091607,1,0);
INSERT INTO `predictions` VALUES (13460,36,2018091608,1,1);
INSERT INTO `predictions` VALUES (13461,36,2018091609,1,1);
INSERT INTO `predictions` VALUES (13462,36,2018091610,1,1);
INSERT INTO `predictions` VALUES (13463,36,2018091611,1,1);
INSERT INTO `predictions` VALUES (13464,36,2018091612,1,0);
INSERT INTO `predictions` VALUES (13465,36,2018091613,1,0);
INSERT INTO `predictions` VALUES (13466,36,2018091700,1,1);
INSERT INTO `predictions` VALUES (13467,36,2018092000,1,0);
INSERT INTO `predictions` VALUES (13468,36,2018092300,1,0);
INSERT INTO `predictions` VALUES (13469,36,2018092301,1,0);
INSERT INTO `predictions` VALUES (13470,36,2018092302,1,1);
INSERT INTO `predictions` VALUES (13471,36,2018092303,1,1);
INSERT INTO `predictions` VALUES (13472,36,2018092304,1,1);
INSERT INTO `predictions` VALUES (13473,36,2018092305,1,0);
INSERT INTO `predictions` VALUES (13474,36,2018092306,1,1);
INSERT INTO `predictions` VALUES (13475,36,2018092307,1,1);
INSERT INTO `predictions` VALUES (13476,36,2018092308,1,1);
INSERT INTO `predictions` VALUES (13477,36,2018092309,1,0);
INSERT INTO `predictions` VALUES (13478,36,2018092310,1,1);
INSERT INTO `predictions` VALUES (13479,36,2018092311,1,0);
INSERT INTO `predictions` VALUES (13480,36,2018092312,1,0);
INSERT INTO `predictions` VALUES (13481,36,2018092313,1,0);
INSERT INTO `predictions` VALUES (13482,36,2018092400,1,0);
INSERT INTO `predictions` VALUES (13483,36,2018092700,1,1);
INSERT INTO `predictions` VALUES (13484,36,2018093000,1,1);
INSERT INTO `predictions` VALUES (13485,36,2018093001,1,0);
INSERT INTO `predictions` VALUES (13486,36,2018093002,1,1);
INSERT INTO `predictions` VALUES (13487,36,2018093003,1,1);
INSERT INTO `predictions` VALUES (13488,36,2018093004,1,0);
INSERT INTO `predictions` VALUES (13489,36,2018093005,1,1);
INSERT INTO `predictions` VALUES (13490,36,2018093006,1,1);
INSERT INTO `predictions` VALUES (13491,36,2018093007,1,0);
INSERT INTO `predictions` VALUES (13492,36,2018093008,1,0);
INSERT INTO `predictions` VALUES (13493,36,2018093009,1,0);
INSERT INTO `predictions` VALUES (13494,36,2018093010,1,0);
INSERT INTO `predictions` VALUES (13495,36,2018093011,1,0);
INSERT INTO `predictions` VALUES (13496,36,2018093012,1,1);
INSERT INTO `predictions` VALUES (13497,36,2018100100,1,0);
INSERT INTO `predictions` VALUES (13498,36,2018100400,1,1);
INSERT INTO `predictions` VALUES (13499,36,2018100700,1,0);
INSERT INTO `predictions` VALUES (13500,36,2018100701,1,1);
INSERT INTO `predictions` VALUES (13501,36,2018100702,1,0);
INSERT INTO `predictions` VALUES (13502,36,2018100703,1,0);
INSERT INTO `predictions` VALUES (13503,36,2018100704,1,0);
INSERT INTO `predictions` VALUES (13504,36,2018100705,1,1);
INSERT INTO `predictions` VALUES (13505,36,2018100706,1,1);
INSERT INTO `predictions` VALUES (13506,36,2018100707,1,0);
INSERT INTO `predictions` VALUES (13507,36,2018100708,1,1);
INSERT INTO `predictions` VALUES (13508,36,2018100709,1,1);
INSERT INTO `predictions` VALUES (13509,36,2018100710,1,1);
INSERT INTO `predictions` VALUES (13510,36,2018100711,1,0);
INSERT INTO `predictions` VALUES (13511,36,2018100712,1,0);
INSERT INTO `predictions` VALUES (13512,36,2018100800,1,1);
INSERT INTO `predictions` VALUES (13513,36,2018101100,1,0);
INSERT INTO `predictions` VALUES (13514,36,2018101400,1,1);
INSERT INTO `predictions` VALUES (13515,36,2018101401,1,1);
INSERT INTO `predictions` VALUES (13516,36,2018101402,1,0);
INSERT INTO `predictions` VALUES (13517,36,2018101403,1,0);
INSERT INTO `predictions` VALUES (13518,36,2018101404,1,1);
INSERT INTO `predictions` VALUES (13519,36,2018101405,1,1);
INSERT INTO `predictions` VALUES (13520,36,2018101406,1,1);
INSERT INTO `predictions` VALUES (13521,36,2018101407,1,0);
INSERT INTO `predictions` VALUES (13522,36,2018101408,1,0);
INSERT INTO `predictions` VALUES (13523,36,2018101409,1,0);
INSERT INTO `predictions` VALUES (13524,36,2018101410,1,0);
INSERT INTO `predictions` VALUES (13525,36,2018101411,1,0);
INSERT INTO `predictions` VALUES (13526,36,2018101412,1,0);
INSERT INTO `predictions` VALUES (13527,36,2018101500,1,1);
INSERT INTO `predictions` VALUES (13528,36,2018101800,1,0);
INSERT INTO `predictions` VALUES (13529,36,2018102100,1,1);
INSERT INTO `predictions` VALUES (13530,36,2018102101,1,0);
INSERT INTO `predictions` VALUES (13531,36,2018102102,1,0);
INSERT INTO `predictions` VALUES (13532,36,2018102103,1,1);
INSERT INTO `predictions` VALUES (13533,36,2018102104,1,1);
INSERT INTO `predictions` VALUES (13534,36,2018102105,1,1);
INSERT INTO `predictions` VALUES (13535,36,2018102106,1,1);
INSERT INTO `predictions` VALUES (13536,36,2018102107,1,0);
INSERT INTO `predictions` VALUES (13537,36,2018102108,1,0);
INSERT INTO `predictions` VALUES (13538,36,2018102109,1,1);
INSERT INTO `predictions` VALUES (13539,36,2018102110,1,1);
INSERT INTO `predictions` VALUES (13540,36,2018102111,1,0);
INSERT INTO `predictions` VALUES (13541,36,2018102200,1,1);
INSERT INTO `predictions` VALUES (13542,36,2018102500,1,1);
INSERT INTO `predictions` VALUES (13543,36,2018102800,1,0);
INSERT INTO `predictions` VALUES (13544,36,2018102801,1,1);
INSERT INTO `predictions` VALUES (13545,36,2018102802,1,1);
INSERT INTO `predictions` VALUES (13546,36,2018102803,1,1);
INSERT INTO `predictions` VALUES (13547,36,2018102804,1,0);
INSERT INTO `predictions` VALUES (13548,36,2018102805,1,1);
INSERT INTO `predictions` VALUES (13549,36,2018102806,1,0);
INSERT INTO `predictions` VALUES (13550,36,2018102807,1,1);
INSERT INTO `predictions` VALUES (13551,36,2018102808,1,0);
INSERT INTO `predictions` VALUES (13552,36,2018102809,1,0);
INSERT INTO `predictions` VALUES (13553,36,2018102810,1,1);
INSERT INTO `predictions` VALUES (13554,36,2018102811,1,0);
INSERT INTO `predictions` VALUES (13555,36,2018102900,1,0);
INSERT INTO `predictions` VALUES (13556,36,2018110100,1,0);
INSERT INTO `predictions` VALUES (13557,36,2018110400,1,0);
INSERT INTO `predictions` VALUES (13558,36,2018110401,1,0);
INSERT INTO `predictions` VALUES (13559,36,2018110402,1,1);
INSERT INTO `predictions` VALUES (13560,36,2018110403,1,0);
INSERT INTO `predictions` VALUES (13561,36,2018110404,0,0);
INSERT INTO `predictions` VALUES (13562,36,2018110405,1,1);
INSERT INTO `predictions` VALUES (13563,36,2018110406,1,0);
INSERT INTO `predictions` VALUES (13564,36,2018110407,1,1);
INSERT INTO `predictions` VALUES (13565,36,2018110408,1,0);
INSERT INTO `predictions` VALUES (13566,36,2018110409,1,1);
INSERT INTO `predictions` VALUES (13567,36,2018110410,1,0);
INSERT INTO `predictions` VALUES (13568,36,2018110500,1,1);
INSERT INTO `predictions` VALUES (13569,36,2018110800,1,1);
INSERT INTO `predictions` VALUES (13570,36,2018111100,1,1);
INSERT INTO `predictions` VALUES (13571,36,2018111101,1,0);
INSERT INTO `predictions` VALUES (13572,36,2018111102,1,0);
INSERT INTO `predictions` VALUES (13573,36,2018111103,1,1);
INSERT INTO `predictions` VALUES (13574,36,2018111104,1,0);
INSERT INTO `predictions` VALUES (13575,36,2018111105,1,1);
INSERT INTO `predictions` VALUES (13576,36,2018111106,1,0);
INSERT INTO `predictions` VALUES (13577,36,2018111107,1,0);
INSERT INTO `predictions` VALUES (13578,36,2018111108,1,0);
INSERT INTO `predictions` VALUES (13579,36,2018111109,1,0);
INSERT INTO `predictions` VALUES (13580,36,2018111110,1,1);
INSERT INTO `predictions` VALUES (13581,36,2018111111,1,1);
INSERT INTO `predictions` VALUES (13582,36,2018111200,1,1);
INSERT INTO `predictions` VALUES (13583,36,2018111500,1,0);
INSERT INTO `predictions` VALUES (13584,36,2018111800,1,1);
INSERT INTO `predictions` VALUES (13585,36,2018111801,1,1);
INSERT INTO `predictions` VALUES (13586,36,2018111802,1,0);
INSERT INTO `predictions` VALUES (13587,36,2018111803,1,0);
INSERT INTO `predictions` VALUES (13588,36,2018111804,1,1);
INSERT INTO `predictions` VALUES (13589,36,2018111805,1,1);
INSERT INTO `predictions` VALUES (13590,36,2018111806,1,0);
INSERT INTO `predictions` VALUES (13591,36,2018111807,1,1);
INSERT INTO `predictions` VALUES (13592,36,2018111808,1,1);
INSERT INTO `predictions` VALUES (13593,36,2018111809,1,1);
INSERT INTO `predictions` VALUES (13594,36,2018111810,1,0);
INSERT INTO `predictions` VALUES (13595,36,2018111900,1,0);
INSERT INTO `predictions` VALUES (13596,36,2018112200,1,0);
INSERT INTO `predictions` VALUES (13597,36,2018112201,1,1);
INSERT INTO `predictions` VALUES (13598,36,2018112202,1,1);
INSERT INTO `predictions` VALUES (13599,36,2018112500,1,1);
INSERT INTO `predictions` VALUES (13600,36,2018112501,1,0);
INSERT INTO `predictions` VALUES (13601,36,2018112502,1,0);
INSERT INTO `predictions` VALUES (13602,36,2018112503,1,1);
INSERT INTO `predictions` VALUES (13603,36,2018112504,1,1);
INSERT INTO `predictions` VALUES (13604,36,2018112505,1,0);
INSERT INTO `predictions` VALUES (13605,36,2018112506,1,1);
INSERT INTO `predictions` VALUES (13606,36,2018112507,1,0);
INSERT INTO `predictions` VALUES (13607,36,2018112508,1,1);
INSERT INTO `predictions` VALUES (13608,36,2018112509,1,0);
INSERT INTO `predictions` VALUES (13609,36,2018112510,1,0);
INSERT INTO `predictions` VALUES (13610,36,2018112600,1,1);
INSERT INTO `predictions` VALUES (13611,36,2018112900,1,0);
INSERT INTO `predictions` VALUES (13612,36,2018120200,1,0);
INSERT INTO `predictions` VALUES (13613,36,2018120201,1,0);
INSERT INTO `predictions` VALUES (13614,36,2018120202,1,0);
INSERT INTO `predictions` VALUES (13615,36,2018120203,1,1);
INSERT INTO `predictions` VALUES (13616,36,2018120204,1,1);
INSERT INTO `predictions` VALUES (13617,36,2018120205,1,0);
INSERT INTO `predictions` VALUES (13618,36,2018120206,1,0);
INSERT INTO `predictions` VALUES (13619,36,2018120207,1,0);
INSERT INTO `predictions` VALUES (13620,36,2018120208,1,0);
INSERT INTO `predictions` VALUES (13621,36,2018120209,1,0);
INSERT INTO `predictions` VALUES (13622,36,2018120210,1,0);
INSERT INTO `predictions` VALUES (13623,36,2018120211,1,1);
INSERT INTO `predictions` VALUES (13624,36,2018120212,1,1);
INSERT INTO `predictions` VALUES (13625,36,2018120213,1,1);
INSERT INTO `predictions` VALUES (13626,36,2018120300,1,1);
INSERT INTO `predictions` VALUES (13627,36,2018120600,1,1);
INSERT INTO `predictions` VALUES (13628,36,2018120900,1,1);
INSERT INTO `predictions` VALUES (13629,36,2018120901,1,0);
INSERT INTO `predictions` VALUES (13630,36,2018120902,1,0);
INSERT INTO `predictions` VALUES (13631,36,2018120903,1,1);
INSERT INTO `predictions` VALUES (13632,36,2018120904,1,1);
INSERT INTO `predictions` VALUES (13633,36,2018120905,1,1);
INSERT INTO `predictions` VALUES (13634,36,2018120906,1,0);
INSERT INTO `predictions` VALUES (13635,36,2018120907,1,0);
INSERT INTO `predictions` VALUES (13636,36,2018120908,1,0);
INSERT INTO `predictions` VALUES (13637,36,2018120909,1,1);
INSERT INTO `predictions` VALUES (13638,36,2018120910,1,0);
INSERT INTO `predictions` VALUES (13639,36,2018120911,1,1);
INSERT INTO `predictions` VALUES (13640,36,2018120912,1,0);
INSERT INTO `predictions` VALUES (13641,36,2018120913,1,0);
INSERT INTO `predictions` VALUES (13642,36,2018121000,1,0);
INSERT INTO `predictions` VALUES (13643,36,2018121300,1,1);
INSERT INTO `predictions` VALUES (13644,36,2018121500,1,0);
INSERT INTO `predictions` VALUES (13645,36,2018121501,1,0);
INSERT INTO `predictions` VALUES (13646,36,2018121600,1,1);
INSERT INTO `predictions` VALUES (13647,36,2018121601,1,1);
INSERT INTO `predictions` VALUES (13648,36,2018121602,1,1);
INSERT INTO `predictions` VALUES (13649,36,2018121603,1,1);
INSERT INTO `predictions` VALUES (13650,36,2018121604,1,1);
INSERT INTO `predictions` VALUES (13651,36,2018121605,1,1);
INSERT INTO `predictions` VALUES (13652,36,2018121606,1,1);
INSERT INTO `predictions` VALUES (13653,36,2018121607,1,0);
INSERT INTO `predictions` VALUES (13654,36,2018121608,1,1);
INSERT INTO `predictions` VALUES (13655,36,2018121609,1,0);
INSERT INTO `predictions` VALUES (13656,36,2018121610,1,1);
INSERT INTO `predictions` VALUES (13657,36,2018121611,1,1);
INSERT INTO `predictions` VALUES (13658,36,2018121700,1,0);
INSERT INTO `predictions` VALUES (13659,36,2018122300,1,1);
INSERT INTO `predictions` VALUES (13661,36,2018122302,1,1);
INSERT INTO `predictions` VALUES (13663,36,2018122304,1,0);
INSERT INTO `predictions` VALUES (13664,36,2018122305,1,1);
INSERT INTO `predictions` VALUES (13665,36,2018122306,1,1);
INSERT INTO `predictions` VALUES (13666,36,2018122307,1,0);
INSERT INTO `predictions` VALUES (13667,36,2018122308,1,1);
INSERT INTO `predictions` VALUES (13668,36,2018122309,1,0);
INSERT INTO `predictions` VALUES (13669,36,2018122310,1,0);
INSERT INTO `predictions` VALUES (13670,36,2018122311,1,0);
INSERT INTO `predictions` VALUES (13671,36,2018122312,1,0);
INSERT INTO `predictions` VALUES (13672,36,2018122313,1,1);
INSERT INTO `predictions` VALUES (13673,36,2018122314,1,0);
INSERT INTO `predictions` VALUES (13674,36,2018122400,1,0);
INSERT INTO `predictions` VALUES (13675,36,2018123000,1,1);
INSERT INTO `predictions` VALUES (13676,36,2018123001,1,1);
INSERT INTO `predictions` VALUES (13677,36,2018123002,1,1);
INSERT INTO `predictions` VALUES (13678,36,2018123003,1,1);
INSERT INTO `predictions` VALUES (13679,36,2018123004,1,1);
INSERT INTO `predictions` VALUES (13680,36,2018123005,1,1);
INSERT INTO `predictions` VALUES (13681,36,2018123006,1,1);
INSERT INTO `predictions` VALUES (13682,36,2018123007,1,1);
INSERT INTO `predictions` VALUES (13683,36,2018123008,1,0);
INSERT INTO `predictions` VALUES (13684,36,2018123009,1,1);
INSERT INTO `predictions` VALUES (13685,36,2018123010,1,0);
INSERT INTO `predictions` VALUES (13686,36,2018123011,1,0);
INSERT INTO `predictions` VALUES (13687,36,2018123012,1,0);
INSERT INTO `predictions` VALUES (13688,36,2018123013,1,0);
INSERT INTO `predictions` VALUES (13689,36,2018123014,1,1);
INSERT INTO `predictions` VALUES (13690,36,2018123015,1,1);
INSERT INTO `predictions` VALUES (13946,37,2018090600,1,0);
INSERT INTO `predictions` VALUES (13947,37,2018090900,1,1);
INSERT INTO `predictions` VALUES (13948,37,2018090901,1,0);
INSERT INTO `predictions` VALUES (13949,37,2018090902,1,0);
INSERT INTO `predictions` VALUES (13950,37,2018090903,1,0);
INSERT INTO `predictions` VALUES (13951,37,2018090904,1,1);
INSERT INTO `predictions` VALUES (13952,37,2018090905,1,1);
INSERT INTO `predictions` VALUES (13953,37,2018090906,1,1);
INSERT INTO `predictions` VALUES (13954,37,2018090907,1,0);
INSERT INTO `predictions` VALUES (13955,37,2018090908,1,1);
INSERT INTO `predictions` VALUES (13956,37,2018090909,1,1);
INSERT INTO `predictions` VALUES (13957,37,2018090910,1,1);
INSERT INTO `predictions` VALUES (13958,37,2018090911,1,1);
INSERT INTO `predictions` VALUES (13959,37,2018090912,1,1);
INSERT INTO `predictions` VALUES (13960,37,2018091000,1,1);
INSERT INTO `predictions` VALUES (13961,37,2018091001,1,0);
INSERT INTO `predictions` VALUES (13962,37,2018091300,1,0);
INSERT INTO `predictions` VALUES (13963,37,2018091600,1,1);
INSERT INTO `predictions` VALUES (13964,37,2018091601,1,0);
INSERT INTO `predictions` VALUES (13965,37,2018091602,1,0);
INSERT INTO `predictions` VALUES (13966,37,2018091603,1,1);
INSERT INTO `predictions` VALUES (13967,37,2018091604,1,1);
INSERT INTO `predictions` VALUES (13968,37,2018091605,1,1);
INSERT INTO `predictions` VALUES (13969,37,2018091606,1,0);
INSERT INTO `predictions` VALUES (13970,37,2018091607,1,1);
INSERT INTO `predictions` VALUES (13971,37,2018091608,1,1);
INSERT INTO `predictions` VALUES (13972,37,2018091609,1,1);
INSERT INTO `predictions` VALUES (13973,37,2018091610,1,1);
INSERT INTO `predictions` VALUES (13974,37,2018091611,1,1);
INSERT INTO `predictions` VALUES (13975,37,2018091612,1,0);
INSERT INTO `predictions` VALUES (13976,37,2018091613,1,0);
INSERT INTO `predictions` VALUES (13977,37,2018091700,1,1);
INSERT INTO `predictions` VALUES (13978,37,2018092000,1,1);
INSERT INTO `predictions` VALUES (13979,37,2018092300,1,1);
INSERT INTO `predictions` VALUES (13980,37,2018092301,1,1);
INSERT INTO `predictions` VALUES (13981,37,2018092302,1,0);
INSERT INTO `predictions` VALUES (13982,37,2018092303,1,1);
INSERT INTO `predictions` VALUES (13983,37,2018092304,1,1);
INSERT INTO `predictions` VALUES (13984,37,2018092305,1,1);
INSERT INTO `predictions` VALUES (13985,37,2018092306,1,1);
INSERT INTO `predictions` VALUES (13986,37,2018092307,1,1);
INSERT INTO `predictions` VALUES (13987,37,2018092308,1,1);
INSERT INTO `predictions` VALUES (13988,37,2018092309,1,0);
INSERT INTO `predictions` VALUES (13989,37,2018092310,1,1);
INSERT INTO `predictions` VALUES (13990,37,2018092311,1,0);
INSERT INTO `predictions` VALUES (13991,37,2018092312,1,0);
INSERT INTO `predictions` VALUES (13992,37,2018092313,1,0);
INSERT INTO `predictions` VALUES (13993,37,2018092400,1,0);
INSERT INTO `predictions` VALUES (13994,37,2018092700,1,0);
INSERT INTO `predictions` VALUES (13995,37,2018093000,1,0);
INSERT INTO `predictions` VALUES (13996,37,2018093001,1,1);
INSERT INTO `predictions` VALUES (13997,37,2018093002,1,0);
INSERT INTO `predictions` VALUES (13998,37,2018093003,1,1);
INSERT INTO `predictions` VALUES (13999,37,2018093004,1,1);
INSERT INTO `predictions` VALUES (14000,37,2018093005,1,1);
INSERT INTO `predictions` VALUES (14001,37,2018093006,1,0);
INSERT INTO `predictions` VALUES (14002,37,2018093007,1,0);
INSERT INTO `predictions` VALUES (14003,37,2018093008,1,1);
INSERT INTO `predictions` VALUES (14004,37,2018093009,1,0);
INSERT INTO `predictions` VALUES (14005,37,2018093010,1,1);
INSERT INTO `predictions` VALUES (14006,37,2018093011,1,0);
INSERT INTO `predictions` VALUES (14007,37,2018093012,1,1);
INSERT INTO `predictions` VALUES (14008,37,2018100100,1,0);
INSERT INTO `predictions` VALUES (14009,37,2018100400,0,0);
INSERT INTO `predictions` VALUES (14010,37,2018100700,1,0);
INSERT INTO `predictions` VALUES (14011,37,2018100701,1,1);
INSERT INTO `predictions` VALUES (14012,37,2018100702,1,1);
INSERT INTO `predictions` VALUES (14013,37,2018100703,1,1);
INSERT INTO `predictions` VALUES (14014,37,2018100704,1,0);
INSERT INTO `predictions` VALUES (14015,37,2018100705,1,0);
INSERT INTO `predictions` VALUES (14016,37,2018100706,1,1);
INSERT INTO `predictions` VALUES (14017,37,2018100707,1,1);
INSERT INTO `predictions` VALUES (14018,37,2018100708,1,1);
INSERT INTO `predictions` VALUES (14019,37,2018100709,1,0);
INSERT INTO `predictions` VALUES (14020,37,2018100710,1,0);
INSERT INTO `predictions` VALUES (14021,37,2018100711,1,0);
INSERT INTO `predictions` VALUES (14022,37,2018100712,1,1);
INSERT INTO `predictions` VALUES (14023,37,2018100800,1,1);
INSERT INTO `predictions` VALUES (14024,37,2018101100,0,0);
INSERT INTO `predictions` VALUES (14025,37,2018101400,0,0);
INSERT INTO `predictions` VALUES (14026,37,2018101401,0,0);
INSERT INTO `predictions` VALUES (14027,37,2018101402,0,0);
INSERT INTO `predictions` VALUES (14028,37,2018101403,0,0);
INSERT INTO `predictions` VALUES (14029,37,2018101404,0,0);
INSERT INTO `predictions` VALUES (14030,37,2018101405,0,0);
INSERT INTO `predictions` VALUES (14031,37,2018101406,0,0);
INSERT INTO `predictions` VALUES (14032,37,2018101407,0,0);
INSERT INTO `predictions` VALUES (14033,37,2018101408,0,0);
INSERT INTO `predictions` VALUES (14034,37,2018101409,0,0);
INSERT INTO `predictions` VALUES (14035,37,2018101410,0,0);
INSERT INTO `predictions` VALUES (14036,37,2018101411,0,0);
INSERT INTO `predictions` VALUES (14037,37,2018101412,0,0);
INSERT INTO `predictions` VALUES (14038,37,2018101500,0,0);
INSERT INTO `predictions` VALUES (14039,37,2018101800,1,0);
INSERT INTO `predictions` VALUES (14040,37,2018102100,1,1);
INSERT INTO `predictions` VALUES (14041,37,2018102101,1,0);
INSERT INTO `predictions` VALUES (14042,37,2018102102,1,0);
INSERT INTO `predictions` VALUES (14043,37,2018102103,1,1);
INSERT INTO `predictions` VALUES (14044,37,2018102104,1,1);
INSERT INTO `predictions` VALUES (14045,37,2018102105,1,1);
INSERT INTO `predictions` VALUES (14046,37,2018102106,1,0);
INSERT INTO `predictions` VALUES (14047,37,2018102107,1,0);
INSERT INTO `predictions` VALUES (14048,37,2018102108,1,1);
INSERT INTO `predictions` VALUES (14049,37,2018102109,1,0);
INSERT INTO `predictions` VALUES (14050,37,2018102110,1,1);
INSERT INTO `predictions` VALUES (14051,37,2018102111,1,0);
INSERT INTO `predictions` VALUES (14052,37,2018102200,1,1);
INSERT INTO `predictions` VALUES (14053,37,2018102500,0,0);
INSERT INTO `predictions` VALUES (14054,37,2018102800,0,0);
INSERT INTO `predictions` VALUES (14055,37,2018102801,1,0);
INSERT INTO `predictions` VALUES (14056,37,2018102802,1,1);
INSERT INTO `predictions` VALUES (14057,37,2018102803,1,1);
INSERT INTO `predictions` VALUES (14058,37,2018102804,1,1);
INSERT INTO `predictions` VALUES (14059,37,2018102805,1,1);
INSERT INTO `predictions` VALUES (14060,37,2018102806,1,0);
INSERT INTO `predictions` VALUES (14061,37,2018102807,1,1);
INSERT INTO `predictions` VALUES (14062,37,2018102808,1,0);
INSERT INTO `predictions` VALUES (14063,37,2018102809,1,0);
INSERT INTO `predictions` VALUES (14064,37,2018102810,1,0);
INSERT INTO `predictions` VALUES (14065,37,2018102811,1,0);
INSERT INTO `predictions` VALUES (14066,37,2018102900,1,0);
INSERT INTO `predictions` VALUES (14067,37,2018110100,1,0);
INSERT INTO `predictions` VALUES (14068,37,2018110400,1,0);
INSERT INTO `predictions` VALUES (14069,37,2018110401,1,0);
INSERT INTO `predictions` VALUES (14070,37,2018110402,1,1);
INSERT INTO `predictions` VALUES (14071,37,2018110403,1,0);
INSERT INTO `predictions` VALUES (14072,37,2018110404,1,0);
INSERT INTO `predictions` VALUES (14073,37,2018110405,1,1);
INSERT INTO `predictions` VALUES (14074,37,2018110406,1,1);
INSERT INTO `predictions` VALUES (14075,37,2018110407,1,1);
INSERT INTO `predictions` VALUES (14076,37,2018110408,1,0);
INSERT INTO `predictions` VALUES (14077,37,2018110409,1,0);
INSERT INTO `predictions` VALUES (14078,37,2018110410,1,1);
INSERT INTO `predictions` VALUES (14079,37,2018110500,1,1);
INSERT INTO `predictions` VALUES (14080,37,2018110800,0,0);
INSERT INTO `predictions` VALUES (14081,37,2018111100,0,0);
INSERT INTO `predictions` VALUES (14082,37,2018111101,0,0);
INSERT INTO `predictions` VALUES (14083,37,2018111102,0,0);
INSERT INTO `predictions` VALUES (14084,37,2018111103,0,0);
INSERT INTO `predictions` VALUES (14085,37,2018111104,0,0);
INSERT INTO `predictions` VALUES (14086,37,2018111105,0,0);
INSERT INTO `predictions` VALUES (14087,37,2018111106,0,0);
INSERT INTO `predictions` VALUES (14088,37,2018111107,0,0);
INSERT INTO `predictions` VALUES (14089,37,2018111108,0,0);
INSERT INTO `predictions` VALUES (14090,37,2018111109,0,0);
INSERT INTO `predictions` VALUES (14091,37,2018111110,0,0);
INSERT INTO `predictions` VALUES (14092,37,2018111111,0,0);
INSERT INTO `predictions` VALUES (14093,37,2018111200,0,0);
INSERT INTO `predictions` VALUES (14094,37,2018111500,0,0);
INSERT INTO `predictions` VALUES (14095,37,2018111800,0,0);
INSERT INTO `predictions` VALUES (14096,37,2018111801,0,0);
INSERT INTO `predictions` VALUES (14097,37,2018111802,0,0);
INSERT INTO `predictions` VALUES (14098,37,2018111803,0,0);
INSERT INTO `predictions` VALUES (14099,37,2018111804,0,0);
INSERT INTO `predictions` VALUES (14100,37,2018111805,0,0);
INSERT INTO `predictions` VALUES (14101,37,2018111806,0,0);
INSERT INTO `predictions` VALUES (14102,37,2018111807,0,0);
INSERT INTO `predictions` VALUES (14103,37,2018111808,0,0);
INSERT INTO `predictions` VALUES (14104,37,2018111809,0,0);
INSERT INTO `predictions` VALUES (14105,37,2018111810,0,0);
INSERT INTO `predictions` VALUES (14106,37,2018111900,0,0);
INSERT INTO `predictions` VALUES (14107,37,2018112200,0,0);
INSERT INTO `predictions` VALUES (14108,37,2018112201,0,0);
INSERT INTO `predictions` VALUES (14109,37,2018112202,0,0);
INSERT INTO `predictions` VALUES (14110,37,2018112500,0,0);
INSERT INTO `predictions` VALUES (14111,37,2018112501,0,0);
INSERT INTO `predictions` VALUES (14112,37,2018112502,0,0);
INSERT INTO `predictions` VALUES (14113,37,2018112503,0,0);
INSERT INTO `predictions` VALUES (14114,37,2018112504,0,0);
INSERT INTO `predictions` VALUES (14115,37,2018112505,0,0);
INSERT INTO `predictions` VALUES (14116,37,2018112506,0,0);
INSERT INTO `predictions` VALUES (14117,37,2018112507,0,0);
INSERT INTO `predictions` VALUES (14118,37,2018112508,0,0);
INSERT INTO `predictions` VALUES (14119,37,2018112509,0,0);
INSERT INTO `predictions` VALUES (14120,37,2018112510,0,0);
INSERT INTO `predictions` VALUES (14121,37,2018112600,0,0);
INSERT INTO `predictions` VALUES (14122,37,2018112900,0,0);
INSERT INTO `predictions` VALUES (14123,37,2018120200,0,0);
INSERT INTO `predictions` VALUES (14124,37,2018120201,0,0);
INSERT INTO `predictions` VALUES (14125,37,2018120202,0,0);
INSERT INTO `predictions` VALUES (14126,37,2018120203,0,0);
INSERT INTO `predictions` VALUES (14127,37,2018120204,0,0);
INSERT INTO `predictions` VALUES (14128,37,2018120205,0,0);
INSERT INTO `predictions` VALUES (14129,37,2018120206,0,0);
INSERT INTO `predictions` VALUES (14130,37,2018120207,0,0);
INSERT INTO `predictions` VALUES (14131,37,2018120208,0,0);
INSERT INTO `predictions` VALUES (14132,37,2018120209,0,0);
INSERT INTO `predictions` VALUES (14133,37,2018120210,0,0);
INSERT INTO `predictions` VALUES (14134,37,2018120211,0,0);
INSERT INTO `predictions` VALUES (14135,37,2018120212,0,0);
INSERT INTO `predictions` VALUES (14136,37,2018120213,0,0);
INSERT INTO `predictions` VALUES (14137,37,2018120300,0,0);
INSERT INTO `predictions` VALUES (14138,37,2018120600,0,0);
INSERT INTO `predictions` VALUES (14139,37,2018120900,0,0);
INSERT INTO `predictions` VALUES (14140,37,2018120901,0,0);
INSERT INTO `predictions` VALUES (14141,37,2018120902,0,0);
INSERT INTO `predictions` VALUES (14142,37,2018120903,0,0);
INSERT INTO `predictions` VALUES (14143,37,2018120904,0,0);
INSERT INTO `predictions` VALUES (14144,37,2018120905,0,0);
INSERT INTO `predictions` VALUES (14145,37,2018120906,0,0);
INSERT INTO `predictions` VALUES (14146,37,2018120907,0,0);
INSERT INTO `predictions` VALUES (14147,37,2018120908,0,0);
INSERT INTO `predictions` VALUES (14148,37,2018120909,0,0);
INSERT INTO `predictions` VALUES (14149,37,2018120910,0,0);
INSERT INTO `predictions` VALUES (14150,37,2018120911,0,0);
INSERT INTO `predictions` VALUES (14151,37,2018120912,0,0);
INSERT INTO `predictions` VALUES (14152,37,2018120913,0,0);
INSERT INTO `predictions` VALUES (14153,37,2018121000,0,0);
INSERT INTO `predictions` VALUES (14154,37,2018121300,0,0);
INSERT INTO `predictions` VALUES (14155,37,2018121500,0,0);
INSERT INTO `predictions` VALUES (14156,37,2018121501,0,0);
INSERT INTO `predictions` VALUES (14157,37,2018121600,0,0);
INSERT INTO `predictions` VALUES (14158,37,2018121601,0,0);
INSERT INTO `predictions` VALUES (14159,37,2018121602,0,0);
INSERT INTO `predictions` VALUES (14160,37,2018121603,0,0);
INSERT INTO `predictions` VALUES (14161,37,2018121604,0,0);
INSERT INTO `predictions` VALUES (14162,37,2018121605,0,0);
INSERT INTO `predictions` VALUES (14163,37,2018121606,0,0);
INSERT INTO `predictions` VALUES (14164,37,2018121607,0,0);
INSERT INTO `predictions` VALUES (14165,37,2018121608,0,0);
INSERT INTO `predictions` VALUES (14166,37,2018121609,0,0);
INSERT INTO `predictions` VALUES (14167,37,2018121610,0,0);
INSERT INTO `predictions` VALUES (14168,37,2018121611,0,0);
INSERT INTO `predictions` VALUES (14169,37,2018121700,0,0);
INSERT INTO `predictions` VALUES (14170,37,2018122300,0,0);
INSERT INTO `predictions` VALUES (14172,37,2018122302,0,0);
INSERT INTO `predictions` VALUES (14174,37,2018122304,0,0);
INSERT INTO `predictions` VALUES (14175,37,2018122305,0,0);
INSERT INTO `predictions` VALUES (14176,37,2018122306,0,0);
INSERT INTO `predictions` VALUES (14177,37,2018122307,0,0);
INSERT INTO `predictions` VALUES (14178,37,2018122308,0,0);
INSERT INTO `predictions` VALUES (14179,37,2018122309,0,0);
INSERT INTO `predictions` VALUES (14180,37,2018122310,0,0);
INSERT INTO `predictions` VALUES (14181,37,2018122311,0,0);
INSERT INTO `predictions` VALUES (14182,37,2018122312,0,0);
INSERT INTO `predictions` VALUES (14183,37,2018122313,0,0);
INSERT INTO `predictions` VALUES (14184,37,2018122314,0,0);
INSERT INTO `predictions` VALUES (14185,37,2018122400,0,0);
INSERT INTO `predictions` VALUES (14186,37,2018123000,0,0);
INSERT INTO `predictions` VALUES (14187,37,2018123001,0,0);
INSERT INTO `predictions` VALUES (14188,37,2018123002,0,0);
INSERT INTO `predictions` VALUES (14189,37,2018123003,0,0);
INSERT INTO `predictions` VALUES (14190,37,2018123004,0,0);
INSERT INTO `predictions` VALUES (14191,37,2018123005,0,0);
INSERT INTO `predictions` VALUES (14192,37,2018123006,0,0);
INSERT INTO `predictions` VALUES (14193,37,2018123007,0,0);
INSERT INTO `predictions` VALUES (14194,37,2018123008,0,0);
INSERT INTO `predictions` VALUES (14195,37,2018123009,0,0);
INSERT INTO `predictions` VALUES (14196,37,2018123010,0,0);
INSERT INTO `predictions` VALUES (14197,37,2018123011,0,0);
INSERT INTO `predictions` VALUES (14198,37,2018123012,0,0);
INSERT INTO `predictions` VALUES (14199,37,2018123013,0,0);
INSERT INTO `predictions` VALUES (14200,37,2018123014,0,0);
INSERT INTO `predictions` VALUES (14201,37,2018123015,0,0);
INSERT INTO `predictions` VALUES (14202,30,2018122200,0,0);
INSERT INTO `predictions` VALUES (14203,34,2018122200,1,1);
INSERT INTO `predictions` VALUES (14204,36,2018122200,1,1);
INSERT INTO `predictions` VALUES (14205,31,2018122200,1,1);
INSERT INTO `predictions` VALUES (14206,35,2018122200,1,1);
INSERT INTO `predictions` VALUES (14207,32,2018122200,1,1);
INSERT INTO `predictions` VALUES (14208,37,2018122200,0,0);
INSERT INTO `predictions` VALUES (14209,33,2018122200,1,1);
INSERT INTO `predictions` VALUES (14217,30,2018122201,0,0);
INSERT INTO `predictions` VALUES (14218,34,2018122201,1,1);
INSERT INTO `predictions` VALUES (14219,36,2018122201,1,1);
INSERT INTO `predictions` VALUES (14220,31,2018122201,0,0);
INSERT INTO `predictions` VALUES (14221,35,2018122201,1,1);
INSERT INTO `predictions` VALUES (14222,32,2018122201,1,1);
INSERT INTO `predictions` VALUES (14223,37,2018122201,0,0);
INSERT INTO `predictions` VALUES (14224,33,2018122201,1,1);
INSERT INTO `predictions` VALUES (14225,30,2019010500,0,0);
INSERT INTO `predictions` VALUES (14226,34,2019010500,1,0);
INSERT INTO `predictions` VALUES (14227,36,2019010500,1,0);
INSERT INTO `predictions` VALUES (14228,31,2019010500,1,0);
INSERT INTO `predictions` VALUES (14229,35,2019010500,1,1);
INSERT INTO `predictions` VALUES (14230,32,2019010500,1,0);
INSERT INTO `predictions` VALUES (14231,37,2019010500,0,0);
INSERT INTO `predictions` VALUES (14232,33,2019010500,1,0);
INSERT INTO `predictions` VALUES (14240,30,2019010601,0,0);
INSERT INTO `predictions` VALUES (14241,34,2019010601,1,1);
INSERT INTO `predictions` VALUES (14242,36,2019010601,1,1);
INSERT INTO `predictions` VALUES (14243,31,2019010601,1,1);
INSERT INTO `predictions` VALUES (14244,35,2019010601,1,1);
INSERT INTO `predictions` VALUES (14245,32,2019010601,1,1);
INSERT INTO `predictions` VALUES (14246,37,2019010601,0,0);
INSERT INTO `predictions` VALUES (14247,33,2019010601,1,1);
INSERT INTO `predictions` VALUES (14255,30,2019010600,0,0);
INSERT INTO `predictions` VALUES (14256,34,2019010600,1,0);
INSERT INTO `predictions` VALUES (14257,36,2019010600,1,1);
INSERT INTO `predictions` VALUES (14258,31,2019010600,1,0);
INSERT INTO `predictions` VALUES (14259,35,2019010600,1,1);
INSERT INTO `predictions` VALUES (14260,32,2019010600,1,0);
INSERT INTO `predictions` VALUES (14261,37,2019010600,0,0);
INSERT INTO `predictions` VALUES (14262,33,2019010600,1,1);
INSERT INTO `predictions` VALUES (14270,30,2019010501,0,0);
INSERT INTO `predictions` VALUES (14271,34,2019010501,1,0);
INSERT INTO `predictions` VALUES (14272,36,2019010501,1,0);
INSERT INTO `predictions` VALUES (14273,31,2019010501,1,0);
INSERT INTO `predictions` VALUES (14274,35,2019010501,1,0);
INSERT INTO `predictions` VALUES (14275,32,2019010501,1,0);
INSERT INTO `predictions` VALUES (14276,37,2019010501,0,0);
INSERT INTO `predictions` VALUES (14277,33,2019010501,1,0);
INSERT INTO `predictions` VALUES (14285,30,2019011200,1,0);
INSERT INTO `predictions` VALUES (14286,34,2019011200,1,0);
INSERT INTO `predictions` VALUES (14287,36,2019011200,1,1);
INSERT INTO `predictions` VALUES (14288,31,2019011200,1,1);
INSERT INTO `predictions` VALUES (14289,35,2019011200,0,0);
INSERT INTO `predictions` VALUES (14290,32,2019011200,1,1);
INSERT INTO `predictions` VALUES (14291,37,2019011200,0,0);
INSERT INTO `predictions` VALUES (14292,33,2019011200,1,0);
INSERT INTO `predictions` VALUES (14300,30,2019011300,0,0);
INSERT INTO `predictions` VALUES (14301,34,2019011300,1,0);
INSERT INTO `predictions` VALUES (14302,36,2019011300,1,1);
INSERT INTO `predictions` VALUES (14303,31,2019011300,1,1);
INSERT INTO `predictions` VALUES (14304,35,2019011300,0,0);
INSERT INTO `predictions` VALUES (14305,32,2019011300,1,0);
INSERT INTO `predictions` VALUES (14306,37,2019011300,0,0);
INSERT INTO `predictions` VALUES (14307,33,2019011300,1,1);
INSERT INTO `predictions` VALUES (14315,30,2019011301,0,0);
INSERT INTO `predictions` VALUES (14316,34,2019011301,1,1);
INSERT INTO `predictions` VALUES (14317,36,2019011301,1,1);
INSERT INTO `predictions` VALUES (14318,31,2019011301,1,0);
INSERT INTO `predictions` VALUES (14319,35,2019011301,0,0);
INSERT INTO `predictions` VALUES (14320,32,2019011301,1,1);
INSERT INTO `predictions` VALUES (14321,37,2019011301,0,0);
INSERT INTO `predictions` VALUES (14322,33,2019011301,1,1);
INSERT INTO `predictions` VALUES (14330,30,2019011201,0,0);
INSERT INTO `predictions` VALUES (14331,34,2019011201,1,1);
INSERT INTO `predictions` VALUES (14332,36,2019011201,1,1);
INSERT INTO `predictions` VALUES (14333,31,2019011201,1,1);
INSERT INTO `predictions` VALUES (14334,35,2019011201,0,0);
INSERT INTO `predictions` VALUES (14335,32,2019011201,1,1);
INSERT INTO `predictions` VALUES (14336,37,2019011201,0,0);
INSERT INTO `predictions` VALUES (14337,33,2019011201,1,1);
INSERT INTO `predictions` VALUES (14345,30,2019012000,0,0);
INSERT INTO `predictions` VALUES (14346,34,2019012000,1,0);
INSERT INTO `predictions` VALUES (14347,36,2019012000,1,1);
INSERT INTO `predictions` VALUES (14348,31,2019012000,1,0);
INSERT INTO `predictions` VALUES (14349,35,2019012000,0,0);
INSERT INTO `predictions` VALUES (14350,32,2019012000,1,1);
INSERT INTO `predictions` VALUES (14351,37,2019012000,0,0);
INSERT INTO `predictions` VALUES (14352,33,2019012000,1,1);
INSERT INTO `predictions` VALUES (14360,30,2019012001,0,0);
INSERT INTO `predictions` VALUES (14361,34,2019012001,1,1);
INSERT INTO `predictions` VALUES (14362,36,2019012001,0,0);
INSERT INTO `predictions` VALUES (14363,31,2019012001,1,0);
INSERT INTO `predictions` VALUES (14364,35,2019012001,0,0);
INSERT INTO `predictions` VALUES (14365,32,2019012001,1,1);
INSERT INTO `predictions` VALUES (14366,37,2019012001,0,0);
INSERT INTO `predictions` VALUES (14367,33,2019012001,1,0);
INSERT INTO `predictions` VALUES (14375,30,2019020300,1,1);
INSERT INTO `predictions` VALUES (14376,34,2019020300,1,1);
INSERT INTO `predictions` VALUES (14377,36,2019020300,1,1);
INSERT INTO `predictions` VALUES (14378,31,2019020300,1,1);
INSERT INTO `predictions` VALUES (14379,35,2019020300,0,0);
INSERT INTO `predictions` VALUES (14380,32,2019020300,1,1);
INSERT INTO `predictions` VALUES (14381,37,2019020300,0,0);
INSERT INTO `predictions` VALUES (14382,33,2019020300,1,0);
/*!40000 ALTER TABLE `predictions` ENABLE KEYS */;
UNLOCK TABLES;
DROP TABLE IF EXISTS `predictions_plus`;
/*!40101 SET @saved_cs_client     = @@character_set_client */;
/*!40101 SET character_set_client = utf8 */;
CREATE TABLE `predictions_plus` (
  `predictions_p_id` int(11) NOT NULL AUTO_INCREMENT,
  `user_id` int(11) NOT NULL,
  `superbowl` int(11) DEFAULT NULL,
  `afc_winner` int(11) DEFAULT NULL,
  `nfc_winner` int(11) DEFAULT NULL,
  `best_offense` int(11) DEFAULT NULL,
  `best_defense` int(11) DEFAULT NULL,
  PRIMARY KEY (`predictions_p_id`),
  KEY `user_id` (`user_id`),
  KEY `superbowl` (`superbowl`),
  KEY `afc_winner` (`afc_winner`),
  KEY `nfc_winner` (`nfc_winner`),
  KEY `best_offense` (`best_offense`),
  KEY `best_defense` (`best_defense`),
  CONSTRAINT `predictions_plus_ibfk_1` FOREIGN KEY (`user_id`) REFERENCES `user` (`user_id`),
  CONSTRAINT `predictions_plus_ibfk_2` FOREIGN KEY (`superbowl`) REFERENCES `teams` (`team_id`),
  CONSTRAINT `predictions_plus_ibfk_3` FOREIGN KEY (`afc_winner`) REFERENCES `teams` (`team_id`),
  CONSTRAINT `predictions_plus_ibfk_4` FOREIGN KEY (`nfc_winner`) REFERENCES `teams` (`team_id`),
  CONSTRAINT `predictions_plus_ibfk_5` FOREIGN KEY (`best_offense`) REFERENCES `teams` (`team_id`),
  CONSTRAINT `predictions_plus_ibfk_6` FOREIGN KEY (`best_defense`) REFERENCES `teams` (`team_id`)
) ENGINE=InnoDB AUTO_INCREMENT=37 DEFAULT CHARSET=utf8;
/*!40101 SET character_set_client = @saved_cs_client */;

LOCK TABLES `predictions_plus` WRITE;
/*!40000 ALTER TABLE `predictions_plus` DISABLE KEYS */;
INSERT INTO `predictions_plus` VALUES (5,3,NULL,1,31,14,24);
INSERT INTO `predictions_plus` VALUES (29,30,29,13,NULL,NULL,NULL);
INSERT INTO `predictions_plus` VALUES (30,31,NULL,1,27,31,12);
INSERT INTO `predictions_plus` VALUES (31,32,25,5,25,27,12);
INSERT INTO `predictions_plus` VALUES (32,33,1,1,31,21,31);
INSERT INTO `predictions_plus` VALUES (33,34,5,5,23,5,12);
INSERT INTO `predictions_plus` VALUES (34,35,5,5,31,5,31);
INSERT INTO `predictions_plus` VALUES (35,36,31,1,31,25,31);
INSERT INTO `predictions_plus` VALUES (36,37,27,1,27,27,12);
/*!40000 ALTER TABLE `predictions_plus` ENABLE KEYS */;
UNLOCK TABLES;
DROP TABLE IF EXISTS `standings`;
/*!40101 SET @saved_cs_client     = @@character_set_client */;
/*!40101 SET character_set_client = utf8 */;
CREATE TABLE `standings` (
  `standing_id` int(11) NOT NULL,
  `team_id` int(11) NOT NULL,
  `prefix` varchar(2) DEFAULT NULL,
  `games` varchar(20) NOT NULL,
  `score` varchar(10) NOT NULL,
  `div_games` varchar(20) NOT NULL,
  PRIMARY KEY (`standing_id`),
  KEY `team_id` (`team_id`),
  CONSTRAINT `standings_ibfk_1` FOREIGN KEY (`team_id`) REFERENCES `teams` (`team_id`)
) ENGINE=InnoDB DEFAULT CHARSET=utf8;
/*!40101 SET character_set_client = @saved_cs_client */;

LOCK TABLES `standings` WRITE;
/*!40000 ALTER TABLE `standings` DISABLE KEYS */;
INSERT INTO `standings` VALUES (1,1,'y','11-5','.688','5-1');
INSERT INTO `standings` VALUES (2,2,NULL,'7-9','.438','4-2');
INSERT INTO `standings` VALUES (3,3,NULL,'6-10','.375','2-4');
INSERT INTO `standings` VALUES (4,4,NULL,'4-12','.250','1-5');
INSERT INTO `standings` VALUES (5,6,'y','10-6','.625','3-3');
INSERT INTO `standings` VALUES (6,5,NULL,'9-6-1','.594','4-1-1');
INSERT INTO `standings` VALUES (7,8,NULL,'7-8-1','.469','3-2-1');
INSERT INTO `standings` VALUES (8,7,NULL,'6-10','.375','1-5');
INSERT INTO `standings` VALUES (9,9,'y','11-5','.688','4-2');
INSERT INTO `standings` VALUES (10,11,'x','10-6','.625','4-2');
INSERT INTO `standings` VALUES (11,10,NULL,'9-7','.563','3-3');
INSERT INTO `standings` VALUES (12,12,NULL,'5-11','.313','1-5');
INSERT INTO `standings` VALUES (13,14,'z','12-4','.750','5-1');
INSERT INTO `standings` VALUES (14,16,'x','12-4','.750','4-2');
INSERT INTO `standings` VALUES (15,15,NULL,'6-10','.375','2-4');
INSERT INTO `standings` VALUES (16,13,NULL,'4-12','.250','1-5');
INSERT INTO `standings` VALUES (17,17,'y','10-6','.625','5-1');
INSERT INTO `standings` VALUES (18,20,'x','9-7','.563','4-2');
INSERT INTO `standings` VALUES (19,19,NULL,'7-9','.438','2-4');
INSERT INTO `standings` VALUES (20,18,NULL,'5-11','.313','1-5');
INSERT INTO `standings` VALUES (21,24,'y','12-4','.750','5-1');
INSERT INTO `standings` VALUES (22,23,NULL,'8-7-1','.531','3-2-1');
INSERT INTO `standings` VALUES (23,21,NULL,'6-9-1','.406','1-4-1');
INSERT INTO `standings` VALUES (24,22,NULL,'6-10','.375','2-4');
INSERT INTO `standings` VALUES (25,27,'z','13-3','.813','4-2');
INSERT INTO `standings` VALUES (26,25,NULL,'7-9','.438','4-2');
INSERT INTO `standings` VALUES (27,28,NULL,'7-9','.438','2-4');
INSERT INTO `standings` VALUES (28,26,NULL,'5-11','.313','2-4');
INSERT INTO `standings` VALUES (29,31,'y','13-3','.813','6-0');
INSERT INTO `standings` VALUES (30,29,'x','10-6','.625','3-3');
INSERT INTO `standings` VALUES (31,32,NULL,'4-12','.250','1-5');
INSERT INTO `standings` VALUES (32,30,NULL,'3-13','.188','2-4');
/*!40000 ALTER TABLE `standings` ENABLE KEYS */;
UNLOCK TABLES;
DROP TABLE IF EXISTS `teams`;
/*!40101 SET @saved_cs_client     = @@character_set_client */;
/*!40101 SET character_set_client = utf8 */;
CREATE TABLE `teams` (
  `team_id` int(11) NOT NULL AUTO_INCREMENT,
  `team_name` varchar(100) NOT NULL,
  `team_prefix` varchar(10) NOT NULL,
  `team_division` varchar(100) DEFAULT NULL,
  `team_region` varchar(100) DEFAULT NULL,
  PRIMARY KEY (`team_id`),
  UNIQUE KEY `team_name` (`team_name`),
  UNIQUE KEY `team_prefix` (`team_prefix`)
) ENGINE=InnoDB AUTO_INCREMENT=33 DEFAULT CHARSET=utf8;
/*!40101 SET character_set_client = @saved_cs_client */;

LOCK TABLES `teams` WRITE;
/*!40000 ALTER TABLE `teams` DISABLE KEYS */;
INSERT INTO `teams` VALUES (1,'New England Patriots','NE','afc','east');
INSERT INTO `teams` VALUES (2,'Miami Dolphins','MIA','afc','east');
INSERT INTO `teams` VALUES (3,'Buffalo Bills','BUF','afc','east');
INSERT INTO `teams` VALUES (4,'New York Jets','NYJ','afc','east');
INSERT INTO `teams` VALUES (5,'Pittsburgh Steelers','PIT','afc','north');
INSERT INTO `teams` VALUES (6,'Baltimore Ravens','BAL','afc','north');
INSERT INTO `teams` VALUES (7,'Cincinnati Bengals','CIN','afc','north');
INSERT INTO `teams` VALUES (8,'Cleveland Browns','CLE','afc','north');
INSERT INTO `teams` VALUES (9,'Houston Texans','HOU','afc','south');
INSERT INTO `teams` VALUES (10,'Tennessee Titans','TEN','afc','south');
INSERT INTO `teams` VALUES (11,'Indianapolis Colts','IND','afc','south');
INSERT INTO `teams` VALUES (12,'Jacksonville Jaguars','JAX','afc','south');
INSERT INTO `teams` VALUES (13,'Oakland Raiders','OAK','afc','west');
INSERT INTO `teams` VALUES (14,'Kansas City Chiefs','KC','afc','west');
INSERT INTO `teams` VALUES (15,'Denver Broncos','DEN','afc','west');
INSERT INTO `teams` VALUES (16,'Los Angeles Chargers','LAC','afc','west');
INSERT INTO `teams` VALUES (17,'Dallas Cowboys','DAL','nfc','east');
INSERT INTO `teams` VALUES (18,'New York Giants','NYG','nfc','east');
INSERT INTO `teams` VALUES (19,'Washington Redskins','WAS','nfc','east');
INSERT INTO `teams` VALUES (20,'Philadelphia Eagles','PHI','nfc','east');
INSERT INTO `teams` VALUES (21,'Green Bay Packers','GB','nfc','north');
INSERT INTO `teams` VALUES (22,'Detroit Lions','DET','nfc','north');
INSERT INTO `teams` VALUES (23,'Minnesota Vikings','MIN','nfc','north');
INSERT INTO `teams` VALUES (24,'Chicago Bears','CHI','nfc','north');
INSERT INTO `teams` VALUES (25,'Atlanta Falcons','ATL','nfc','south');
INSERT INTO `teams` VALUES (26,'Tampa Bay Buccaneers','TB','nfc','south');
INSERT INTO `teams` VALUES (27,'New Orleans Saints','NO','nfc','south');
INSERT INTO `teams` VALUES (28,'Carolina Panthers','CAR','nfc','south');
INSERT INTO `teams` VALUES (29,'Seattle Seahawks','SEA','nfc','west');
INSERT INTO `teams` VALUES (30,'Arizona Cardinals','ARI','nfc','west');
INSERT INTO `teams` VALUES (31,'Los Angeles Rams','LA','nfc','west');
INSERT INTO `teams` VALUES (32,'San Francisco 49ers','SF','nfc','west');
/*!40000 ALTER TABLE `teams` ENABLE KEYS */;
UNLOCK TABLES;
DROP TABLE IF EXISTS `user`;
/*!40101 SET @saved_cs_client     = @@character_set_client */;
/*!40101 SET character_set_client = utf8 */;
CREATE TABLE `user` (
  `user_id` int(11) NOT NULL AUTO_INCREMENT,
  `user_name` varchar(100) NOT NULL,
  `user_email` varchar(100) NOT NULL,
  `user_password` varchar(100) NOT NULL,
  PRIMARY KEY (`user_id`),
  UNIQUE KEY `user_name` (`user_name`)
) ENGINE=InnoDB AUTO_INCREMENT=38 DEFAULT CHARSET=utf8;
/*!40101 SET character_set_client = @saved_cs_client */;

LOCK TABLES `user` WRITE;
/*!40000 ALTER TABLE `user` DISABLE KEYS */;
INSERT INTO `user` VALUES (3,'admin','admin@mail.com','password');
INSERT INTO `user` VALUES (30,'Andre','akr.tester@googlemail.com','$2a$10$AFoornqhrbfpIOab6KV9budE3DbIx1u9ba2ATT.aBo.B3Nvnup0De');
INSERT INTO `user` VALUES (31,'Hippus','chippe@gmx.net','$2a$10$JawiaZaiHFAL4GwtDN8/YOYT5phDxMg/FDBUPAk.pvmkrCEDbJm1u');
INSERT INTO `user` VALUES (32,'Juni ','juneski.david@gmx.de','$2a$10$qN/LGoFLhCANIvpA9W0G2ekBmFjMnbfibYJtc4IcXjFaEesLhI9km');
INSERT INTO `user` VALUES (33,'Strauchbert','max_strauch@hotmail.de','$2a$10$.8He4s9qixsV0ztZUBJLpuFauD.3GT3rjP9Nuxl4QDB9uDcuCJhsa');
INSERT INTO `user` VALUES (34,'Frank ','langneroz@web.de','$2a$10$C9xxFC71g4ugvA7oKFwIeOohLSM.FktZpe8udo5xhg6n2i2sGw59u');
INSERT INTO `user` VALUES (35,'Johann','johann_warschau@web.de','$2a$10$FtshE2yGW/6HsFyzz6z5Q.396PEKon3gebgo.CBEPpg9Ax/PcV1n6');
INSERT INTO `user` VALUES (36,'Greg','quaddro@gmx.net','$2a$10$LcPH3jrnXM2PV.3ZNCbR3uJhmyIu4U4gwA6eHG8kSAYuygwxEDeJu');
INSERT INTO `user` VALUES (37,'Pit','pit.konczak@gmx.de','$2a$10$uQ2VeMg1kWuC1GuNDvhAe.1twi9D9RT.k41TXcMARsHE55l7MNQD6');
/*!40000 ALTER TABLE `user` ENABLE KEYS */;
UNLOCK TABLES;
/*!40103 SET TIME_ZONE=@OLD_TIME_ZONE */;

/*!40101 SET SQL_MODE=@OLD_SQL_MODE */;
/*!40014 SET FOREIGN_KEY_CHECKS=@OLD_FOREIGN_KEY_CHECKS */;
/*!40014 SET UNIQUE_CHECKS=@OLD_UNIQUE_CHECKS */;
/*!40101 SET CHARACTER_SET_CLIENT=@OLD_CHARACTER_SET_CLIENT */;
/*!40101 SET CHARACTER_SET_RESULTS=@OLD_CHARACTER_SET_RESULTS */;
/*!40101 SET COLLATION_CONNECTION=@OLD_COLLATION_CONNECTION */;
/*!40111 SET SQL_NOTES=@OLD_SQL_NOTES */;

