
/*!40101 SET @OLD_CHARACTER_SET_CLIENT=@@CHARACTER_SET_CLIENT */;
/*!40101 SET @OLD_CHARACTER_SET_RESULTS=@@CHARACTER_SET_RESULTS */;
/*!40101 SET @OLD_COLLATION_CONNECTION=@@COLLATION_CONNECTION */;
/*!40101 SET NAMES utf8 */;
/*!40103 SET @OLD_TIME_ZONE=@@TIME_ZONE */;
/*!40103 SET TIME_ZONE='+00:00' */;
/*!40014 SET @OLD_UNIQUE_CHECKS=@@UNIQUE_CHECKS, UNIQUE_CHECKS=0 */;
/*!40014 SET @OLD_FOREIGN_KEY_CHECKS=@@FOREIGN_KEY_CHECKS, FOREIGN_KEY_CHECKS=0 */;
/*!40101 SET @OLD_SQL_MODE=@@SQL_MODE, SQL_MODE='NO_AUTO_VALUE_ON_ZERO' */;
/*!40111 SET @OLD_SQL_NOTES=@@SQL_NOTES, SQL_NOTES=0 */;
DROP TABLE IF EXISTS `games`;
/*!40101 SET @saved_cs_client     = @@character_set_client */;
/*!40101 SET character_set_client = utf8 */;
CREATE TABLE `games` (
  `game_id` int(11) NOT NULL,
  `game_datetime` datetime NOT NULL,
  `game_finished` tinyint(1) NOT NULL,
  `home_team_id` int(11) NOT NULL,
  `home_team_score` int(11) DEFAULT NULL,
  `away_team_id` int(11) NOT NULL,
  `away_team_score` int(11) DEFAULT NULL,
  `week` int(11) NOT NULL,
  `season_type` varchar(5) NOT NULL,
  PRIMARY KEY (`game_id`),
  UNIQUE KEY `game_id` (`game_id`),
  KEY `home_team_id` (`home_team_id`),
  KEY `away_team_id` (`away_team_id`),
  CONSTRAINT `games_ibfk_1` FOREIGN KEY (`home_team_id`) REFERENCES `teams` (`team_id`),
  CONSTRAINT `games_ibfk_2` FOREIGN KEY (`away_team_id`) REFERENCES `teams` (`team_id`)
) ENGINE=InnoDB DEFAULT CHARSET=utf8;
/*!40101 SET character_set_client = @saved_cs_client */;

LOCK TABLES `games` WRITE;
/*!40000 ALTER TABLE `games` DISABLE KEYS */;
INSERT INTO `games` VALUES (2017090700,'2017-09-07 08:30:00',0,1,0,14,0,1,'REG');
INSERT INTO `games` VALUES (2017091000,'2017-09-10 01:00:00',0,3,0,4,0,1,'REG');
INSERT INTO `games` VALUES (2017091001,'2017-09-10 01:00:00',0,24,0,25,0,1,'REG');
INSERT INTO `games` VALUES (2017091002,'2017-09-10 01:00:00',0,7,0,6,0,1,'REG');
INSERT INTO `games` VALUES (2017091003,'2017-09-10 01:00:00',0,8,0,5,0,1,'REG');
INSERT INTO `games` VALUES (2017091004,'2017-09-10 01:00:00',0,22,0,30,0,1,'REG');
INSERT INTO `games` VALUES (2017091005,'2017-09-10 01:00:00',0,9,0,12,0,1,'REG');
INSERT INTO `games` VALUES (2017091006,'2017-09-10 01:00:00',0,2,0,26,0,1,'REG');
INSERT INTO `games` VALUES (2017091007,'2017-09-10 01:00:00',0,10,0,13,0,1,'REG');
INSERT INTO `games` VALUES (2017091008,'2017-09-10 01:00:00',0,19,0,20,0,1,'REG');
INSERT INTO `games` VALUES (2017091009,'2017-09-10 04:05:00',0,31,0,11,0,1,'REG');
INSERT INTO `games` VALUES (2017091010,'2017-09-10 04:25:00',0,21,0,29,0,1,'REG');
INSERT INTO `games` VALUES (2017091011,'2017-09-10 04:25:00',0,32,0,28,0,1,'REG');
INSERT INTO `games` VALUES (2017091012,'2017-09-10 08:30:00',0,17,0,18,0,1,'REG');
INSERT INTO `games` VALUES (2017091100,'2017-09-11 07:10:00',0,23,0,27,0,1,'REG');
INSERT INTO `games` VALUES (2017091101,'2017-09-11 10:20:00',0,15,0,16,0,1,'REG');
INSERT INTO `games` VALUES (2017091400,'2017-09-14 08:25:00',0,7,0,9,0,2,'REG');
INSERT INTO `games` VALUES (2017091700,'2017-09-17 01:00:00',0,6,0,8,0,2,'REG');
INSERT INTO `games` VALUES (2017091701,'2017-09-17 01:00:00',0,28,0,3,0,2,'REG');
INSERT INTO `games` VALUES (2017091702,'2017-09-17 01:00:00',0,11,0,30,0,2,'REG');
INSERT INTO `games` VALUES (2017091703,'2017-09-17 01:00:00',0,12,0,10,0,2,'REG');
INSERT INTO `games` VALUES (2017091704,'2017-09-17 01:00:00',0,14,0,20,0,2,'REG');
INSERT INTO `games` VALUES (2017091705,'2017-09-17 01:00:00',0,27,0,1,0,2,'REG');
INSERT INTO `games` VALUES (2017091706,'2017-09-17 01:00:00',0,5,0,23,0,2,'REG');
INSERT INTO `games` VALUES (2017091707,'2017-09-17 01:00:00',0,26,0,24,0,2,'REG');
INSERT INTO `games` VALUES (2017091708,'2017-09-17 04:05:00',0,16,0,2,0,2,'REG');
INSERT INTO `games` VALUES (2017091709,'2017-09-17 04:05:00',0,13,0,4,0,2,'REG');
INSERT INTO `games` VALUES (2017091710,'2017-09-17 04:25:00',0,15,0,17,0,2,'REG');
INSERT INTO `games` VALUES (2017091711,'2017-09-17 04:25:00',0,31,0,19,0,2,'REG');
INSERT INTO `games` VALUES (2017091712,'2017-09-17 04:25:00',0,29,0,32,0,2,'REG');
INSERT INTO `games` VALUES (2017091713,'2017-09-17 08:30:00',0,25,0,21,0,2,'REG');
INSERT INTO `games` VALUES (2017091800,'2017-09-18 08:30:00',0,18,0,22,0,2,'REG');
INSERT INTO `games` VALUES (2017092100,'2017-09-21 08:25:00',0,32,0,31,0,3,'REG');
INSERT INTO `games` VALUES (2017092400,'2017-09-24 09:30:00',0,12,0,6,0,3,'REG');
INSERT INTO `games` VALUES (2017092401,'2017-09-24 01:00:00',0,3,0,15,0,3,'REG');
INSERT INTO `games` VALUES (2017092402,'2017-09-24 01:00:00',0,28,0,27,0,3,'REG');
INSERT INTO `games` VALUES (2017092403,'2017-09-24 01:00:00',0,24,0,5,0,3,'REG');
INSERT INTO `games` VALUES (2017092404,'2017-09-24 01:00:00',0,22,0,25,0,3,'REG');
INSERT INTO `games` VALUES (2017092405,'2017-09-24 01:00:00',0,11,0,8,0,3,'REG');
INSERT INTO `games` VALUES (2017092406,'2017-09-24 01:00:00',0,23,0,26,0,3,'REG');
INSERT INTO `games` VALUES (2017092407,'2017-09-24 01:00:00',0,1,0,9,0,3,'REG');
INSERT INTO `games` VALUES (2017092408,'2017-09-24 01:00:00',0,4,0,2,0,3,'REG');
INSERT INTO `games` VALUES (2017092409,'2017-09-24 01:00:00',0,20,0,18,0,3,'REG');
INSERT INTO `games` VALUES (2017092410,'2017-09-24 04:05:00',0,10,0,29,0,3,'REG');
INSERT INTO `games` VALUES (2017092411,'2017-09-24 04:25:00',0,21,0,7,0,3,'REG');
INSERT INTO `games` VALUES (2017092412,'2017-09-24 04:25:00',0,16,0,14,0,3,'REG');
INSERT INTO `games` VALUES (2017092413,'2017-09-24 08:30:00',0,19,0,13,0,3,'REG');
INSERT INTO `games` VALUES (2017092500,'2017-09-25 08:30:00',0,30,0,17,0,3,'REG');
INSERT INTO `games` VALUES (2017092800,'2017-09-28 08:25:00',0,21,0,24,0,4,'REG');
INSERT INTO `games` VALUES (2017100100,'2017-10-01 09:30:00',0,2,0,27,0,4,'REG');
INSERT INTO `games` VALUES (2017100101,'2017-10-01 01:00:00',0,25,0,3,0,4,'REG');
INSERT INTO `games` VALUES (2017100102,'2017-10-01 01:00:00',0,6,0,5,0,4,'REG');
INSERT INTO `games` VALUES (2017100103,'2017-10-01 01:00:00',0,8,0,7,0,4,'REG');
INSERT INTO `games` VALUES (2017100104,'2017-10-01 01:00:00',0,17,0,31,0,4,'REG');
INSERT INTO `games` VALUES (2017100105,'2017-10-01 01:00:00',0,9,0,10,0,4,'REG');
INSERT INTO `games` VALUES (2017100106,'2017-10-01 01:00:00',0,23,0,22,0,4,'REG');
INSERT INTO `games` VALUES (2017100107,'2017-10-01 01:00:00',0,1,0,28,0,4,'REG');
INSERT INTO `games` VALUES (2017100108,'2017-10-01 01:00:00',0,4,0,12,0,4,'REG');
INSERT INTO `games` VALUES (2017100109,'2017-10-01 04:05:00',0,30,0,32,0,4,'REG');
INSERT INTO `games` VALUES (2017100110,'2017-10-01 04:05:00',0,16,0,20,0,4,'REG');
INSERT INTO `games` VALUES (2017100111,'2017-10-01 04:05:00',0,26,0,18,0,4,'REG');
INSERT INTO `games` VALUES (2017100112,'2017-10-01 04:25:00',0,15,0,13,0,4,'REG');
INSERT INTO `games` VALUES (2017100113,'2017-10-01 08:30:00',0,29,0,11,0,4,'REG');
INSERT INTO `games` VALUES (2017100200,'2017-10-02 08:30:00',0,14,0,19,0,4,'REG');
INSERT INTO `games` VALUES (2017100500,'2017-10-05 08:25:00',0,26,0,1,0,5,'REG');
INSERT INTO `games` VALUES (2017100800,'2017-10-08 01:00:00',0,7,0,3,0,5,'REG');
INSERT INTO `games` VALUES (2017100801,'2017-10-08 01:00:00',0,8,0,4,0,5,'REG');
INSERT INTO `games` VALUES (2017100802,'2017-10-08 01:00:00',0,22,0,28,0,5,'REG');
INSERT INTO `games` VALUES (2017100803,'2017-10-08 01:00:00',0,11,0,32,0,5,'REG');
INSERT INTO `games` VALUES (2017100804,'2017-10-08 01:00:00',0,2,0,10,0,5,'REG');
INSERT INTO `games` VALUES (2017100805,'2017-10-08 01:00:00',0,18,0,16,0,5,'REG');
INSERT INTO `games` VALUES (2017100806,'2017-10-08 01:00:00',0,20,0,30,0,5,'REG');
INSERT INTO `games` VALUES (2017100807,'2017-10-08 01:00:00',0,5,0,12,0,5,'REG');
INSERT INTO `games` VALUES (2017100808,'2017-10-08 04:05:00',0,31,0,29,0,5,'REG');
INSERT INTO `games` VALUES (2017100809,'2017-10-08 04:05:00',0,13,0,6,0,5,'REG');
INSERT INTO `games` VALUES (2017100810,'2017-10-08 04:25:00',0,17,0,21,0,5,'REG');
INSERT INTO `games` VALUES (2017100811,'2017-10-08 08:30:00',0,9,0,14,0,5,'REG');
INSERT INTO `games` VALUES (2017100900,'2017-10-09 08:30:00',0,24,0,23,0,5,'REG');
INSERT INTO `games` VALUES (2017101200,'2017-10-12 08:25:00',0,28,0,20,0,6,'REG');
INSERT INTO `games` VALUES (2017101500,'2017-10-15 01:00:00',0,25,0,2,0,6,'REG');
INSERT INTO `games` VALUES (2017101501,'2017-10-15 01:00:00',0,6,0,24,0,6,'REG');
INSERT INTO `games` VALUES (2017101502,'2017-10-15 01:00:00',0,9,0,8,0,6,'REG');
INSERT INTO `games` VALUES (2017101503,'2017-10-15 01:00:00',0,23,0,21,0,6,'REG');
INSERT INTO `games` VALUES (2017101504,'2017-10-15 01:00:00',0,27,0,22,0,6,'REG');
INSERT INTO `games` VALUES (2017101505,'2017-10-15 01:00:00',0,4,0,1,0,6,'REG');
INSERT INTO `games` VALUES (2017101506,'2017-10-15 01:00:00',0,19,0,32,0,6,'REG');
INSERT INTO `games` VALUES (2017101507,'2017-10-15 04:05:00',0,30,0,26,0,6,'REG');
INSERT INTO `games` VALUES (2017101508,'2017-10-15 04:05:00',0,12,0,31,0,6,'REG');
INSERT INTO `games` VALUES (2017101509,'2017-10-15 04:25:00',0,14,0,5,0,6,'REG');
INSERT INTO `games` VALUES (2017101510,'2017-10-15 04:25:00',0,13,0,16,0,6,'REG');
INSERT INTO `games` VALUES (2017101511,'2017-10-15 08:30:00',0,15,0,18,0,6,'REG');
INSERT INTO `games` VALUES (2017101600,'2017-10-16 08:30:00',0,10,0,11,0,6,'REG');
INSERT INTO `games` VALUES (2017101900,'2017-10-19 08:25:00',0,13,0,14,0,7,'REG');
INSERT INTO `games` VALUES (2017102200,'2017-10-22 01:00:00',0,3,0,26,0,7,'REG');
INSERT INTO `games` VALUES (2017102201,'2017-10-22 01:00:00',0,24,0,28,0,7,'REG');
INSERT INTO `games` VALUES (2017102202,'2017-10-22 01:00:00',0,8,0,10,0,7,'REG');
INSERT INTO `games` VALUES (2017102203,'2017-10-22 01:00:00',0,21,0,27,0,7,'REG');
INSERT INTO `games` VALUES (2017102204,'2017-10-22 01:00:00',0,11,0,12,0,7,'REG');
INSERT INTO `games` VALUES (2017102205,'2017-10-22 01:00:00',0,31,0,30,0,7,'REG');
INSERT INTO `games` VALUES (2017102206,'2017-10-22 01:00:00',0,2,0,4,0,7,'REG');
INSERT INTO `games` VALUES (2017102207,'2017-10-22 01:00:00',0,23,0,6,0,7,'REG');
INSERT INTO `games` VALUES (2017102208,'2017-10-22 01:00:00',0,5,0,7,0,7,'REG');
INSERT INTO `games` VALUES (2017102209,'2017-10-22 04:05:00',0,32,0,17,0,7,'REG');
INSERT INTO `games` VALUES (2017102210,'2017-10-22 04:25:00',0,16,0,15,0,7,'REG');
INSERT INTO `games` VALUES (2017102211,'2017-10-22 04:25:00',0,18,0,29,0,7,'REG');
INSERT INTO `games` VALUES (2017102212,'2017-10-22 08:30:00',0,1,0,25,0,7,'REG');
INSERT INTO `games` VALUES (2017102300,'2017-10-23 08:30:00',0,20,0,19,0,7,'REG');
INSERT INTO `games` VALUES (2017102600,'2017-10-26 08:25:00',0,6,0,2,0,8,'REG');
INSERT INTO `games` VALUES (2017102900,'2017-10-29 09:30:00',0,8,0,23,0,8,'REG');
INSERT INTO `games` VALUES (2017102901,'2017-10-29 01:00:00',0,3,0,13,0,8,'REG');
INSERT INTO `games` VALUES (2017102902,'2017-10-29 01:00:00',0,7,0,11,0,8,'REG');
INSERT INTO `games` VALUES (2017102903,'2017-10-29 01:00:00',0,1,0,16,0,8,'REG');
INSERT INTO `games` VALUES (2017102904,'2017-10-29 01:00:00',0,27,0,24,0,8,'REG');
INSERT INTO `games` VALUES (2017102905,'2017-10-29 01:00:00',0,4,0,25,0,8,'REG');
INSERT INTO `games` VALUES (2017102906,'2017-10-29 01:00:00',0,20,0,32,0,8,'REG');
INSERT INTO `games` VALUES (2017102907,'2017-10-29 01:00:00',0,26,0,28,0,8,'REG');
INSERT INTO `games` VALUES (2017102908,'2017-10-29 04:05:00',0,29,0,9,0,8,'REG');
INSERT INTO `games` VALUES (2017102909,'2017-10-29 04:25:00',0,19,0,17,0,8,'REG');
INSERT INTO `games` VALUES (2017102910,'2017-10-29 08:30:00',0,22,0,5,0,8,'REG');
INSERT INTO `games` VALUES (2017103000,'2017-10-30 08:30:00',0,14,0,15,0,8,'REG');
INSERT INTO `games` VALUES (2017110200,'2017-11-02 08:25:00',0,4,0,3,0,9,'REG');
INSERT INTO `games` VALUES (2017110500,'2017-11-05 01:00:00',0,28,0,25,0,9,'REG');
INSERT INTO `games` VALUES (2017110501,'2017-11-05 01:00:00',0,9,0,11,0,9,'REG');
INSERT INTO `games` VALUES (2017110502,'2017-11-05 01:00:00',0,12,0,7,0,9,'REG');
INSERT INTO `games` VALUES (2017110503,'2017-11-05 01:00:00',0,27,0,26,0,9,'REG');
INSERT INTO `games` VALUES (2017110504,'2017-11-05 01:00:00',0,18,0,31,0,9,'REG');
INSERT INTO `games` VALUES (2017110505,'2017-11-05 01:00:00',0,20,0,15,0,9,'REG');
INSERT INTO `games` VALUES (2017110506,'2017-11-05 01:00:00',0,10,0,6,0,9,'REG');
INSERT INTO `games` VALUES (2017110507,'2017-11-05 04:05:00',0,32,0,30,0,9,'REG');
INSERT INTO `games` VALUES (2017110508,'2017-11-05 04:05:00',0,29,0,19,0,9,'REG');
INSERT INTO `games` VALUES (2017110509,'2017-11-05 04:25:00',0,17,0,14,0,9,'REG');
INSERT INTO `games` VALUES (2017110510,'2017-11-05 08:30:00',0,2,0,13,0,9,'REG');
INSERT INTO `games` VALUES (2017110600,'2017-11-06 08:30:00',0,21,0,22,0,9,'REG');
INSERT INTO `games` VALUES (2017110900,'2017-11-09 08:25:00',0,30,0,29,0,10,'REG');
INSERT INTO `games` VALUES (2017111200,'2017-11-12 01:00:00',0,3,0,27,0,10,'REG');
INSERT INTO `games` VALUES (2017111201,'2017-11-12 01:00:00',0,24,0,21,0,10,'REG');
INSERT INTO `games` VALUES (2017111202,'2017-11-12 01:00:00',0,22,0,8,0,10,'REG');
INSERT INTO `games` VALUES (2017111203,'2017-11-12 01:00:00',0,11,0,5,0,10,'REG');
INSERT INTO `games` VALUES (2017111204,'2017-11-12 01:00:00',0,12,0,16,0,10,'REG');
INSERT INTO `games` VALUES (2017111205,'2017-11-12 01:00:00',0,26,0,4,0,10,'REG');
INSERT INTO `games` VALUES (2017111206,'2017-11-12 01:00:00',0,10,0,7,0,10,'REG');
INSERT INTO `games` VALUES (2017111207,'2017-11-12 01:00:00',0,19,0,23,0,10,'REG');
INSERT INTO `games` VALUES (2017111208,'2017-11-12 04:05:00',0,31,0,9,0,10,'REG');
INSERT INTO `games` VALUES (2017111209,'2017-11-12 04:25:00',0,25,0,17,0,10,'REG');
INSERT INTO `games` VALUES (2017111210,'2017-11-12 04:25:00',0,32,0,18,0,10,'REG');
INSERT INTO `games` VALUES (2017111211,'2017-11-12 08:30:00',0,15,0,1,0,10,'REG');
INSERT INTO `games` VALUES (2017111300,'2017-11-13 08:30:00',0,28,0,2,0,10,'REG');
INSERT INTO `games` VALUES (2017111600,'2017-11-16 08:25:00',0,5,0,10,0,11,'REG');
INSERT INTO `games` VALUES (2017111900,'2017-11-19 01:00:00',0,24,0,22,0,11,'REG');
INSERT INTO `games` VALUES (2017111901,'2017-11-19 01:00:00',0,8,0,12,0,11,'REG');
INSERT INTO `games` VALUES (2017111902,'2017-11-19 01:00:00',0,21,0,6,0,11,'REG');
INSERT INTO `games` VALUES (2017111903,'2017-11-19 01:00:00',0,9,0,30,0,11,'REG');
INSERT INTO `games` VALUES (2017111904,'2017-11-19 01:00:00',0,23,0,31,0,11,'REG');
INSERT INTO `games` VALUES (2017111905,'2017-11-19 01:00:00',0,27,0,19,0,11,'REG');
INSERT INTO `games` VALUES (2017111906,'2017-11-19 01:00:00',0,18,0,14,0,11,'REG');
INSERT INTO `games` VALUES (2017111907,'2017-11-19 04:05:00',0,16,0,3,0,11,'REG');
INSERT INTO `games` VALUES (2017111908,'2017-11-19 04:25:00',0,15,0,7,0,11,'REG');
INSERT INTO `games` VALUES (2017111909,'2017-11-19 04:25:00',0,13,0,1,0,11,'REG');
INSERT INTO `games` VALUES (2017111910,'2017-11-19 08:30:00',0,17,0,20,0,11,'REG');
INSERT INTO `games` VALUES (2017112000,'2017-11-20 08:30:00',0,29,0,25,0,11,'REG');
INSERT INTO `games` VALUES (2017112300,'2017-11-23 12:30:00',0,22,0,23,0,12,'REG');
INSERT INTO `games` VALUES (2017112301,'2017-11-23 04:30:00',0,17,0,16,0,12,'REG');
INSERT INTO `games` VALUES (2017112302,'2017-11-23 08:30:00',0,19,0,18,0,12,'REG');
INSERT INTO `games` VALUES (2017112600,'2017-11-26 01:00:00',0,25,0,26,0,12,'REG');
INSERT INTO `games` VALUES (2017112601,'2017-11-26 01:00:00',0,7,0,8,0,12,'REG');
INSERT INTO `games` VALUES (2017112602,'2017-11-26 01:00:00',0,11,0,10,0,12,'REG');
INSERT INTO `games` VALUES (2017112603,'2017-11-26 01:00:00',0,14,0,3,0,12,'REG');
INSERT INTO `games` VALUES (2017112604,'2017-11-26 01:00:00',0,1,0,2,0,12,'REG');
INSERT INTO `games` VALUES (2017112605,'2017-11-26 01:00:00',0,4,0,28,0,12,'REG');
INSERT INTO `games` VALUES (2017112606,'2017-11-26 01:00:00',0,20,0,24,0,12,'REG');
INSERT INTO `games` VALUES (2017112607,'2017-11-26 04:05:00',0,31,0,27,0,12,'REG');
INSERT INTO `games` VALUES (2017112608,'2017-11-26 04:05:00',0,32,0,29,0,12,'REG');
INSERT INTO `games` VALUES (2017112609,'2017-11-26 04:25:00',0,30,0,12,0,12,'REG');
INSERT INTO `games` VALUES (2017112610,'2017-11-26 04:25:00',0,13,0,15,0,12,'REG');
INSERT INTO `games` VALUES (2017112611,'2017-11-26 08:30:00',0,5,0,21,0,12,'REG');
INSERT INTO `games` VALUES (2017112700,'2017-11-27 08:30:00',0,6,0,9,0,12,'REG');
INSERT INTO `games` VALUES (2017113000,'2017-11-30 08:25:00',0,17,0,19,0,13,'REG');
INSERT INTO `games` VALUES (2017120300,'2017-12-03 01:00:00',0,25,0,23,0,13,'REG');
INSERT INTO `games` VALUES (2017120301,'2017-12-03 01:00:00',0,6,0,22,0,13,'REG');
INSERT INTO `games` VALUES (2017120302,'2017-12-03 01:00:00',0,3,0,1,0,13,'REG');
INSERT INTO `games` VALUES (2017120303,'2017-12-03 01:00:00',0,24,0,32,0,13,'REG');
INSERT INTO `games` VALUES (2017120304,'2017-12-03 01:00:00',0,21,0,26,0,13,'REG');
INSERT INTO `games` VALUES (2017120305,'2017-12-03 01:00:00',0,12,0,11,0,13,'REG');
INSERT INTO `games` VALUES (2017120306,'2017-12-03 01:00:00',0,2,0,15,0,13,'REG');
INSERT INTO `games` VALUES (2017120307,'2017-12-03 01:00:00',0,27,0,28,0,13,'REG');
INSERT INTO `games` VALUES (2017120308,'2017-12-03 01:00:00',0,4,0,14,0,13,'REG');
INSERT INTO `games` VALUES (2017120309,'2017-12-03 01:00:00',0,10,0,9,0,13,'REG');
INSERT INTO `games` VALUES (2017120310,'2017-12-03 04:05:00',0,16,0,8,0,13,'REG');
INSERT INTO `games` VALUES (2017120311,'2017-12-03 04:25:00',0,30,0,31,0,13,'REG');
INSERT INTO `games` VALUES (2017120312,'2017-12-03 04:25:00',0,13,0,18,0,13,'REG');
INSERT INTO `games` VALUES (2017120313,'2017-12-03 08:30:00',0,29,0,20,0,13,'REG');
INSERT INTO `games` VALUES (2017120400,'2017-12-04 08:30:00',0,7,0,5,0,13,'REG');
INSERT INTO `games` VALUES (2017120700,'2017-12-07 08:25:00',0,25,0,27,0,14,'REG');
INSERT INTO `games` VALUES (2017121000,'2017-12-10 01:00:00',0,3,0,11,0,14,'REG');
INSERT INTO `games` VALUES (2017121001,'2017-12-10 01:00:00',0,28,0,23,0,14,'REG');
INSERT INTO `games` VALUES (2017121002,'2017-12-10 01:00:00',0,7,0,24,0,14,'REG');
INSERT INTO `games` VALUES (2017121003,'2017-12-10 01:00:00',0,8,0,21,0,14,'REG');
INSERT INTO `games` VALUES (2017121004,'2017-12-10 01:00:00',0,9,0,32,0,14,'REG');
INSERT INTO `games` VALUES (2017121005,'2017-12-10 01:00:00',0,12,0,29,0,14,'REG');
INSERT INTO `games` VALUES (2017121006,'2017-12-10 01:00:00',0,14,0,13,0,14,'REG');
INSERT INTO `games` VALUES (2017121007,'2017-12-10 01:00:00',0,26,0,22,0,14,'REG');
INSERT INTO `games` VALUES (2017121008,'2017-12-10 04:05:00',0,30,0,10,0,14,'REG');
INSERT INTO `games` VALUES (2017121009,'2017-12-10 04:05:00',0,15,0,4,0,14,'REG');
INSERT INTO `games` VALUES (2017121010,'2017-12-10 04:05:00',0,16,0,19,0,14,'REG');
INSERT INTO `games` VALUES (2017121011,'2017-12-10 04:25:00',0,31,0,20,0,14,'REG');
INSERT INTO `games` VALUES (2017121012,'2017-12-10 04:25:00',0,18,0,17,0,14,'REG');
INSERT INTO `games` VALUES (2017121013,'2017-12-10 08:30:00',0,5,0,6,0,14,'REG');
INSERT INTO `games` VALUES (2017121100,'2017-12-11 08:30:00',0,2,0,1,0,14,'REG');
INSERT INTO `games` VALUES (2017121400,'2017-12-14 08:25:00',0,11,0,15,0,15,'REG');
INSERT INTO `games` VALUES (2017121600,'2017-12-16 04:30:00',0,22,0,24,0,15,'REG');
INSERT INTO `games` VALUES (2017121601,'2017-12-16 08:25:00',0,14,0,16,0,15,'REG');
INSERT INTO `games` VALUES (2017121700,'2017-12-17 01:00:00',0,3,0,2,0,15,'REG');
INSERT INTO `games` VALUES (2017121701,'2017-12-17 01:00:00',0,28,0,21,0,15,'REG');
INSERT INTO `games` VALUES (2017121702,'2017-12-17 01:00:00',0,8,0,6,0,15,'REG');
INSERT INTO `games` VALUES (2017121703,'2017-12-17 01:00:00',0,12,0,9,0,15,'REG');
INSERT INTO `games` VALUES (2017121704,'2017-12-17 01:00:00',0,23,0,7,0,15,'REG');
INSERT INTO `games` VALUES (2017121705,'2017-12-17 01:00:00',0,27,0,4,0,15,'REG');
INSERT INTO `games` VALUES (2017121706,'2017-12-17 01:00:00',0,18,0,20,0,15,'REG');
INSERT INTO `games` VALUES (2017121707,'2017-12-17 01:00:00',0,19,0,30,0,15,'REG');
INSERT INTO `games` VALUES (2017121708,'2017-12-17 04:05:00',0,29,0,31,0,15,'REG');
INSERT INTO `games` VALUES (2017121709,'2017-12-17 04:25:00',0,5,0,1,0,15,'REG');
INSERT INTO `games` VALUES (2017121710,'2017-12-17 04:25:00',0,32,0,10,0,15,'REG');
INSERT INTO `games` VALUES (2017121711,'2017-12-17 08:30:00',0,13,0,17,0,15,'REG');
INSERT INTO `games` VALUES (2017121800,'2017-12-18 08:30:00',0,26,0,25,0,15,'REG');
INSERT INTO `games` VALUES (2017122300,'2017-12-23 04:30:00',0,6,0,11,0,16,'REG');
INSERT INTO `games` VALUES (2017122301,'2017-12-23 08:30:00',0,21,0,23,0,16,'REG');
INSERT INTO `games` VALUES (2017122400,'2017-12-24 01:00:00',0,28,0,26,0,16,'REG');
INSERT INTO `games` VALUES (2017122401,'2017-12-24 01:00:00',0,24,0,8,0,16,'REG');
INSERT INTO `games` VALUES (2017122402,'2017-12-24 01:00:00',0,7,0,22,0,16,'REG');
INSERT INTO `games` VALUES (2017122403,'2017-12-24 01:00:00',0,14,0,2,0,16,'REG');
INSERT INTO `games` VALUES (2017122404,'2017-12-24 01:00:00',0,1,0,3,0,16,'REG');
INSERT INTO `games` VALUES (2017122405,'2017-12-24 01:00:00',0,27,0,25,0,16,'REG');
INSERT INTO `games` VALUES (2017122406,'2017-12-24 01:00:00',0,4,0,16,0,16,'REG');
INSERT INTO `games` VALUES (2017122407,'2017-12-24 01:00:00',0,10,0,31,0,16,'REG');
INSERT INTO `games` VALUES (2017122408,'2017-12-24 01:00:00',0,19,0,15,0,16,'REG');
INSERT INTO `games` VALUES (2017122409,'2017-12-24 04:05:00',0,32,0,12,0,16,'REG');
INSERT INTO `games` VALUES (2017122410,'2017-12-24 04:25:00',0,30,0,18,0,16,'REG');
INSERT INTO `games` VALUES (2017122411,'2017-12-24 04:25:00',0,17,0,29,0,16,'REG');
INSERT INTO `games` VALUES (2017122500,'2017-12-25 04:30:00',0,9,0,5,0,16,'REG');
INSERT INTO `games` VALUES (2017122501,'2017-12-25 08:30:00',0,20,0,13,0,16,'REG');
INSERT INTO `games` VALUES (2017123100,'2017-12-31 01:00:00',0,25,0,28,0,17,'REG');
INSERT INTO `games` VALUES (2017123101,'2017-12-31 01:00:00',0,6,0,7,0,17,'REG');
INSERT INTO `games` VALUES (2017123102,'2017-12-31 01:00:00',0,22,0,21,0,17,'REG');
INSERT INTO `games` VALUES (2017123103,'2017-12-31 01:00:00',0,11,0,9,0,17,'REG');
INSERT INTO `games` VALUES (2017123104,'2017-12-31 01:00:00',0,2,0,3,0,17,'REG');
INSERT INTO `games` VALUES (2017123105,'2017-12-31 01:00:00',0,23,0,24,0,17,'REG');
INSERT INTO `games` VALUES (2017123106,'2017-12-31 01:00:00',0,1,0,4,0,17,'REG');
INSERT INTO `games` VALUES (2017123107,'2017-12-31 01:00:00',0,18,0,19,0,17,'REG');
INSERT INTO `games` VALUES (2017123108,'2017-12-31 01:00:00',0,20,0,17,0,17,'REG');
INSERT INTO `games` VALUES (2017123109,'2017-12-31 01:00:00',0,5,0,8,0,17,'REG');
INSERT INTO `games` VALUES (2017123110,'2017-12-31 01:00:00',0,26,0,27,0,17,'REG');
INSERT INTO `games` VALUES (2017123111,'2017-12-31 01:00:00',0,10,0,12,0,17,'REG');
INSERT INTO `games` VALUES (2017123112,'2017-12-31 04:25:00',0,15,0,14,0,17,'REG');
INSERT INTO `games` VALUES (2017123113,'2017-12-31 04:25:00',0,16,0,13,0,17,'REG');
INSERT INTO `games` VALUES (2017123114,'2017-12-31 04:25:00',0,31,0,32,0,17,'REG');
INSERT INTO `games` VALUES (2017123115,'2017-12-31 04:25:00',0,29,0,30,0,17,'REG');
/*!40000 ALTER TABLE `games` ENABLE KEYS */;
UNLOCK TABLES;
DROP TABLE IF EXISTS `predictions`;
/*!40101 SET @saved_cs_client     = @@character_set_client */;
/*!40101 SET character_set_client = utf8 */;
CREATE TABLE `predictions` (
  `prediction_id` int(11) NOT NULL AUTO_INCREMENT,
  `user_id` int(11) NOT NULL,
  `game_id` int(11) NOT NULL,
  `predicted` tinyint(1) NOT NULL,
  `home_team_predicted` tinyint(1) DEFAULT NULL,
  PRIMARY KEY (`prediction_id`),
  KEY `user_id` (`user_id`),
  KEY `game_id` (`game_id`),
  CONSTRAINT `predictions_ibfk_1` FOREIGN KEY (`user_id`) REFERENCES `user` (`user_id`),
  CONSTRAINT `predictions_ibfk_2` FOREIGN KEY (`game_id`) REFERENCES `games` (`game_id`)
) ENGINE=InnoDB AUTO_INCREMENT=10284 DEFAULT CHARSET=utf8;
/*!40101 SET character_set_client = @saved_cs_client */;

LOCK TABLES `predictions` WRITE;
/*!40000 ALTER TABLE `predictions` DISABLE KEYS */;
INSERT INTO `predictions` VALUES (5172,18,2017091011,0,0);
INSERT INTO `predictions` VALUES (5175,18,2017091003,0,0);
INSERT INTO `predictions` VALUES (5178,18,2017090700,0,0);
INSERT INTO `predictions` VALUES (5181,18,2017091001,1,1);
INSERT INTO `predictions` VALUES (5184,18,2017091009,0,0);
INSERT INTO `predictions` VALUES (5187,18,2017091002,1,0);
INSERT INTO `predictions` VALUES (5190,18,2017091006,0,0);
INSERT INTO `predictions` VALUES (5193,18,2017091004,0,0);
INSERT INTO `predictions` VALUES (5196,18,2017091005,0,0);
INSERT INTO `predictions` VALUES (5199,18,2017091008,0,0);
INSERT INTO `predictions` VALUES (5202,18,2017091000,1,0);
INSERT INTO `predictions` VALUES (5205,18,2017091010,0,0);
INSERT INTO `predictions` VALUES (5208,18,2017091012,0,0);
INSERT INTO `predictions` VALUES (5211,18,2017091100,0,0);
INSERT INTO `predictions` VALUES (5214,18,2017091007,0,0);
INSERT INTO `predictions` VALUES (5217,18,2017091101,0,0);
INSERT INTO `predictions` VALUES (5220,18,2017091702,0,0);
INSERT INTO `predictions` VALUES (5223,18,2017091711,0,0);
INSERT INTO `predictions` VALUES (5226,18,2017091700,0,0);
INSERT INTO `predictions` VALUES (5229,18,2017091400,0,0);
INSERT INTO `predictions` VALUES (5232,18,2017091705,0,0);
INSERT INTO `predictions` VALUES (5235,18,2017091701,0,0);
INSERT INTO `predictions` VALUES (5238,18,2017091707,0,0);
INSERT INTO `predictions` VALUES (5241,18,2017091704,0,0);
INSERT INTO `predictions` VALUES (5244,18,2017091708,0,0);
INSERT INTO `predictions` VALUES (5247,18,2017091703,0,0);
INSERT INTO `predictions` VALUES (5250,18,2017091706,0,0);
INSERT INTO `predictions` VALUES (5253,18,2017091709,0,0);
INSERT INTO `predictions` VALUES (5256,18,2017091712,0,0);
INSERT INTO `predictions` VALUES (5259,18,2017091710,0,0);
INSERT INTO `predictions` VALUES (5262,18,2017091800,0,0);
INSERT INTO `predictions` VALUES (5265,18,2017091713,0,0);
INSERT INTO `predictions` VALUES (5268,18,2017092400,0,0);
INSERT INTO `predictions` VALUES (5271,18,2017092402,0,0);
INSERT INTO `predictions` VALUES (5274,18,2017092100,0,0);
INSERT INTO `predictions` VALUES (5277,18,2017092406,0,0);
INSERT INTO `predictions` VALUES (5280,18,2017092410,0,0);
INSERT INTO `predictions` VALUES (5283,18,2017092404,0,0);
INSERT INTO `predictions` VALUES (5286,18,2017092403,0,0);
INSERT INTO `predictions` VALUES (5289,18,2017092401,0,0);
INSERT INTO `predictions` VALUES (5292,18,2017092405,0,0);
INSERT INTO `predictions` VALUES (5295,18,2017092407,0,0);
INSERT INTO `predictions` VALUES (5298,18,2017092409,0,0);
INSERT INTO `predictions` VALUES (5301,18,2017092408,0,0);
INSERT INTO `predictions` VALUES (5304,18,2017092411,0,0);
INSERT INTO `predictions` VALUES (5307,18,2017092412,0,0);
INSERT INTO `predictions` VALUES (5310,18,2017092500,0,0);
INSERT INTO `predictions` VALUES (5313,18,2017092413,0,0);
INSERT INTO `predictions` VALUES (5316,18,2017100100,0,0);
INSERT INTO `predictions` VALUES (5319,18,2017100102,0,0);
INSERT INTO `predictions` VALUES (5322,18,2017092800,0,0);
INSERT INTO `predictions` VALUES (5325,18,2017100101,0,0);
INSERT INTO `predictions` VALUES (5328,18,2017100109,0,0);
INSERT INTO `predictions` VALUES (5331,18,2017100110,0,0);
INSERT INTO `predictions` VALUES (5334,18,2017100103,0,0);
INSERT INTO `predictions` VALUES (5337,18,2017100104,0,0);
INSERT INTO `predictions` VALUES (5340,18,2017100105,0,0);
INSERT INTO `predictions` VALUES (5343,18,2017100107,0,0);
INSERT INTO `predictions` VALUES (5346,18,2017100106,0,0);
INSERT INTO `predictions` VALUES (5349,18,2017100108,0,0);
INSERT INTO `predictions` VALUES (5352,18,2017100111,0,0);
INSERT INTO `predictions` VALUES (5355,18,2017100112,0,0);
INSERT INTO `predictions` VALUES (5358,18,2017100113,0,0);
INSERT INTO `predictions` VALUES (5361,18,2017100200,0,0);
INSERT INTO `predictions` VALUES (5364,18,2017100801,0,0);
INSERT INTO `predictions` VALUES (5367,18,2017100800,0,0);
INSERT INTO `predictions` VALUES (5370,18,2017100500,0,0);
INSERT INTO `predictions` VALUES (5373,18,2017100804,0,0);
INSERT INTO `predictions` VALUES (5376,18,2017100802,0,0);
INSERT INTO `predictions` VALUES (5379,18,2017100810,0,0);
INSERT INTO `predictions` VALUES (5382,18,2017100809,0,0);
INSERT INTO `predictions` VALUES (5385,18,2017100803,0,0);
INSERT INTO `predictions` VALUES (5388,18,2017100807,0,0);
INSERT INTO `predictions` VALUES (5391,18,2017100806,0,0);
INSERT INTO `predictions` VALUES (5394,18,2017100808,0,0);
INSERT INTO `predictions` VALUES (5397,18,2017100805,0,0);
INSERT INTO `predictions` VALUES (5400,18,2017100900,0,0);
INSERT INTO `predictions` VALUES (5403,18,2017100811,0,0);
INSERT INTO `predictions` VALUES (5406,18,2017101507,0,0);
INSERT INTO `predictions` VALUES (5409,18,2017101200,0,0);
INSERT INTO `predictions` VALUES (5412,18,2017101501,0,0);
INSERT INTO `predictions` VALUES (5415,18,2017101509,0,0);
INSERT INTO `predictions` VALUES (5418,18,2017101510,0,0);
INSERT INTO `predictions` VALUES (5421,18,2017101503,0,0);
INSERT INTO `predictions` VALUES (5424,18,2017101502,0,0);
INSERT INTO `predictions` VALUES (5427,18,2017101505,0,0);
INSERT INTO `predictions` VALUES (5430,18,2017101500,0,0);
INSERT INTO `predictions` VALUES (5433,18,2017101504,0,0);
INSERT INTO `predictions` VALUES (5436,18,2017101506,0,0);
INSERT INTO `predictions` VALUES (5439,18,2017101508,0,0);
INSERT INTO `predictions` VALUES (5442,18,2017101600,0,0);
INSERT INTO `predictions` VALUES (5445,18,2017101511,0,0);
INSERT INTO `predictions` VALUES (5448,18,2017102203,0,0);
INSERT INTO `predictions` VALUES (5451,18,2017101900,0,0);
INSERT INTO `predictions` VALUES (5454,18,2017102200,0,0);
INSERT INTO `predictions` VALUES (5457,18,2017102209,0,0);
INSERT INTO `predictions` VALUES (5460,18,2017102201,0,0);
INSERT INTO `predictions` VALUES (5463,18,2017102202,0,0);
INSERT INTO `predictions` VALUES (5466,18,2017102204,0,0);
INSERT INTO `predictions` VALUES (5469,18,2017102205,0,0);
INSERT INTO `predictions` VALUES (5472,18,2017102206,0,0);
INSERT INTO `predictions` VALUES (5475,18,2017102207,0,0);
INSERT INTO `predictions` VALUES (5478,18,2017102208,0,0);
INSERT INTO `predictions` VALUES (5481,18,2017102210,0,0);
INSERT INTO `predictions` VALUES (5484,18,2017102211,0,0);
INSERT INTO `predictions` VALUES (5487,18,2017102212,0,0);
INSERT INTO `predictions` VALUES (5490,18,2017102300,0,0);
INSERT INTO `predictions` VALUES (5493,18,2017102900,0,0);
INSERT INTO `predictions` VALUES (5496,18,2017102903,0,0);
INSERT INTO `predictions` VALUES (5499,18,2017102901,0,0);
INSERT INTO `predictions` VALUES (5502,18,2017102600,0,0);
INSERT INTO `predictions` VALUES (5505,18,2017102906,0,0);
INSERT INTO `predictions` VALUES (5508,18,2017103000,0,0);
INSERT INTO `predictions` VALUES (5511,18,2017102904,0,0);
INSERT INTO `predictions` VALUES (5514,18,2017102902,0,0);
INSERT INTO `predictions` VALUES (5517,18,2017102905,0,0);
INSERT INTO `predictions` VALUES (5520,18,2017102907,0,0);
INSERT INTO `predictions` VALUES (5523,18,2017102908,0,0);
INSERT INTO `predictions` VALUES (5526,18,2017102909,0,0);
INSERT INTO `predictions` VALUES (5529,18,2017102910,0,0);
INSERT INTO `predictions` VALUES (5532,18,2017110501,0,0);
INSERT INTO `predictions` VALUES (5535,18,2017110502,0,0);
INSERT INTO `predictions` VALUES (5538,18,2017110200,0,0);
INSERT INTO `predictions` VALUES (5541,18,2017110503,0,0);
INSERT INTO `predictions` VALUES (5544,18,2017110504,0,0);
INSERT INTO `predictions` VALUES (5547,18,2017110507,0,0);
INSERT INTO `predictions` VALUES (5550,18,2017110500,0,0);
INSERT INTO `predictions` VALUES (5553,18,2017110506,0,0);
INSERT INTO `predictions` VALUES (5556,18,2017110508,0,0);
INSERT INTO `predictions` VALUES (5559,18,2017110505,0,0);
INSERT INTO `predictions` VALUES (5562,18,2017110510,0,0);
INSERT INTO `predictions` VALUES (5565,18,2017110509,0,0);
INSERT INTO `predictions` VALUES (5568,18,2017110600,0,0);
INSERT INTO `predictions` VALUES (5571,18,2017110900,0,0);
INSERT INTO `predictions` VALUES (5574,18,2017111201,0,0);
INSERT INTO `predictions` VALUES (5577,18,2017111209,0,0);
INSERT INTO `predictions` VALUES (5580,18,2017111200,0,0);
INSERT INTO `predictions` VALUES (5583,18,2017111202,0,0);
INSERT INTO `predictions` VALUES (5586,18,2017111204,0,0);
INSERT INTO `predictions` VALUES (5589,18,2017111203,0,0);
INSERT INTO `predictions` VALUES (5592,18,2017111205,0,0);
INSERT INTO `predictions` VALUES (5595,18,2017111206,0,0);
INSERT INTO `predictions` VALUES (5598,18,2017111210,0,0);
INSERT INTO `predictions` VALUES (5601,18,2017111207,0,0);
INSERT INTO `predictions` VALUES (5604,18,2017111208,0,0);
INSERT INTO `predictions` VALUES (5607,18,2017111300,0,0);
INSERT INTO `predictions` VALUES (5610,18,2017111211,0,0);
INSERT INTO `predictions` VALUES (5613,18,2017111600,0,0);
INSERT INTO `predictions` VALUES (5616,18,2017111901,0,0);
INSERT INTO `predictions` VALUES (5619,18,2017111902,0,0);
INSERT INTO `predictions` VALUES (5622,18,2017111903,0,0);
INSERT INTO `predictions` VALUES (5625,18,2017111904,0,0);
INSERT INTO `predictions` VALUES (5628,18,2017111905,0,0);
INSERT INTO `predictions` VALUES (5631,18,2017111900,0,0);
INSERT INTO `predictions` VALUES (5634,18,2017111906,0,0);
INSERT INTO `predictions` VALUES (5637,18,2017111908,0,0);
INSERT INTO `predictions` VALUES (5640,18,2017111907,0,0);
INSERT INTO `predictions` VALUES (5643,18,2017111909,0,0);
INSERT INTO `predictions` VALUES (5646,18,2017111910,0,0);
INSERT INTO `predictions` VALUES (5649,18,2017112000,0,0);
INSERT INTO `predictions` VALUES (5652,18,2017112600,0,0);
INSERT INTO `predictions` VALUES (5655,18,2017112603,0,0);
INSERT INTO `predictions` VALUES (5658,18,2017112300,0,0);
INSERT INTO `predictions` VALUES (5661,18,2017112607,0,0);
INSERT INTO `predictions` VALUES (5664,18,2017112602,0,0);
INSERT INTO `predictions` VALUES (5667,18,2017112301,0,0);
INSERT INTO `predictions` VALUES (5670,18,2017112604,0,0);
INSERT INTO `predictions` VALUES (5673,18,2017112302,0,0);
INSERT INTO `predictions` VALUES (5676,18,2017112601,0,0);
INSERT INTO `predictions` VALUES (5679,18,2017112606,0,0);
INSERT INTO `predictions` VALUES (5682,18,2017112605,0,0);
INSERT INTO `predictions` VALUES (5685,18,2017112608,0,0);
INSERT INTO `predictions` VALUES (5688,18,2017112609,0,0);
INSERT INTO `predictions` VALUES (5691,18,2017112610,0,0);
INSERT INTO `predictions` VALUES (5694,18,2017112700,0,0);
INSERT INTO `predictions` VALUES (5697,18,2017112611,0,0);
INSERT INTO `predictions` VALUES (5700,18,2017120302,0,0);
INSERT INTO `predictions` VALUES (5703,18,2017120300,0,0);
INSERT INTO `predictions` VALUES (5706,18,2017113000,0,0);
INSERT INTO `predictions` VALUES (5709,18,2017120310,0,0);
INSERT INTO `predictions` VALUES (5712,18,2017120301,0,0);
INSERT INTO `predictions` VALUES (5715,18,2017120303,0,0);
INSERT INTO `predictions` VALUES (5718,18,2017120304,0,0);
INSERT INTO `predictions` VALUES (5721,18,2017120305,0,0);
INSERT INTO `predictions` VALUES (5724,18,2017120306,0,0);
INSERT INTO `predictions` VALUES (5727,18,2017120307,0,0);
INSERT INTO `predictions` VALUES (5730,18,2017120308,0,0);
INSERT INTO `predictions` VALUES (5733,18,2017120309,0,0);
INSERT INTO `predictions` VALUES (5736,18,2017120311,0,0);
INSERT INTO `predictions` VALUES (5739,18,2017120312,0,0);
INSERT INTO `predictions` VALUES (5742,18,2017120313,0,0);
INSERT INTO `predictions` VALUES (5745,18,2017120400,0,0);
INSERT INTO `predictions` VALUES (5748,18,2017121001,0,0);
INSERT INTO `predictions` VALUES (5751,18,2017121002,0,0);
INSERT INTO `predictions` VALUES (5754,18,2017120700,0,0);
INSERT INTO `predictions` VALUES (5757,18,2017121000,0,0);
INSERT INTO `predictions` VALUES (5760,18,2017121009,0,0);
INSERT INTO `predictions` VALUES (5763,18,2017121010,0,0);
INSERT INTO `predictions` VALUES (5766,18,2017121003,0,0);
INSERT INTO `predictions` VALUES (5769,18,2017121004,0,0);
INSERT INTO `predictions` VALUES (5772,18,2017121005,0,0);
INSERT INTO `predictions` VALUES (5775,18,2017121006,0,0);
INSERT INTO `predictions` VALUES (5778,18,2017121007,0,0);
INSERT INTO `predictions` VALUES (5781,18,2017121008,0,0);
INSERT INTO `predictions` VALUES (5784,18,2017121011,0,0);
INSERT INTO `predictions` VALUES (5787,18,2017121013,0,0);
INSERT INTO `predictions` VALUES (5790,18,2017121012,0,0);
INSERT INTO `predictions` VALUES (5793,18,2017121100,0,0);
INSERT INTO `predictions` VALUES (5796,18,2017121708,0,0);
INSERT INTO `predictions` VALUES (5799,18,2017121703,0,0);
INSERT INTO `predictions` VALUES (5802,18,2017121400,0,0);
INSERT INTO `predictions` VALUES (5805,18,2017121600,0,0);
INSERT INTO `predictions` VALUES (5808,18,2017121707,0,0);
INSERT INTO `predictions` VALUES (5811,18,2017121601,0,0);
INSERT INTO `predictions` VALUES (5814,18,2017121702,0,0);
INSERT INTO `predictions` VALUES (5817,18,2017121701,0,0);
INSERT INTO `predictions` VALUES (5820,18,2017121704,0,0);
INSERT INTO `predictions` VALUES (5823,18,2017121700,0,0);
INSERT INTO `predictions` VALUES (5826,18,2017121705,0,0);
INSERT INTO `predictions` VALUES (5829,18,2017121706,0,0);
INSERT INTO `predictions` VALUES (5832,18,2017121709,0,0);
INSERT INTO `predictions` VALUES (5835,18,2017121710,0,0);
INSERT INTO `predictions` VALUES (5838,18,2017121711,0,0);
INSERT INTO `predictions` VALUES (5841,18,2017121800,0,0);
INSERT INTO `predictions` VALUES (5844,18,2017122402,0,0);
INSERT INTO `predictions` VALUES (5847,18,2017122403,0,0);
INSERT INTO `predictions` VALUES (5850,18,2017122300,0,0);
INSERT INTO `predictions` VALUES (5853,18,2017122301,0,0);
INSERT INTO `predictions` VALUES (5856,18,2017122408,0,0);
INSERT INTO `predictions` VALUES (5859,18,2017122409,0,0);
INSERT INTO `predictions` VALUES (5862,18,2017122404,0,0);
INSERT INTO `predictions` VALUES (5865,18,2017122401,0,0);
INSERT INTO `predictions` VALUES (5868,18,2017122400,0,0);
INSERT INTO `predictions` VALUES (5871,18,2017122405,0,0);
INSERT INTO `predictions` VALUES (5874,18,2017122406,0,0);
INSERT INTO `predictions` VALUES (5877,18,2017122411,0,0);
INSERT INTO `predictions` VALUES (5880,18,2017122407,0,0);
INSERT INTO `predictions` VALUES (5883,18,2017122410,0,0);
INSERT INTO `predictions` VALUES (5886,18,2017122500,0,0);
INSERT INTO `predictions` VALUES (5889,18,2017122501,0,0);
INSERT INTO `predictions` VALUES (5892,18,2017123100,0,0);
INSERT INTO `predictions` VALUES (5895,18,2017123102,0,0);
INSERT INTO `predictions` VALUES (5898,18,2017123105,0,0);
INSERT INTO `predictions` VALUES (5901,18,2017123103,0,0);
INSERT INTO `predictions` VALUES (5904,18,2017123108,0,0);
INSERT INTO `predictions` VALUES (5907,18,2017123106,0,0);
INSERT INTO `predictions` VALUES (5910,18,2017123110,0,0);
INSERT INTO `predictions` VALUES (5913,18,2017123109,0,0);
INSERT INTO `predictions` VALUES (5916,18,2017123104,0,0);
INSERT INTO `predictions` VALUES (5919,18,2017123111,0,0);
INSERT INTO `predictions` VALUES (5922,18,2017123101,0,0);
INSERT INTO `predictions` VALUES (5925,18,2017123115,0,0);
INSERT INTO `predictions` VALUES (5928,18,2017123112,0,0);
INSERT INTO `predictions` VALUES (5931,18,2017123113,0,0);
INSERT INTO `predictions` VALUES (5934,18,2017123114,0,0);
INSERT INTO `predictions` VALUES (5937,18,2017123107,0,0);
INSERT INTO `predictions` VALUES (5940,19,2017090700,1,0);
INSERT INTO `predictions` VALUES (5941,19,2017091000,1,0);
INSERT INTO `predictions` VALUES (5942,19,2017091001,1,1);
INSERT INTO `predictions` VALUES (5943,19,2017091002,1,0);
INSERT INTO `predictions` VALUES (5944,19,2017091003,1,1);
INSERT INTO `predictions` VALUES (5945,19,2017091004,1,0);
INSERT INTO `predictions` VALUES (5946,19,2017091005,1,1);
INSERT INTO `predictions` VALUES (5947,19,2017091006,1,0);
INSERT INTO `predictions` VALUES (5948,19,2017091007,1,1);
INSERT INTO `predictions` VALUES (5949,19,2017091008,1,0);
INSERT INTO `predictions` VALUES (5950,19,2017091009,1,1);
INSERT INTO `predictions` VALUES (5951,19,2017091010,1,0);
INSERT INTO `predictions` VALUES (5952,19,2017091011,1,1);
INSERT INTO `predictions` VALUES (5953,19,2017091012,1,0);
INSERT INTO `predictions` VALUES (5954,19,2017091100,1,1);
INSERT INTO `predictions` VALUES (5955,19,2017091101,1,0);
INSERT INTO `predictions` VALUES (5956,19,2017091400,0,0);
INSERT INTO `predictions` VALUES (5957,19,2017091700,0,0);
INSERT INTO `predictions` VALUES (5958,19,2017091701,0,0);
INSERT INTO `predictions` VALUES (5959,19,2017091702,0,0);
INSERT INTO `predictions` VALUES (5960,19,2017091703,0,0);
INSERT INTO `predictions` VALUES (5961,19,2017091704,0,0);
INSERT INTO `predictions` VALUES (5962,19,2017091705,0,0);
INSERT INTO `predictions` VALUES (5963,19,2017091706,0,0);
INSERT INTO `predictions` VALUES (5964,19,2017091707,0,0);
INSERT INTO `predictions` VALUES (5965,19,2017091708,0,0);
INSERT INTO `predictions` VALUES (5966,19,2017091709,0,0);
INSERT INTO `predictions` VALUES (5967,19,2017091710,0,0);
INSERT INTO `predictions` VALUES (5968,19,2017091711,0,0);
INSERT INTO `predictions` VALUES (5969,19,2017091712,0,0);
INSERT INTO `predictions` VALUES (5970,19,2017091713,0,0);
INSERT INTO `predictions` VALUES (5971,19,2017091800,0,0);
INSERT INTO `predictions` VALUES (5972,19,2017092100,0,0);
INSERT INTO `predictions` VALUES (5973,19,2017092400,0,0);
INSERT INTO `predictions` VALUES (5974,19,2017092401,0,0);
INSERT INTO `predictions` VALUES (5975,19,2017092402,0,0);
INSERT INTO `predictions` VALUES (5976,19,2017092403,0,0);
INSERT INTO `predictions` VALUES (5977,19,2017092404,0,0);
INSERT INTO `predictions` VALUES (5978,19,2017092405,0,0);
INSERT INTO `predictions` VALUES (5979,19,2017092406,0,0);
INSERT INTO `predictions` VALUES (5980,19,2017092407,0,0);
INSERT INTO `predictions` VALUES (5981,19,2017092408,0,0);
INSERT INTO `predictions` VALUES (5982,19,2017092409,0,0);
INSERT INTO `predictions` VALUES (5983,19,2017092410,0,0);
INSERT INTO `predictions` VALUES (5984,19,2017092411,0,0);
INSERT INTO `predictions` VALUES (5985,19,2017092412,0,0);
INSERT INTO `predictions` VALUES (5986,19,2017092413,0,0);
INSERT INTO `predictions` VALUES (5987,19,2017092500,0,0);
INSERT INTO `predictions` VALUES (5988,19,2017092800,0,0);
INSERT INTO `predictions` VALUES (5989,19,2017100100,0,0);
INSERT INTO `predictions` VALUES (5990,19,2017100101,0,0);
INSERT INTO `predictions` VALUES (5991,19,2017100102,0,0);
INSERT INTO `predictions` VALUES (5992,19,2017100103,0,0);
INSERT INTO `predictions` VALUES (5993,19,2017100104,0,0);
INSERT INTO `predictions` VALUES (5994,19,2017100105,0,0);
INSERT INTO `predictions` VALUES (5995,19,2017100106,0,0);
INSERT INTO `predictions` VALUES (5996,19,2017100107,0,0);
INSERT INTO `predictions` VALUES (5997,19,2017100108,0,0);
INSERT INTO `predictions` VALUES (5998,19,2017100109,0,0);
INSERT INTO `predictions` VALUES (5999,19,2017100110,0,0);
INSERT INTO `predictions` VALUES (6000,19,2017100111,0,0);
INSERT INTO `predictions` VALUES (6001,19,2017100112,0,0);
INSERT INTO `predictions` VALUES (6002,19,2017100113,0,0);
INSERT INTO `predictions` VALUES (6003,19,2017100200,0,0);
INSERT INTO `predictions` VALUES (6004,19,2017100500,0,0);
INSERT INTO `predictions` VALUES (6005,19,2017100800,0,0);
INSERT INTO `predictions` VALUES (6006,19,2017100801,0,0);
INSERT INTO `predictions` VALUES (6007,19,2017100802,0,0);
INSERT INTO `predictions` VALUES (6008,19,2017100803,0,0);
INSERT INTO `predictions` VALUES (6009,19,2017100804,0,0);
INSERT INTO `predictions` VALUES (6010,19,2017100805,0,0);
INSERT INTO `predictions` VALUES (6011,19,2017100806,0,0);
INSERT INTO `predictions` VALUES (6012,19,2017100807,0,0);
INSERT INTO `predictions` VALUES (6013,19,2017100808,0,0);
INSERT INTO `predictions` VALUES (6014,19,2017100809,0,0);
INSERT INTO `predictions` VALUES (6015,19,2017100810,0,0);
INSERT INTO `predictions` VALUES (6016,19,2017100811,0,0);
INSERT INTO `predictions` VALUES (6017,19,2017100900,0,0);
INSERT INTO `predictions` VALUES (6018,19,2017101200,0,0);
INSERT INTO `predictions` VALUES (6019,19,2017101500,0,0);
INSERT INTO `predictions` VALUES (6020,19,2017101501,0,0);
INSERT INTO `predictions` VALUES (6021,19,2017101502,0,0);
INSERT INTO `predictions` VALUES (6022,19,2017101503,0,0);
INSERT INTO `predictions` VALUES (6023,19,2017101504,0,0);
INSERT INTO `predictions` VALUES (6024,19,2017101505,0,0);
INSERT INTO `predictions` VALUES (6025,19,2017101506,0,0);
INSERT INTO `predictions` VALUES (6026,19,2017101507,0,0);
INSERT INTO `predictions` VALUES (6027,19,2017101508,0,0);
INSERT INTO `predictions` VALUES (6028,19,2017101509,0,0);
INSERT INTO `predictions` VALUES (6029,19,2017101510,0,0);
INSERT INTO `predictions` VALUES (6030,19,2017101511,0,0);
INSERT INTO `predictions` VALUES (6031,19,2017101600,0,0);
INSERT INTO `predictions` VALUES (6032,19,2017101900,0,0);
INSERT INTO `predictions` VALUES (6033,19,2017102200,0,0);
INSERT INTO `predictions` VALUES (6034,19,2017102201,0,0);
INSERT INTO `predictions` VALUES (6035,19,2017102202,0,0);
INSERT INTO `predictions` VALUES (6036,19,2017102203,0,0);
INSERT INTO `predictions` VALUES (6037,19,2017102204,0,0);
INSERT INTO `predictions` VALUES (6038,19,2017102205,0,0);
INSERT INTO `predictions` VALUES (6039,19,2017102206,0,0);
INSERT INTO `predictions` VALUES (6040,19,2017102207,0,0);
INSERT INTO `predictions` VALUES (6041,19,2017102208,0,0);
INSERT INTO `predictions` VALUES (6042,19,2017102209,0,0);
INSERT INTO `predictions` VALUES (6043,19,2017102210,0,0);
INSERT INTO `predictions` VALUES (6044,19,2017102211,0,0);
INSERT INTO `predictions` VALUES (6045,19,2017102212,0,0);
INSERT INTO `predictions` VALUES (6046,19,2017102300,0,0);
INSERT INTO `predictions` VALUES (6047,19,2017102600,1,1);
INSERT INTO `predictions` VALUES (6048,19,2017102900,1,0);
INSERT INTO `predictions` VALUES (6049,19,2017102901,1,1);
INSERT INTO `predictions` VALUES (6050,19,2017102902,1,0);
INSERT INTO `predictions` VALUES (6051,19,2017102903,1,1);
INSERT INTO `predictions` VALUES (6052,19,2017102904,1,0);
INSERT INTO `predictions` VALUES (6053,19,2017102905,1,1);
INSERT INTO `predictions` VALUES (6054,19,2017102906,1,0);
INSERT INTO `predictions` VALUES (6055,19,2017102907,1,1);
INSERT INTO `predictions` VALUES (6056,19,2017102908,1,0);
INSERT INTO `predictions` VALUES (6057,19,2017102909,1,1);
INSERT INTO `predictions` VALUES (6058,19,2017102910,1,0);
INSERT INTO `predictions` VALUES (6059,19,2017103000,1,0);
INSERT INTO `predictions` VALUES (6060,19,2017110200,1,0);
INSERT INTO `predictions` VALUES (6061,19,2017110500,1,1);
INSERT INTO `predictions` VALUES (6062,19,2017110501,1,0);
INSERT INTO `predictions` VALUES (6063,19,2017110502,1,1);
INSERT INTO `predictions` VALUES (6064,19,2017110503,1,0);
INSERT INTO `predictions` VALUES (6065,19,2017110504,1,1);
INSERT INTO `predictions` VALUES (6066,19,2017110505,1,0);
INSERT INTO `predictions` VALUES (6067,19,2017110506,1,1);
INSERT INTO `predictions` VALUES (6068,19,2017110507,1,0);
INSERT INTO `predictions` VALUES (6069,19,2017110508,1,1);
INSERT INTO `predictions` VALUES (6070,19,2017110509,1,0);
INSERT INTO `predictions` VALUES (6071,19,2017110510,1,1);
INSERT INTO `predictions` VALUES (6072,19,2017110600,1,0);
INSERT INTO `predictions` VALUES (6073,19,2017110900,0,0);
INSERT INTO `predictions` VALUES (6074,19,2017111200,0,0);
INSERT INTO `predictions` VALUES (6075,19,2017111201,0,0);
INSERT INTO `predictions` VALUES (6076,19,2017111202,0,0);
INSERT INTO `predictions` VALUES (6077,19,2017111203,0,0);
INSERT INTO `predictions` VALUES (6078,19,2017111204,0,0);
INSERT INTO `predictions` VALUES (6079,19,2017111205,0,0);
INSERT INTO `predictions` VALUES (6080,19,2017111206,0,0);
INSERT INTO `predictions` VALUES (6081,19,2017111207,0,0);
INSERT INTO `predictions` VALUES (6082,19,2017111208,0,0);
INSERT INTO `predictions` VALUES (6083,19,2017111209,0,0);
INSERT INTO `predictions` VALUES (6084,19,2017111210,0,0);
INSERT INTO `predictions` VALUES (6085,19,2017111211,0,0);
INSERT INTO `predictions` VALUES (6086,19,2017111300,0,0);
INSERT INTO `predictions` VALUES (6087,19,2017111600,0,0);
INSERT INTO `predictions` VALUES (6088,19,2017111900,0,0);
INSERT INTO `predictions` VALUES (6089,19,2017111901,0,0);
INSERT INTO `predictions` VALUES (6090,19,2017111902,0,0);
INSERT INTO `predictions` VALUES (6091,19,2017111903,0,0);
INSERT INTO `predictions` VALUES (6092,19,2017111904,0,0);
INSERT INTO `predictions` VALUES (6093,19,2017111905,0,0);
INSERT INTO `predictions` VALUES (6094,19,2017111906,0,0);
INSERT INTO `predictions` VALUES (6095,19,2017111907,0,0);
INSERT INTO `predictions` VALUES (6096,19,2017111908,0,0);
INSERT INTO `predictions` VALUES (6097,19,2017111909,0,0);
INSERT INTO `predictions` VALUES (6098,19,2017111910,0,0);
INSERT INTO `predictions` VALUES (6099,19,2017112000,0,0);
INSERT INTO `predictions` VALUES (6100,19,2017112300,0,0);
INSERT INTO `predictions` VALUES (6101,19,2017112301,0,0);
INSERT INTO `predictions` VALUES (6102,19,2017112302,0,0);
INSERT INTO `predictions` VALUES (6103,19,2017112600,0,0);
INSERT INTO `predictions` VALUES (6104,19,2017112601,0,0);
INSERT INTO `predictions` VALUES (6105,19,2017112602,0,0);
INSERT INTO `predictions` VALUES (6106,19,2017112603,0,0);
INSERT INTO `predictions` VALUES (6107,19,2017112604,0,0);
INSERT INTO `predictions` VALUES (6108,19,2017112605,0,0);
INSERT INTO `predictions` VALUES (6109,19,2017112606,0,0);
INSERT INTO `predictions` VALUES (6110,19,2017112607,0,0);
INSERT INTO `predictions` VALUES (6111,19,2017112608,0,0);
INSERT INTO `predictions` VALUES (6112,19,2017112609,0,0);
INSERT INTO `predictions` VALUES (6113,19,2017112610,0,0);
INSERT INTO `predictions` VALUES (6114,19,2017112611,0,0);
INSERT INTO `predictions` VALUES (6115,19,2017112700,0,0);
INSERT INTO `predictions` VALUES (6116,19,2017113000,0,0);
INSERT INTO `predictions` VALUES (6117,19,2017120300,0,0);
INSERT INTO `predictions` VALUES (6118,19,2017120301,0,0);
INSERT INTO `predictions` VALUES (6119,19,2017120302,0,0);
INSERT INTO `predictions` VALUES (6120,19,2017120303,0,0);
INSERT INTO `predictions` VALUES (6121,19,2017120304,0,0);
INSERT INTO `predictions` VALUES (6122,19,2017120305,0,0);
INSERT INTO `predictions` VALUES (6123,19,2017120306,0,0);
INSERT INTO `predictions` VALUES (6124,19,2017120307,0,0);
INSERT INTO `predictions` VALUES (6125,19,2017120308,0,0);
INSERT INTO `predictions` VALUES (6126,19,2017120309,0,0);
INSERT INTO `predictions` VALUES (6127,19,2017120310,0,0);
INSERT INTO `predictions` VALUES (6128,19,2017120311,0,0);
INSERT INTO `predictions` VALUES (6129,19,2017120312,0,0);
INSERT INTO `predictions` VALUES (6130,19,2017120313,0,0);
INSERT INTO `predictions` VALUES (6131,19,2017120400,0,0);
INSERT INTO `predictions` VALUES (6132,19,2017120700,0,0);
INSERT INTO `predictions` VALUES (6133,19,2017121000,0,0);
INSERT INTO `predictions` VALUES (6134,19,2017121001,0,0);
INSERT INTO `predictions` VALUES (6135,19,2017121002,0,0);
INSERT INTO `predictions` VALUES (6136,19,2017121003,0,0);
INSERT INTO `predictions` VALUES (6137,19,2017121004,0,0);
INSERT INTO `predictions` VALUES (6138,19,2017121005,0,0);
INSERT INTO `predictions` VALUES (6139,19,2017121006,0,0);
INSERT INTO `predictions` VALUES (6140,19,2017121007,0,0);
INSERT INTO `predictions` VALUES (6141,19,2017121008,0,0);
INSERT INTO `predictions` VALUES (6142,19,2017121009,0,0);
INSERT INTO `predictions` VALUES (6143,19,2017121010,0,0);
INSERT INTO `predictions` VALUES (6144,19,2017121011,0,0);
INSERT INTO `predictions` VALUES (6145,19,2017121012,0,0);
INSERT INTO `predictions` VALUES (6146,19,2017121013,0,0);
INSERT INTO `predictions` VALUES (6147,19,2017121100,0,0);
INSERT INTO `predictions` VALUES (6148,19,2017121400,0,0);
INSERT INTO `predictions` VALUES (6149,19,2017121600,0,0);
INSERT INTO `predictions` VALUES (6150,19,2017121601,0,0);
INSERT INTO `predictions` VALUES (6151,19,2017121700,0,0);
INSERT INTO `predictions` VALUES (6152,19,2017121701,0,0);
INSERT INTO `predictions` VALUES (6153,19,2017121702,0,0);
INSERT INTO `predictions` VALUES (6154,19,2017121703,0,0);
INSERT INTO `predictions` VALUES (6155,19,2017121704,0,0);
INSERT INTO `predictions` VALUES (6156,19,2017121705,0,0);
INSERT INTO `predictions` VALUES (6157,19,2017121706,0,0);
INSERT INTO `predictions` VALUES (6158,19,2017121707,0,0);
INSERT INTO `predictions` VALUES (6159,19,2017121708,0,0);
INSERT INTO `predictions` VALUES (6160,19,2017121709,0,0);
INSERT INTO `predictions` VALUES (6161,19,2017121710,0,0);
INSERT INTO `predictions` VALUES (6162,19,2017121711,0,0);
INSERT INTO `predictions` VALUES (6163,19,2017121800,0,0);
INSERT INTO `predictions` VALUES (6164,19,2017122300,0,0);
INSERT INTO `predictions` VALUES (6165,19,2017122301,0,0);
INSERT INTO `predictions` VALUES (6166,19,2017122400,0,0);
INSERT INTO `predictions` VALUES (6167,19,2017122401,0,0);
INSERT INTO `predictions` VALUES (6168,19,2017122402,0,0);
INSERT INTO `predictions` VALUES (6169,19,2017122403,0,0);
INSERT INTO `predictions` VALUES (6170,19,2017122404,0,0);
INSERT INTO `predictions` VALUES (6171,19,2017122405,0,0);
INSERT INTO `predictions` VALUES (6172,19,2017122406,0,0);
INSERT INTO `predictions` VALUES (6173,19,2017122407,0,0);
INSERT INTO `predictions` VALUES (6174,19,2017122408,0,0);
INSERT INTO `predictions` VALUES (6175,19,2017122409,0,0);
INSERT INTO `predictions` VALUES (6176,19,2017122410,0,0);
INSERT INTO `predictions` VALUES (6177,19,2017122411,0,0);
INSERT INTO `predictions` VALUES (6178,19,2017122500,0,0);
INSERT INTO `predictions` VALUES (6179,19,2017122501,0,0);
INSERT INTO `predictions` VALUES (6180,19,2017123100,0,0);
INSERT INTO `predictions` VALUES (6181,19,2017123101,0,0);
INSERT INTO `predictions` VALUES (6182,19,2017123102,0,0);
INSERT INTO `predictions` VALUES (6183,19,2017123103,0,0);
INSERT INTO `predictions` VALUES (6184,19,2017123104,0,0);
INSERT INTO `predictions` VALUES (6185,19,2017123105,0,0);
INSERT INTO `predictions` VALUES (6186,19,2017123106,0,0);
INSERT INTO `predictions` VALUES (6187,19,2017123107,0,0);
INSERT INTO `predictions` VALUES (6188,19,2017123108,0,0);
INSERT INTO `predictions` VALUES (6189,19,2017123109,0,0);
INSERT INTO `predictions` VALUES (6190,19,2017123110,0,0);
INSERT INTO `predictions` VALUES (6191,19,2017123111,0,0);
INSERT INTO `predictions` VALUES (6192,19,2017123112,0,0);
INSERT INTO `predictions` VALUES (6193,19,2017123113,0,0);
INSERT INTO `predictions` VALUES (6194,19,2017123114,0,0);
INSERT INTO `predictions` VALUES (6195,19,2017123115,0,0);
INSERT INTO `predictions` VALUES (6451,20,2017090700,1,0);
INSERT INTO `predictions` VALUES (6452,20,2017091000,1,1);
INSERT INTO `predictions` VALUES (6453,20,2017091001,1,0);
INSERT INTO `predictions` VALUES (6454,20,2017091002,1,0);
INSERT INTO `predictions` VALUES (6455,20,2017091003,1,0);
INSERT INTO `predictions` VALUES (6456,20,2017091004,1,1);
INSERT INTO `predictions` VALUES (6457,20,2017091005,1,0);
INSERT INTO `predictions` VALUES (6458,20,2017091006,1,1);
INSERT INTO `predictions` VALUES (6459,20,2017091007,1,1);
INSERT INTO `predictions` VALUES (6460,20,2017091008,1,0);
INSERT INTO `predictions` VALUES (6461,20,2017091009,1,1);
INSERT INTO `predictions` VALUES (6462,20,2017091010,1,0);
INSERT INTO `predictions` VALUES (6463,20,2017091011,1,1);
INSERT INTO `predictions` VALUES (6464,20,2017091012,1,1);
INSERT INTO `predictions` VALUES (6465,20,2017091100,1,1);
INSERT INTO `predictions` VALUES (6466,20,2017091101,1,0);
INSERT INTO `predictions` VALUES (6467,20,2017091400,0,0);
INSERT INTO `predictions` VALUES (6468,20,2017091700,1,0);
INSERT INTO `predictions` VALUES (6469,20,2017091701,1,1);
INSERT INTO `predictions` VALUES (6470,20,2017091702,1,0);
INSERT INTO `predictions` VALUES (6471,20,2017091703,1,1);
INSERT INTO `predictions` VALUES (6472,20,2017091704,1,0);
INSERT INTO `predictions` VALUES (6473,20,2017091705,1,1);
INSERT INTO `predictions` VALUES (6474,20,2017091706,1,0);
INSERT INTO `predictions` VALUES (6475,20,2017091707,1,0);
INSERT INTO `predictions` VALUES (6476,20,2017091708,1,0);
INSERT INTO `predictions` VALUES (6477,20,2017091709,1,1);
INSERT INTO `predictions` VALUES (6478,20,2017091710,1,1);
INSERT INTO `predictions` VALUES (6479,20,2017091711,1,0);
INSERT INTO `predictions` VALUES (6480,20,2017091712,1,0);
INSERT INTO `predictions` VALUES (6481,20,2017091713,1,1);
INSERT INTO `predictions` VALUES (6482,20,2017091800,1,0);
INSERT INTO `predictions` VALUES (6483,20,2017092100,1,1);
INSERT INTO `predictions` VALUES (6484,20,2017092400,0,0);
INSERT INTO `predictions` VALUES (6485,20,2017092401,1,0);
INSERT INTO `predictions` VALUES (6486,20,2017092402,1,1);
INSERT INTO `predictions` VALUES (6487,20,2017092403,1,1);
INSERT INTO `predictions` VALUES (6488,20,2017092404,1,0);
INSERT INTO `predictions` VALUES (6489,20,2017092405,1,0);
INSERT INTO `predictions` VALUES (6490,20,2017092406,1,0);
INSERT INTO `predictions` VALUES (6491,20,2017092407,1,0);
INSERT INTO `predictions` VALUES (6492,20,2017092408,1,1);
INSERT INTO `predictions` VALUES (6493,20,2017092409,1,1);
INSERT INTO `predictions` VALUES (6494,20,2017092410,1,1);
INSERT INTO `predictions` VALUES (6495,20,2017092411,1,0);
INSERT INTO `predictions` VALUES (6496,20,2017092412,1,1);
INSERT INTO `predictions` VALUES (6497,20,2017092413,0,0);
INSERT INTO `predictions` VALUES (6498,20,2017092500,1,0);
INSERT INTO `predictions` VALUES (6499,20,2017092800,1,1);
INSERT INTO `predictions` VALUES (6500,20,2017100100,1,0);
INSERT INTO `predictions` VALUES (6501,20,2017100101,0,0);
INSERT INTO `predictions` VALUES (6502,20,2017100102,1,0);
INSERT INTO `predictions` VALUES (6503,20,2017100103,1,1);
INSERT INTO `predictions` VALUES (6504,20,2017100104,1,0);
INSERT INTO `predictions` VALUES (6505,20,2017100105,1,1);
INSERT INTO `predictions` VALUES (6506,20,2017100106,1,0);
INSERT INTO `predictions` VALUES (6507,20,2017100107,1,1);
INSERT INTO `predictions` VALUES (6508,20,2017100108,1,0);
INSERT INTO `predictions` VALUES (6509,20,2017100109,1,0);
INSERT INTO `predictions` VALUES (6510,20,2017100110,1,0);
INSERT INTO `predictions` VALUES (6511,20,2017100111,1,1);
INSERT INTO `predictions` VALUES (6512,20,2017100112,1,1);
INSERT INTO `predictions` VALUES (6513,20,2017100113,0,0);
INSERT INTO `predictions` VALUES (6514,20,2017100200,1,0);
INSERT INTO `predictions` VALUES (6515,20,2017100500,0,0);
INSERT INTO `predictions` VALUES (6516,20,2017100800,0,0);
INSERT INTO `predictions` VALUES (6517,20,2017100801,0,0);
INSERT INTO `predictions` VALUES (6518,20,2017100802,0,0);
INSERT INTO `predictions` VALUES (6519,20,2017100803,0,0);
INSERT INTO `predictions` VALUES (6520,20,2017100804,0,0);
INSERT INTO `predictions` VALUES (6521,20,2017100805,0,0);
INSERT INTO `predictions` VALUES (6522,20,2017100806,0,0);
INSERT INTO `predictions` VALUES (6523,20,2017100807,0,0);
INSERT INTO `predictions` VALUES (6524,20,2017100808,0,0);
INSERT INTO `predictions` VALUES (6525,20,2017100809,0,0);
INSERT INTO `predictions` VALUES (6526,20,2017100810,0,0);
INSERT INTO `predictions` VALUES (6527,20,2017100811,0,0);
INSERT INTO `predictions` VALUES (6528,20,2017100900,0,0);
INSERT INTO `predictions` VALUES (6529,20,2017101200,1,0);
INSERT INTO `predictions` VALUES (6530,20,2017101500,1,0);
INSERT INTO `predictions` VALUES (6531,20,2017101501,1,1);
INSERT INTO `predictions` VALUES (6532,20,2017101502,1,0);
INSERT INTO `predictions` VALUES (6533,20,2017101503,1,1);
INSERT INTO `predictions` VALUES (6534,20,2017101504,1,0);
INSERT INTO `predictions` VALUES (6535,20,2017101505,1,0);
INSERT INTO `predictions` VALUES (6536,20,2017101506,1,1);
INSERT INTO `predictions` VALUES (6537,20,2017101507,1,0);
INSERT INTO `predictions` VALUES (6538,20,2017101508,1,1);
INSERT INTO `predictions` VALUES (6539,20,2017101509,1,1);
INSERT INTO `predictions` VALUES (6540,20,2017101510,1,1);
INSERT INTO `predictions` VALUES (6541,20,2017101511,1,0);
INSERT INTO `predictions` VALUES (6542,20,2017101600,1,1);
INSERT INTO `predictions` VALUES (6543,20,2017101900,0,0);
INSERT INTO `predictions` VALUES (6544,20,2017102200,1,1);
INSERT INTO `predictions` VALUES (6545,20,2017102201,1,1);
INSERT INTO `predictions` VALUES (6546,20,2017102202,1,0);
INSERT INTO `predictions` VALUES (6547,20,2017102203,1,1);
INSERT INTO `predictions` VALUES (6548,20,2017102204,1,0);
INSERT INTO `predictions` VALUES (6549,20,2017102205,1,1);
INSERT INTO `predictions` VALUES (6550,20,2017102206,1,0);
INSERT INTO `predictions` VALUES (6551,20,2017102207,1,1);
INSERT INTO `predictions` VALUES (6552,20,2017102208,1,0);
INSERT INTO `predictions` VALUES (6553,20,2017102209,1,1);
INSERT INTO `predictions` VALUES (6554,20,2017102210,1,1);
INSERT INTO `predictions` VALUES (6555,20,2017102211,1,1);
INSERT INTO `predictions` VALUES (6556,20,2017102212,1,0);
INSERT INTO `predictions` VALUES (6557,20,2017102300,1,0);
INSERT INTO `predictions` VALUES (6558,20,2017102600,1,0);
INSERT INTO `predictions` VALUES (6559,20,2017102900,1,0);
INSERT INTO `predictions` VALUES (6560,20,2017102901,1,1);
INSERT INTO `predictions` VALUES (6561,20,2017102902,1,1);
INSERT INTO `predictions` VALUES (6562,20,2017102903,1,0);
INSERT INTO `predictions` VALUES (6563,20,2017102904,1,0);
INSERT INTO `predictions` VALUES (6564,20,2017102905,1,1);
INSERT INTO `predictions` VALUES (6565,20,2017102906,1,1);
INSERT INTO `predictions` VALUES (6566,20,2017102907,1,0);
INSERT INTO `predictions` VALUES (6567,20,2017102908,1,1);
INSERT INTO `predictions` VALUES (6568,20,2017102909,1,1);
INSERT INTO `predictions` VALUES (6569,20,2017102910,1,0);
INSERT INTO `predictions` VALUES (6570,20,2017103000,1,0);
INSERT INTO `predictions` VALUES (6571,20,2017110200,1,0);
INSERT INTO `predictions` VALUES (6572,20,2017110500,1,1);
INSERT INTO `predictions` VALUES (6573,20,2017110501,1,0);
INSERT INTO `predictions` VALUES (6574,20,2017110502,1,0);
INSERT INTO `predictions` VALUES (6575,20,2017110503,1,1);
INSERT INTO `predictions` VALUES (6576,20,2017110504,1,0);
INSERT INTO `predictions` VALUES (6577,20,2017110505,1,0);
INSERT INTO `predictions` VALUES (6578,20,2017110506,1,1);
INSERT INTO `predictions` VALUES (6579,20,2017110507,1,1);
INSERT INTO `predictions` VALUES (6580,20,2017110508,1,1);
INSERT INTO `predictions` VALUES (6581,20,2017110509,1,1);
INSERT INTO `predictions` VALUES (6582,20,2017110510,1,1);
INSERT INTO `predictions` VALUES (6583,20,2017110600,1,0);
INSERT INTO `predictions` VALUES (6584,20,2017110900,0,0);
INSERT INTO `predictions` VALUES (6585,20,2017111200,1,1);
INSERT INTO `predictions` VALUES (6586,20,2017111201,1,0);
INSERT INTO `predictions` VALUES (6587,20,2017111202,1,1);
INSERT INTO `predictions` VALUES (6588,20,2017111203,1,0);
INSERT INTO `predictions` VALUES (6589,20,2017111204,1,1);
INSERT INTO `predictions` VALUES (6590,20,2017111205,1,0);
INSERT INTO `predictions` VALUES (6591,20,2017111206,1,0);
INSERT INTO `predictions` VALUES (6592,20,2017111207,1,1);
INSERT INTO `predictions` VALUES (6593,20,2017111208,1,1);
INSERT INTO `predictions` VALUES (6594,20,2017111209,1,0);
INSERT INTO `predictions` VALUES (6595,20,2017111210,1,1);
INSERT INTO `predictions` VALUES (6596,20,2017111211,1,1);
INSERT INTO `predictions` VALUES (6597,20,2017111300,1,0);
INSERT INTO `predictions` VALUES (6598,20,2017111600,0,0);
INSERT INTO `predictions` VALUES (6599,20,2017111900,1,0);
INSERT INTO `predictions` VALUES (6600,20,2017111901,1,1);
INSERT INTO `predictions` VALUES (6601,20,2017111902,1,0);
INSERT INTO `predictions` VALUES (6602,20,2017111903,1,1);
INSERT INTO `predictions` VALUES (6603,20,2017111904,1,1);
INSERT INTO `predictions` VALUES (6604,20,2017111905,1,1);
INSERT INTO `predictions` VALUES (6605,20,2017111906,1,0);
INSERT INTO `predictions` VALUES (6606,20,2017111907,1,0);
INSERT INTO `predictions` VALUES (6607,20,2017111908,1,1);
INSERT INTO `predictions` VALUES (6608,20,2017111909,1,0);
INSERT INTO `predictions` VALUES (6609,20,2017111910,1,1);
INSERT INTO `predictions` VALUES (6610,20,2017112000,1,0);
INSERT INTO `predictions` VALUES (6611,20,2017112300,1,0);
INSERT INTO `predictions` VALUES (6612,20,2017112301,1,1);
INSERT INTO `predictions` VALUES (6613,20,2017112302,1,0);
INSERT INTO `predictions` VALUES (6614,20,2017112600,1,1);
INSERT INTO `predictions` VALUES (6615,20,2017112601,1,0);
INSERT INTO `predictions` VALUES (6616,20,2017112602,1,1);
INSERT INTO `predictions` VALUES (6617,20,2017112603,1,0);
INSERT INTO `predictions` VALUES (6618,20,2017112604,1,1);
INSERT INTO `predictions` VALUES (6619,20,2017112605,1,0);
INSERT INTO `predictions` VALUES (6620,20,2017112606,1,0);
INSERT INTO `predictions` VALUES (6621,20,2017112607,1,1);
INSERT INTO `predictions` VALUES (6622,20,2017112608,1,0);
INSERT INTO `predictions` VALUES (6623,20,2017112609,1,1);
INSERT INTO `predictions` VALUES (6624,20,2017112610,1,0);
INSERT INTO `predictions` VALUES (6625,20,2017112611,1,1);
INSERT INTO `predictions` VALUES (6626,20,2017112700,0,0);
INSERT INTO `predictions` VALUES (6627,20,2017113000,1,0);
INSERT INTO `predictions` VALUES (6628,20,2017120300,1,1);
INSERT INTO `predictions` VALUES (6629,20,2017120301,1,1);
INSERT INTO `predictions` VALUES (6630,20,2017120302,1,0);
INSERT INTO `predictions` VALUES (6631,20,2017120303,1,0);
INSERT INTO `predictions` VALUES (6632,20,2017120304,1,1);
INSERT INTO `predictions` VALUES (6633,20,2017120305,1,1);
INSERT INTO `predictions` VALUES (6634,20,2017120306,1,0);
INSERT INTO `predictions` VALUES (6635,20,2017120307,1,0);
INSERT INTO `predictions` VALUES (6636,20,2017120308,1,1);
INSERT INTO `predictions` VALUES (6637,20,2017120309,1,1);
INSERT INTO `predictions` VALUES (6638,20,2017120310,1,0);
INSERT INTO `predictions` VALUES (6639,20,2017120311,1,0);
INSERT INTO `predictions` VALUES (6640,20,2017120312,1,1);
INSERT INTO `predictions` VALUES (6641,20,2017120313,1,1);
INSERT INTO `predictions` VALUES (6642,20,2017120400,1,0);
INSERT INTO `predictions` VALUES (6643,20,2017120700,1,1);
INSERT INTO `predictions` VALUES (6644,20,2017121000,1,1);
INSERT INTO `predictions` VALUES (6645,20,2017121001,1,0);
INSERT INTO `predictions` VALUES (6646,20,2017121002,1,1);
INSERT INTO `predictions` VALUES (6647,20,2017121003,1,0);
INSERT INTO `predictions` VALUES (6648,20,2017121004,1,1);
INSERT INTO `predictions` VALUES (6649,20,2017121005,1,0);
INSERT INTO `predictions` VALUES (6650,20,2017121006,1,0);
INSERT INTO `predictions` VALUES (6651,20,2017121007,1,1);
INSERT INTO `predictions` VALUES (6652,20,2017121008,1,0);
INSERT INTO `predictions` VALUES (6653,20,2017121009,1,0);
INSERT INTO `predictions` VALUES (6654,20,2017121010,1,1);
INSERT INTO `predictions` VALUES (6655,20,2017121011,1,0);
INSERT INTO `predictions` VALUES (6656,20,2017121012,1,1);
INSERT INTO `predictions` VALUES (6657,20,2017121013,1,1);
INSERT INTO `predictions` VALUES (6658,20,2017121100,1,0);
INSERT INTO `predictions` VALUES (6659,20,2017121400,1,1);
INSERT INTO `predictions` VALUES (6660,20,2017121600,1,0);
INSERT INTO `predictions` VALUES (6661,20,2017121601,1,1);
INSERT INTO `predictions` VALUES (6662,20,2017121700,1,0);
INSERT INTO `predictions` VALUES (6663,20,2017121701,1,1);
INSERT INTO `predictions` VALUES (6664,20,2017121702,1,0);
INSERT INTO `predictions` VALUES (6665,20,2017121703,1,1);
INSERT INTO `predictions` VALUES (6666,20,2017121704,1,0);
INSERT INTO `predictions` VALUES (6667,20,2017121705,1,1);
INSERT INTO `predictions` VALUES (6668,20,2017121706,1,0);
INSERT INTO `predictions` VALUES (6669,20,2017121707,1,1);
INSERT INTO `predictions` VALUES (6670,20,2017121708,1,0);
INSERT INTO `predictions` VALUES (6671,20,2017121709,1,1);
INSERT INTO `predictions` VALUES (6672,20,2017121710,1,0);
INSERT INTO `predictions` VALUES (6673,20,2017121711,1,1);
INSERT INTO `predictions` VALUES (6674,20,2017121800,1,0);
INSERT INTO `predictions` VALUES (6675,20,2017122300,1,1);
INSERT INTO `predictions` VALUES (6676,20,2017122301,1,0);
INSERT INTO `predictions` VALUES (6677,20,2017122400,1,1);
INSERT INTO `predictions` VALUES (6678,20,2017122401,1,0);
INSERT INTO `predictions` VALUES (6679,20,2017122402,1,1);
INSERT INTO `predictions` VALUES (6680,20,2017122403,1,0);
INSERT INTO `predictions` VALUES (6681,20,2017122404,1,1);
INSERT INTO `predictions` VALUES (6682,20,2017122405,1,0);
INSERT INTO `predictions` VALUES (6683,20,2017122406,1,1);
INSERT INTO `predictions` VALUES (6684,20,2017122407,1,0);
INSERT INTO `predictions` VALUES (6685,20,2017122408,1,1);
INSERT INTO `predictions` VALUES (6686,20,2017122409,1,0);
INSERT INTO `predictions` VALUES (6687,20,2017122410,1,1);
INSERT INTO `predictions` VALUES (6688,20,2017122411,1,0);
INSERT INTO `predictions` VALUES (6689,20,2017122500,1,1);
INSERT INTO `predictions` VALUES (6690,20,2017122501,1,0);
INSERT INTO `predictions` VALUES (6691,20,2017123100,1,0);
INSERT INTO `predictions` VALUES (6692,20,2017123101,1,1);
INSERT INTO `predictions` VALUES (6693,20,2017123102,1,0);
INSERT INTO `predictions` VALUES (6694,20,2017123103,1,1);
INSERT INTO `predictions` VALUES (6695,20,2017123104,1,0);
INSERT INTO `predictions` VALUES (6696,20,2017123105,0,0);
INSERT INTO `predictions` VALUES (6697,20,2017123106,1,0);
INSERT INTO `predictions` VALUES (6698,20,2017123107,1,1);
INSERT INTO `predictions` VALUES (6699,20,2017123108,1,0);
INSERT INTO `predictions` VALUES (6700,20,2017123109,1,1);
INSERT INTO `predictions` VALUES (6701,20,2017123110,1,0);
INSERT INTO `predictions` VALUES (6702,20,2017123111,1,1);
INSERT INTO `predictions` VALUES (6703,20,2017123112,0,0);
INSERT INTO `predictions` VALUES (6704,20,2017123113,1,1);
INSERT INTO `predictions` VALUES (6705,20,2017123114,1,0);
INSERT INTO `predictions` VALUES (6706,20,2017123115,1,1);
INSERT INTO `predictions` VALUES (7984,23,2017090700,1,1);
INSERT INTO `predictions` VALUES (7985,23,2017091000,1,1);
INSERT INTO `predictions` VALUES (7986,23,2017091001,1,0);
INSERT INTO `predictions` VALUES (7987,23,2017091002,1,0);
INSERT INTO `predictions` VALUES (7988,23,2017091003,1,0);
INSERT INTO `predictions` VALUES (7989,23,2017091004,1,0);
INSERT INTO `predictions` VALUES (7990,23,2017091005,1,1);
INSERT INTO `predictions` VALUES (7991,23,2017091006,1,0);
INSERT INTO `predictions` VALUES (7992,23,2017091007,1,0);
INSERT INTO `predictions` VALUES (7993,23,2017091008,1,0);
INSERT INTO `predictions` VALUES (7994,23,2017091009,1,0);
INSERT INTO `predictions` VALUES (7995,23,2017091010,1,1);
INSERT INTO `predictions` VALUES (7996,23,2017091011,1,0);
INSERT INTO `predictions` VALUES (7997,23,2017091012,1,0);
INSERT INTO `predictions` VALUES (7998,23,2017091100,1,1);
INSERT INTO `predictions` VALUES (7999,23,2017091101,1,1);
INSERT INTO `predictions` VALUES (8000,23,2017091400,0,0);
INSERT INTO `predictions` VALUES (8001,23,2017091700,0,0);
INSERT INTO `predictions` VALUES (8002,23,2017091701,0,0);
INSERT INTO `predictions` VALUES (8003,23,2017091702,0,0);
INSERT INTO `predictions` VALUES (8004,23,2017091703,0,0);
INSERT INTO `predictions` VALUES (8005,23,2017091704,0,0);
INSERT INTO `predictions` VALUES (8006,23,2017091705,0,0);
INSERT INTO `predictions` VALUES (8007,23,2017091706,0,0);
INSERT INTO `predictions` VALUES (8008,23,2017091707,0,0);
INSERT INTO `predictions` VALUES (8009,23,2017091708,0,0);
INSERT INTO `predictions` VALUES (8010,23,2017091709,0,0);
INSERT INTO `predictions` VALUES (8011,23,2017091710,0,0);
INSERT INTO `predictions` VALUES (8012,23,2017091711,0,0);
INSERT INTO `predictions` VALUES (8013,23,2017091712,0,0);
INSERT INTO `predictions` VALUES (8014,23,2017091713,0,0);
INSERT INTO `predictions` VALUES (8015,23,2017091800,0,0);
INSERT INTO `predictions` VALUES (8016,23,2017092100,0,0);
INSERT INTO `predictions` VALUES (8017,23,2017092400,0,0);
INSERT INTO `predictions` VALUES (8018,23,2017092401,0,0);
INSERT INTO `predictions` VALUES (8019,23,2017092402,0,0);
INSERT INTO `predictions` VALUES (8020,23,2017092403,0,0);
INSERT INTO `predictions` VALUES (8021,23,2017092404,0,0);
INSERT INTO `predictions` VALUES (8022,23,2017092405,0,0);
INSERT INTO `predictions` VALUES (8023,23,2017092406,0,0);
INSERT INTO `predictions` VALUES (8024,23,2017092407,0,0);
INSERT INTO `predictions` VALUES (8025,23,2017092408,0,0);
INSERT INTO `predictions` VALUES (8026,23,2017092409,0,0);
INSERT INTO `predictions` VALUES (8027,23,2017092410,0,0);
INSERT INTO `predictions` VALUES (8028,23,2017092411,0,0);
INSERT INTO `predictions` VALUES (8029,23,2017092412,0,0);
INSERT INTO `predictions` VALUES (8030,23,2017092413,0,0);
INSERT INTO `predictions` VALUES (8031,23,2017092500,0,0);
INSERT INTO `predictions` VALUES (8032,23,2017092800,0,0);
INSERT INTO `predictions` VALUES (8033,23,2017100100,0,0);
INSERT INTO `predictions` VALUES (8034,23,2017100101,0,0);
INSERT INTO `predictions` VALUES (8035,23,2017100102,0,0);
INSERT INTO `predictions` VALUES (8036,23,2017100103,0,0);
INSERT INTO `predictions` VALUES (8037,23,2017100104,0,0);
INSERT INTO `predictions` VALUES (8038,23,2017100105,0,0);
INSERT INTO `predictions` VALUES (8039,23,2017100106,0,0);
INSERT INTO `predictions` VALUES (8040,23,2017100107,0,0);
INSERT INTO `predictions` VALUES (8041,23,2017100108,0,0);
INSERT INTO `predictions` VALUES (8042,23,2017100109,0,0);
INSERT INTO `predictions` VALUES (8043,23,2017100110,0,0);
INSERT INTO `predictions` VALUES (8044,23,2017100111,0,0);
INSERT INTO `predictions` VALUES (8045,23,2017100112,0,0);
INSERT INTO `predictions` VALUES (8046,23,2017100113,0,0);
INSERT INTO `predictions` VALUES (8047,23,2017100200,0,0);
INSERT INTO `predictions` VALUES (8048,23,2017100500,0,0);
INSERT INTO `predictions` VALUES (8049,23,2017100800,0,0);
INSERT INTO `predictions` VALUES (8050,23,2017100801,0,0);
INSERT INTO `predictions` VALUES (8051,23,2017100802,0,0);
INSERT INTO `predictions` VALUES (8052,23,2017100803,0,0);
INSERT INTO `predictions` VALUES (8053,23,2017100804,0,0);
INSERT INTO `predictions` VALUES (8054,23,2017100805,0,0);
INSERT INTO `predictions` VALUES (8055,23,2017100806,0,0);
INSERT INTO `predictions` VALUES (8056,23,2017100807,0,0);
INSERT INTO `predictions` VALUES (8057,23,2017100808,0,0);
INSERT INTO `predictions` VALUES (8058,23,2017100809,0,0);
INSERT INTO `predictions` VALUES (8059,23,2017100810,0,0);
INSERT INTO `predictions` VALUES (8060,23,2017100811,0,0);
INSERT INTO `predictions` VALUES (8061,23,2017100900,0,0);
INSERT INTO `predictions` VALUES (8062,23,2017101200,0,0);
INSERT INTO `predictions` VALUES (8063,23,2017101500,0,0);
INSERT INTO `predictions` VALUES (8064,23,2017101501,0,0);
INSERT INTO `predictions` VALUES (8065,23,2017101502,0,0);
INSERT INTO `predictions` VALUES (8066,23,2017101503,0,0);
INSERT INTO `predictions` VALUES (8067,23,2017101504,0,0);
INSERT INTO `predictions` VALUES (8068,23,2017101505,0,0);
INSERT INTO `predictions` VALUES (8069,23,2017101506,0,0);
INSERT INTO `predictions` VALUES (8070,23,2017101507,0,0);
INSERT INTO `predictions` VALUES (8071,23,2017101508,0,0);
INSERT INTO `predictions` VALUES (8072,23,2017101509,0,0);
INSERT INTO `predictions` VALUES (8073,23,2017101510,0,0);
INSERT INTO `predictions` VALUES (8074,23,2017101511,0,0);
INSERT INTO `predictions` VALUES (8075,23,2017101600,0,0);
INSERT INTO `predictions` VALUES (8076,23,2017101900,0,0);
INSERT INTO `predictions` VALUES (8077,23,2017102200,0,0);
INSERT INTO `predictions` VALUES (8078,23,2017102201,0,0);
INSERT INTO `predictions` VALUES (8079,23,2017102202,0,0);
INSERT INTO `predictions` VALUES (8080,23,2017102203,0,0);
INSERT INTO `predictions` VALUES (8081,23,2017102204,0,0);
INSERT INTO `predictions` VALUES (8082,23,2017102205,0,0);
INSERT INTO `predictions` VALUES (8083,23,2017102206,0,0);
INSERT INTO `predictions` VALUES (8084,23,2017102207,0,0);
INSERT INTO `predictions` VALUES (8085,23,2017102208,0,0);
INSERT INTO `predictions` VALUES (8086,23,2017102209,0,0);
INSERT INTO `predictions` VALUES (8087,23,2017102210,0,0);
INSERT INTO `predictions` VALUES (8088,23,2017102211,0,0);
INSERT INTO `predictions` VALUES (8089,23,2017102212,0,0);
INSERT INTO `predictions` VALUES (8090,23,2017102300,0,0);
INSERT INTO `predictions` VALUES (8091,23,2017102600,0,0);
INSERT INTO `predictions` VALUES (8092,23,2017102900,0,0);
INSERT INTO `predictions` VALUES (8093,23,2017102901,0,0);
INSERT INTO `predictions` VALUES (8094,23,2017102902,0,0);
INSERT INTO `predictions` VALUES (8095,23,2017102903,0,0);
INSERT INTO `predictions` VALUES (8096,23,2017102904,0,0);
INSERT INTO `predictions` VALUES (8097,23,2017102905,0,0);
INSERT INTO `predictions` VALUES (8098,23,2017102906,0,0);
INSERT INTO `predictions` VALUES (8099,23,2017102907,0,0);
INSERT INTO `predictions` VALUES (8100,23,2017102908,0,0);
INSERT INTO `predictions` VALUES (8101,23,2017102909,0,0);
INSERT INTO `predictions` VALUES (8102,23,2017102910,0,0);
INSERT INTO `predictions` VALUES (8103,23,2017103000,0,0);
INSERT INTO `predictions` VALUES (8104,23,2017110200,0,0);
INSERT INTO `predictions` VALUES (8105,23,2017110500,0,0);
INSERT INTO `predictions` VALUES (8106,23,2017110501,0,0);
INSERT INTO `predictions` VALUES (8107,23,2017110502,0,0);
INSERT INTO `predictions` VALUES (8108,23,2017110503,0,0);
INSERT INTO `predictions` VALUES (8109,23,2017110504,0,0);
INSERT INTO `predictions` VALUES (8110,23,2017110505,0,0);
INSERT INTO `predictions` VALUES (8111,23,2017110506,0,0);
INSERT INTO `predictions` VALUES (8112,23,2017110507,0,0);
INSERT INTO `predictions` VALUES (8113,23,2017110508,0,0);
INSERT INTO `predictions` VALUES (8114,23,2017110509,0,0);
INSERT INTO `predictions` VALUES (8115,23,2017110510,0,0);
INSERT INTO `predictions` VALUES (8116,23,2017110600,0,0);
INSERT INTO `predictions` VALUES (8117,23,2017110900,0,0);
INSERT INTO `predictions` VALUES (8118,23,2017111200,0,0);
INSERT INTO `predictions` VALUES (8119,23,2017111201,0,0);
INSERT INTO `predictions` VALUES (8120,23,2017111202,0,0);
INSERT INTO `predictions` VALUES (8121,23,2017111203,0,0);
INSERT INTO `predictions` VALUES (8122,23,2017111204,0,0);
INSERT INTO `predictions` VALUES (8123,23,2017111205,0,0);
INSERT INTO `predictions` VALUES (8124,23,2017111206,0,0);
INSERT INTO `predictions` VALUES (8125,23,2017111207,0,0);
INSERT INTO `predictions` VALUES (8126,23,2017111208,0,0);
INSERT INTO `predictions` VALUES (8127,23,2017111209,0,0);
INSERT INTO `predictions` VALUES (8128,23,2017111210,0,0);
INSERT INTO `predictions` VALUES (8129,23,2017111211,0,0);
INSERT INTO `predictions` VALUES (8130,23,2017111300,0,0);
INSERT INTO `predictions` VALUES (8131,23,2017111600,0,0);
INSERT INTO `predictions` VALUES (8132,23,2017111900,0,0);
INSERT INTO `predictions` VALUES (8133,23,2017111901,0,0);
INSERT INTO `predictions` VALUES (8134,23,2017111902,0,0);
INSERT INTO `predictions` VALUES (8135,23,2017111903,0,0);
INSERT INTO `predictions` VALUES (8136,23,2017111904,0,0);
INSERT INTO `predictions` VALUES (8137,23,2017111905,0,0);
INSERT INTO `predictions` VALUES (8138,23,2017111906,0,0);
INSERT INTO `predictions` VALUES (8139,23,2017111907,0,0);
INSERT INTO `predictions` VALUES (8140,23,2017111908,0,0);
INSERT INTO `predictions` VALUES (8141,23,2017111909,0,0);
INSERT INTO `predictions` VALUES (8142,23,2017111910,0,0);
INSERT INTO `predictions` VALUES (8143,23,2017112000,0,0);
INSERT INTO `predictions` VALUES (8144,23,2017112300,0,0);
INSERT INTO `predictions` VALUES (8145,23,2017112301,0,0);
INSERT INTO `predictions` VALUES (8146,23,2017112302,0,0);
INSERT INTO `predictions` VALUES (8147,23,2017112600,0,0);
INSERT INTO `predictions` VALUES (8148,23,2017112601,0,0);
INSERT INTO `predictions` VALUES (8149,23,2017112602,0,0);
INSERT INTO `predictions` VALUES (8150,23,2017112603,0,0);
INSERT INTO `predictions` VALUES (8151,23,2017112604,0,0);
INSERT INTO `predictions` VALUES (8152,23,2017112605,0,0);
INSERT INTO `predictions` VALUES (8153,23,2017112606,0,0);
INSERT INTO `predictions` VALUES (8154,23,2017112607,0,0);
INSERT INTO `predictions` VALUES (8155,23,2017112608,0,0);
INSERT INTO `predictions` VALUES (8156,23,2017112609,0,0);
INSERT INTO `predictions` VALUES (8157,23,2017112610,0,0);
INSERT INTO `predictions` VALUES (8158,23,2017112611,0,0);
INSERT INTO `predictions` VALUES (8159,23,2017112700,0,0);
INSERT INTO `predictions` VALUES (8160,23,2017113000,0,0);
INSERT INTO `predictions` VALUES (8161,23,2017120300,0,0);
INSERT INTO `predictions` VALUES (8162,23,2017120301,0,0);
INSERT INTO `predictions` VALUES (8163,23,2017120302,0,0);
INSERT INTO `predictions` VALUES (8164,23,2017120303,0,0);
INSERT INTO `predictions` VALUES (8165,23,2017120304,0,0);
INSERT INTO `predictions` VALUES (8166,23,2017120305,0,0);
INSERT INTO `predictions` VALUES (8167,23,2017120306,0,0);
INSERT INTO `predictions` VALUES (8168,23,2017120307,0,0);
INSERT INTO `predictions` VALUES (8169,23,2017120308,0,0);
INSERT INTO `predictions` VALUES (8170,23,2017120309,0,0);
INSERT INTO `predictions` VALUES (8171,23,2017120310,0,0);
INSERT INTO `predictions` VALUES (8172,23,2017120311,0,0);
INSERT INTO `predictions` VALUES (8173,23,2017120312,0,0);
INSERT INTO `predictions` VALUES (8174,23,2017120313,0,0);
INSERT INTO `predictions` VALUES (8175,23,2017120400,0,0);
INSERT INTO `predictions` VALUES (8176,23,2017120700,0,0);
INSERT INTO `predictions` VALUES (8177,23,2017121000,0,0);
INSERT INTO `predictions` VALUES (8178,23,2017121001,0,0);
INSERT INTO `predictions` VALUES (8179,23,2017121002,0,0);
INSERT INTO `predictions` VALUES (8180,23,2017121003,0,0);
INSERT INTO `predictions` VALUES (8181,23,2017121004,0,0);
INSERT INTO `predictions` VALUES (8182,23,2017121005,0,0);
INSERT INTO `predictions` VALUES (8183,23,2017121006,0,0);
INSERT INTO `predictions` VALUES (8184,23,2017121007,0,0);
INSERT INTO `predictions` VALUES (8185,23,2017121008,0,0);
INSERT INTO `predictions` VALUES (8186,23,2017121009,0,0);
INSERT INTO `predictions` VALUES (8187,23,2017121010,0,0);
INSERT INTO `predictions` VALUES (8188,23,2017121011,0,0);
INSERT INTO `predictions` VALUES (8189,23,2017121012,0,0);
INSERT INTO `predictions` VALUES (8190,23,2017121013,0,0);
INSERT INTO `predictions` VALUES (8191,23,2017121100,0,0);
INSERT INTO `predictions` VALUES (8192,23,2017121400,0,0);
INSERT INTO `predictions` VALUES (8193,23,2017121600,0,0);
INSERT INTO `predictions` VALUES (8194,23,2017121601,0,0);
INSERT INTO `predictions` VALUES (8195,23,2017121700,0,0);
INSERT INTO `predictions` VALUES (8196,23,2017121701,0,0);
INSERT INTO `predictions` VALUES (8197,23,2017121702,0,0);
INSERT INTO `predictions` VALUES (8198,23,2017121703,0,0);
INSERT INTO `predictions` VALUES (8199,23,2017121704,0,0);
INSERT INTO `predictions` VALUES (8200,23,2017121705,0,0);
INSERT INTO `predictions` VALUES (8201,23,2017121706,0,0);
INSERT INTO `predictions` VALUES (8202,23,2017121707,0,0);
INSERT INTO `predictions` VALUES (8203,23,2017121708,0,0);
INSERT INTO `predictions` VALUES (8204,23,2017121709,0,0);
INSERT INTO `predictions` VALUES (8205,23,2017121710,0,0);
INSERT INTO `predictions` VALUES (8206,23,2017121711,0,0);
INSERT INTO `predictions` VALUES (8207,23,2017121800,0,0);
INSERT INTO `predictions` VALUES (8208,23,2017122300,0,0);
INSERT INTO `predictions` VALUES (8209,23,2017122301,0,0);
INSERT INTO `predictions` VALUES (8210,23,2017122400,0,0);
INSERT INTO `predictions` VALUES (8211,23,2017122401,0,0);
INSERT INTO `predictions` VALUES (8212,23,2017122402,0,0);
INSERT INTO `predictions` VALUES (8213,23,2017122403,0,0);
INSERT INTO `predictions` VALUES (8214,23,2017122404,0,0);
INSERT INTO `predictions` VALUES (8215,23,2017122405,0,0);
INSERT INTO `predictions` VALUES (8216,23,2017122406,0,0);
INSERT INTO `predictions` VALUES (8217,23,2017122407,0,0);
INSERT INTO `predictions` VALUES (8218,23,2017122408,0,0);
INSERT INTO `predictions` VALUES (8219,23,2017122409,0,0);
INSERT INTO `predictions` VALUES (8220,23,2017122410,0,0);
INSERT INTO `predictions` VALUES (8221,23,2017122411,0,0);
INSERT INTO `predictions` VALUES (8222,23,2017122500,0,0);
INSERT INTO `predictions` VALUES (8223,23,2017122501,0,0);
INSERT INTO `predictions` VALUES (8224,23,2017123100,0,0);
INSERT INTO `predictions` VALUES (8225,23,2017123101,0,0);
INSERT INTO `predictions` VALUES (8226,23,2017123102,0,0);
INSERT INTO `predictions` VALUES (8227,23,2017123103,0,0);
INSERT INTO `predictions` VALUES (8228,23,2017123104,0,0);
INSERT INTO `predictions` VALUES (8229,23,2017123105,0,0);
INSERT INTO `predictions` VALUES (8230,23,2017123106,0,0);
INSERT INTO `predictions` VALUES (8231,23,2017123107,0,0);
INSERT INTO `predictions` VALUES (8232,23,2017123108,0,0);
INSERT INTO `predictions` VALUES (8233,23,2017123109,0,0);
INSERT INTO `predictions` VALUES (8234,23,2017123110,0,0);
INSERT INTO `predictions` VALUES (8235,23,2017123111,0,0);
INSERT INTO `predictions` VALUES (8236,23,2017123112,0,0);
INSERT INTO `predictions` VALUES (8237,23,2017123113,0,0);
INSERT INTO `predictions` VALUES (8238,23,2017123114,0,0);
INSERT INTO `predictions` VALUES (8239,23,2017123115,0,0);
INSERT INTO `predictions` VALUES (8751,25,2017090700,1,1);
INSERT INTO `predictions` VALUES (8752,25,2017091000,1,1);
INSERT INTO `predictions` VALUES (8753,25,2017091001,1,0);
INSERT INTO `predictions` VALUES (8754,25,2017091002,1,0);
INSERT INTO `predictions` VALUES (8755,25,2017091003,1,0);
INSERT INTO `predictions` VALUES (8756,25,2017091004,1,0);
INSERT INTO `predictions` VALUES (8757,25,2017091005,1,1);
INSERT INTO `predictions` VALUES (8758,25,2017091006,1,0);
INSERT INTO `predictions` VALUES (8759,25,2017091007,1,0);
INSERT INTO `predictions` VALUES (8760,25,2017091008,1,0);
INSERT INTO `predictions` VALUES (8761,25,2017091009,1,1);
INSERT INTO `predictions` VALUES (8762,25,2017091010,1,0);
INSERT INTO `predictions` VALUES (8763,25,2017091011,1,0);
INSERT INTO `predictions` VALUES (8764,25,2017091012,1,1);
INSERT INTO `predictions` VALUES (8765,25,2017091100,1,1);
INSERT INTO `predictions` VALUES (8766,25,2017091101,1,1);
INSERT INTO `predictions` VALUES (8767,25,2017091400,0,0);
INSERT INTO `predictions` VALUES (8768,25,2017091700,0,0);
INSERT INTO `predictions` VALUES (8769,25,2017091701,0,0);
INSERT INTO `predictions` VALUES (8770,25,2017091702,0,0);
INSERT INTO `predictions` VALUES (8771,25,2017091703,0,0);
INSERT INTO `predictions` VALUES (8772,25,2017091704,0,0);
INSERT INTO `predictions` VALUES (8773,25,2017091705,0,0);
INSERT INTO `predictions` VALUES (8774,25,2017091706,0,0);
INSERT INTO `predictions` VALUES (8775,25,2017091707,0,0);
INSERT INTO `predictions` VALUES (8776,25,2017091708,0,0);
INSERT INTO `predictions` VALUES (8777,25,2017091709,0,0);
INSERT INTO `predictions` VALUES (8778,25,2017091710,0,0);
INSERT INTO `predictions` VALUES (8779,25,2017091711,0,0);
INSERT INTO `predictions` VALUES (8780,25,2017091712,0,0);
INSERT INTO `predictions` VALUES (8781,25,2017091713,0,0);
INSERT INTO `predictions` VALUES (8782,25,2017091800,0,0);
INSERT INTO `predictions` VALUES (8783,25,2017092100,0,0);
INSERT INTO `predictions` VALUES (8784,25,2017092400,0,0);
INSERT INTO `predictions` VALUES (8785,25,2017092401,0,0);
INSERT INTO `predictions` VALUES (8786,25,2017092402,0,0);
INSERT INTO `predictions` VALUES (8787,25,2017092403,0,0);
INSERT INTO `predictions` VALUES (8788,25,2017092404,0,0);
INSERT INTO `predictions` VALUES (8789,25,2017092405,0,0);
INSERT INTO `predictions` VALUES (8790,25,2017092406,0,0);
INSERT INTO `predictions` VALUES (8791,25,2017092407,0,0);
INSERT INTO `predictions` VALUES (8792,25,2017092408,0,0);
INSERT INTO `predictions` VALUES (8793,25,2017092409,0,0);
INSERT INTO `predictions` VALUES (8794,25,2017092410,0,0);
INSERT INTO `predictions` VALUES (8795,25,2017092411,0,0);
INSERT INTO `predictions` VALUES (8796,25,2017092412,0,0);
INSERT INTO `predictions` VALUES (8797,25,2017092413,0,0);
INSERT INTO `predictions` VALUES (8798,25,2017092500,0,0);
INSERT INTO `predictions` VALUES (8799,25,2017092800,0,0);
INSERT INTO `predictions` VALUES (8800,25,2017100100,0,0);
INSERT INTO `predictions` VALUES (8801,25,2017100101,0,0);
INSERT INTO `predictions` VALUES (8802,25,2017100102,0,0);
INSERT INTO `predictions` VALUES (8803,25,2017100103,0,0);
INSERT INTO `predictions` VALUES (8804,25,2017100104,0,0);
INSERT INTO `predictions` VALUES (8805,25,2017100105,0,0);
INSERT INTO `predictions` VALUES (8806,25,2017100106,0,0);
INSERT INTO `predictions` VALUES (8807,25,2017100107,0,0);
INSERT INTO `predictions` VALUES (8808,25,2017100108,0,0);
INSERT INTO `predictions` VALUES (8809,25,2017100109,0,0);
INSERT INTO `predictions` VALUES (8810,25,2017100110,0,0);
INSERT INTO `predictions` VALUES (8811,25,2017100111,0,0);
INSERT INTO `predictions` VALUES (8812,25,2017100112,0,0);
INSERT INTO `predictions` VALUES (8813,25,2017100113,0,0);
INSERT INTO `predictions` VALUES (8814,25,2017100200,0,0);
INSERT INTO `predictions` VALUES (8815,25,2017100500,0,0);
INSERT INTO `predictions` VALUES (8816,25,2017100800,0,0);
INSERT INTO `predictions` VALUES (8817,25,2017100801,0,0);
INSERT INTO `predictions` VALUES (8818,25,2017100802,0,0);
INSERT INTO `predictions` VALUES (8819,25,2017100803,0,0);
INSERT INTO `predictions` VALUES (8820,25,2017100804,0,0);
INSERT INTO `predictions` VALUES (8821,25,2017100805,0,0);
INSERT INTO `predictions` VALUES (8822,25,2017100806,0,0);
INSERT INTO `predictions` VALUES (8823,25,2017100807,0,0);
INSERT INTO `predictions` VALUES (8824,25,2017100808,0,0);
INSERT INTO `predictions` VALUES (8825,25,2017100809,0,0);
INSERT INTO `predictions` VALUES (8826,25,2017100810,0,0);
INSERT INTO `predictions` VALUES (8827,25,2017100811,0,0);
INSERT INTO `predictions` VALUES (8828,25,2017100900,0,0);
INSERT INTO `predictions` VALUES (8829,25,2017101200,0,0);
INSERT INTO `predictions` VALUES (8830,25,2017101500,0,0);
INSERT INTO `predictions` VALUES (8831,25,2017101501,0,0);
INSERT INTO `predictions` VALUES (8832,25,2017101502,0,0);
INSERT INTO `predictions` VALUES (8833,25,2017101503,0,0);
INSERT INTO `predictions` VALUES (8834,25,2017101504,0,0);
INSERT INTO `predictions` VALUES (8835,25,2017101505,0,0);
INSERT INTO `predictions` VALUES (8836,25,2017101506,0,0);
INSERT INTO `predictions` VALUES (8837,25,2017101507,0,0);
INSERT INTO `predictions` VALUES (8838,25,2017101508,0,0);
INSERT INTO `predictions` VALUES (8839,25,2017101509,0,0);
INSERT INTO `predictions` VALUES (8840,25,2017101510,0,0);
INSERT INTO `predictions` VALUES (8841,25,2017101511,0,0);
INSERT INTO `predictions` VALUES (8842,25,2017101600,0,0);
INSERT INTO `predictions` VALUES (8843,25,2017101900,0,0);
INSERT INTO `predictions` VALUES (8844,25,2017102200,0,0);
INSERT INTO `predictions` VALUES (8845,25,2017102201,0,0);
INSERT INTO `predictions` VALUES (8846,25,2017102202,0,0);
INSERT INTO `predictions` VALUES (8847,25,2017102203,0,0);
INSERT INTO `predictions` VALUES (8848,25,2017102204,0,0);
INSERT INTO `predictions` VALUES (8849,25,2017102205,0,0);
INSERT INTO `predictions` VALUES (8850,25,2017102206,0,0);
INSERT INTO `predictions` VALUES (8851,25,2017102207,0,0);
INSERT INTO `predictions` VALUES (8852,25,2017102208,0,0);
INSERT INTO `predictions` VALUES (8853,25,2017102209,0,0);
INSERT INTO `predictions` VALUES (8854,25,2017102210,0,0);
INSERT INTO `predictions` VALUES (8855,25,2017102211,0,0);
INSERT INTO `predictions` VALUES (8856,25,2017102212,0,0);
INSERT INTO `predictions` VALUES (8857,25,2017102300,0,0);
INSERT INTO `predictions` VALUES (8858,25,2017102600,0,0);
INSERT INTO `predictions` VALUES (8859,25,2017102900,0,0);
INSERT INTO `predictions` VALUES (8860,25,2017102901,0,0);
INSERT INTO `predictions` VALUES (8861,25,2017102902,0,0);
INSERT INTO `predictions` VALUES (8862,25,2017102903,0,0);
INSERT INTO `predictions` VALUES (8863,25,2017102904,0,0);
INSERT INTO `predictions` VALUES (8864,25,2017102905,0,0);
INSERT INTO `predictions` VALUES (8865,25,2017102906,0,0);
INSERT INTO `predictions` VALUES (8866,25,2017102907,0,0);
INSERT INTO `predictions` VALUES (8867,25,2017102908,0,0);
INSERT INTO `predictions` VALUES (8868,25,2017102909,0,0);
INSERT INTO `predictions` VALUES (8869,25,2017102910,0,0);
INSERT INTO `predictions` VALUES (8870,25,2017103000,0,0);
INSERT INTO `predictions` VALUES (8871,25,2017110200,0,0);
INSERT INTO `predictions` VALUES (8872,25,2017110500,0,0);
INSERT INTO `predictions` VALUES (8873,25,2017110501,0,0);
INSERT INTO `predictions` VALUES (8874,25,2017110502,0,0);
INSERT INTO `predictions` VALUES (8875,25,2017110503,0,0);
INSERT INTO `predictions` VALUES (8876,25,2017110504,0,0);
INSERT INTO `predictions` VALUES (8877,25,2017110505,0,0);
INSERT INTO `predictions` VALUES (8878,25,2017110506,0,0);
INSERT INTO `predictions` VALUES (8879,25,2017110507,0,0);
INSERT INTO `predictions` VALUES (8880,25,2017110508,0,0);
INSERT INTO `predictions` VALUES (8881,25,2017110509,0,0);
INSERT INTO `predictions` VALUES (8882,25,2017110510,0,0);
INSERT INTO `predictions` VALUES (8883,25,2017110600,0,0);
INSERT INTO `predictions` VALUES (8884,25,2017110900,0,0);
INSERT INTO `predictions` VALUES (8885,25,2017111200,0,0);
INSERT INTO `predictions` VALUES (8886,25,2017111201,0,0);
INSERT INTO `predictions` VALUES (8887,25,2017111202,0,0);
INSERT INTO `predictions` VALUES (8888,25,2017111203,0,0);
INSERT INTO `predictions` VALUES (8889,25,2017111204,0,0);
INSERT INTO `predictions` VALUES (8890,25,2017111205,0,0);
INSERT INTO `predictions` VALUES (8891,25,2017111206,0,0);
INSERT INTO `predictions` VALUES (8892,25,2017111207,0,0);
INSERT INTO `predictions` VALUES (8893,25,2017111208,0,0);
INSERT INTO `predictions` VALUES (8894,25,2017111209,0,0);
INSERT INTO `predictions` VALUES (8895,25,2017111210,0,0);
INSERT INTO `predictions` VALUES (8896,25,2017111211,0,0);
INSERT INTO `predictions` VALUES (8897,25,2017111300,0,0);
INSERT INTO `predictions` VALUES (8898,25,2017111600,0,0);
INSERT INTO `predictions` VALUES (8899,25,2017111900,0,0);
INSERT INTO `predictions` VALUES (8900,25,2017111901,0,0);
INSERT INTO `predictions` VALUES (8901,25,2017111902,0,0);
INSERT INTO `predictions` VALUES (8902,25,2017111903,0,0);
INSERT INTO `predictions` VALUES (8903,25,2017111904,0,0);
INSERT INTO `predictions` VALUES (8904,25,2017111905,0,0);
INSERT INTO `predictions` VALUES (8905,25,2017111906,0,0);
INSERT INTO `predictions` VALUES (8906,25,2017111907,0,0);
INSERT INTO `predictions` VALUES (8907,25,2017111908,0,0);
INSERT INTO `predictions` VALUES (8908,25,2017111909,0,0);
INSERT INTO `predictions` VALUES (8909,25,2017111910,0,0);
INSERT INTO `predictions` VALUES (8910,25,2017112000,0,0);
INSERT INTO `predictions` VALUES (8911,25,2017112300,0,0);
INSERT INTO `predictions` VALUES (8912,25,2017112301,0,0);
INSERT INTO `predictions` VALUES (8913,25,2017112302,0,0);
INSERT INTO `predictions` VALUES (8914,25,2017112600,0,0);
INSERT INTO `predictions` VALUES (8915,25,2017112601,0,0);
INSERT INTO `predictions` VALUES (8916,25,2017112602,0,0);
INSERT INTO `predictions` VALUES (8917,25,2017112603,0,0);
INSERT INTO `predictions` VALUES (8918,25,2017112604,0,0);
INSERT INTO `predictions` VALUES (8919,25,2017112605,0,0);
INSERT INTO `predictions` VALUES (8920,25,2017112606,0,0);
INSERT INTO `predictions` VALUES (8921,25,2017112607,0,0);
INSERT INTO `predictions` VALUES (8922,25,2017112608,0,0);
INSERT INTO `predictions` VALUES (8923,25,2017112609,0,0);
INSERT INTO `predictions` VALUES (8924,25,2017112610,0,0);
INSERT INTO `predictions` VALUES (8925,25,2017112611,0,0);
INSERT INTO `predictions` VALUES (8926,25,2017112700,0,0);
INSERT INTO `predictions` VALUES (8927,25,2017113000,0,0);
INSERT INTO `predictions` VALUES (8928,25,2017120300,0,0);
INSERT INTO `predictions` VALUES (8929,25,2017120301,0,0);
INSERT INTO `predictions` VALUES (8930,25,2017120302,0,0);
INSERT INTO `predictions` VALUES (8931,25,2017120303,0,0);
INSERT INTO `predictions` VALUES (8932,25,2017120304,0,0);
INSERT INTO `predictions` VALUES (8933,25,2017120305,0,0);
INSERT INTO `predictions` VALUES (8934,25,2017120306,0,0);
INSERT INTO `predictions` VALUES (8935,25,2017120307,0,0);
INSERT INTO `predictions` VALUES (8936,25,2017120308,0,0);
INSERT INTO `predictions` VALUES (8937,25,2017120309,0,0);
INSERT INTO `predictions` VALUES (8938,25,2017120310,0,0);
INSERT INTO `predictions` VALUES (8939,25,2017120311,0,0);
INSERT INTO `predictions` VALUES (8940,25,2017120312,0,0);
INSERT INTO `predictions` VALUES (8941,25,2017120313,0,0);
INSERT INTO `predictions` VALUES (8942,25,2017120400,0,0);
INSERT INTO `predictions` VALUES (8943,25,2017120700,0,0);
INSERT INTO `predictions` VALUES (8944,25,2017121000,0,0);
INSERT INTO `predictions` VALUES (8945,25,2017121001,0,0);
INSERT INTO `predictions` VALUES (8946,25,2017121002,0,0);
INSERT INTO `predictions` VALUES (8947,25,2017121003,0,0);
INSERT INTO `predictions` VALUES (8948,25,2017121004,0,0);
INSERT INTO `predictions` VALUES (8949,25,2017121005,0,0);
INSERT INTO `predictions` VALUES (8950,25,2017121006,0,0);
INSERT INTO `predictions` VALUES (8951,25,2017121007,0,0);
INSERT INTO `predictions` VALUES (8952,25,2017121008,0,0);
INSERT INTO `predictions` VALUES (8953,25,2017121009,0,0);
INSERT INTO `predictions` VALUES (8954,25,2017121010,0,0);
INSERT INTO `predictions` VALUES (8955,25,2017121011,0,0);
INSERT INTO `predictions` VALUES (8956,25,2017121012,0,0);
INSERT INTO `predictions` VALUES (8957,25,2017121013,0,0);
INSERT INTO `predictions` VALUES (8958,25,2017121100,0,0);
INSERT INTO `predictions` VALUES (8959,25,2017121400,0,0);
INSERT INTO `predictions` VALUES (8960,25,2017121600,0,0);
INSERT INTO `predictions` VALUES (8961,25,2017121601,0,0);
INSERT INTO `predictions` VALUES (8962,25,2017121700,0,0);
INSERT INTO `predictions` VALUES (8963,25,2017121701,0,0);
INSERT INTO `predictions` VALUES (8964,25,2017121702,0,0);
INSERT INTO `predictions` VALUES (8965,25,2017121703,0,0);
INSERT INTO `predictions` VALUES (8966,25,2017121704,0,0);
INSERT INTO `predictions` VALUES (8967,25,2017121705,0,0);
INSERT INTO `predictions` VALUES (8968,25,2017121706,0,0);
INSERT INTO `predictions` VALUES (8969,25,2017121707,0,0);
INSERT INTO `predictions` VALUES (8970,25,2017121708,0,0);
INSERT INTO `predictions` VALUES (8971,25,2017121709,0,0);
INSERT INTO `predictions` VALUES (8972,25,2017121710,0,0);
INSERT INTO `predictions` VALUES (8973,25,2017121711,0,0);
INSERT INTO `predictions` VALUES (8974,25,2017121800,0,0);
INSERT INTO `predictions` VALUES (8975,25,2017122300,0,0);
INSERT INTO `predictions` VALUES (8976,25,2017122301,0,0);
INSERT INTO `predictions` VALUES (8977,25,2017122400,0,0);
INSERT INTO `predictions` VALUES (8978,25,2017122401,0,0);
INSERT INTO `predictions` VALUES (8979,25,2017122402,0,0);
INSERT INTO `predictions` VALUES (8980,25,2017122403,0,0);
INSERT INTO `predictions` VALUES (8981,25,2017122404,0,0);
INSERT INTO `predictions` VALUES (8982,25,2017122405,0,0);
INSERT INTO `predictions` VALUES (8983,25,2017122406,0,0);
INSERT INTO `predictions` VALUES (8984,25,2017122407,0,0);
INSERT INTO `predictions` VALUES (8985,25,2017122408,0,0);
INSERT INTO `predictions` VALUES (8986,25,2017122409,0,0);
INSERT INTO `predictions` VALUES (8987,25,2017122410,0,0);
INSERT INTO `predictions` VALUES (8988,25,2017122411,0,0);
INSERT INTO `predictions` VALUES (8989,25,2017122500,0,0);
INSERT INTO `predictions` VALUES (8990,25,2017122501,0,0);
INSERT INTO `predictions` VALUES (8991,25,2017123100,0,0);
INSERT INTO `predictions` VALUES (8992,25,2017123101,0,0);
INSERT INTO `predictions` VALUES (8993,25,2017123102,0,0);
INSERT INTO `predictions` VALUES (8994,25,2017123103,0,0);
INSERT INTO `predictions` VALUES (8995,25,2017123104,0,0);
INSERT INTO `predictions` VALUES (8996,25,2017123105,0,0);
INSERT INTO `predictions` VALUES (8997,25,2017123106,0,0);
INSERT INTO `predictions` VALUES (8998,25,2017123107,0,0);
INSERT INTO `predictions` VALUES (8999,25,2017123108,0,0);
INSERT INTO `predictions` VALUES (9000,25,2017123109,0,0);
INSERT INTO `predictions` VALUES (9001,25,2017123110,0,0);
INSERT INTO `predictions` VALUES (9002,25,2017123111,0,0);
INSERT INTO `predictions` VALUES (9003,25,2017123112,0,0);
INSERT INTO `predictions` VALUES (9004,25,2017123113,0,0);
INSERT INTO `predictions` VALUES (9005,25,2017123114,0,0);
INSERT INTO `predictions` VALUES (9006,25,2017123115,0,0);
INSERT INTO `predictions` VALUES (9262,26,2017090700,0,0);
INSERT INTO `predictions` VALUES (9263,26,2017091000,0,0);
INSERT INTO `predictions` VALUES (9264,26,2017091001,0,0);
INSERT INTO `predictions` VALUES (9265,26,2017091002,0,0);
INSERT INTO `predictions` VALUES (9266,26,2017091003,0,0);
INSERT INTO `predictions` VALUES (9267,26,2017091004,0,0);
INSERT INTO `predictions` VALUES (9268,26,2017091005,0,0);
INSERT INTO `predictions` VALUES (9269,26,2017091006,0,0);
INSERT INTO `predictions` VALUES (9270,26,2017091007,0,0);
INSERT INTO `predictions` VALUES (9271,26,2017091008,0,0);
INSERT INTO `predictions` VALUES (9272,26,2017091009,0,0);
INSERT INTO `predictions` VALUES (9273,26,2017091010,0,0);
INSERT INTO `predictions` VALUES (9274,26,2017091011,0,0);
INSERT INTO `predictions` VALUES (9275,26,2017091012,0,0);
INSERT INTO `predictions` VALUES (9276,26,2017091100,0,0);
INSERT INTO `predictions` VALUES (9277,26,2017091101,0,0);
INSERT INTO `predictions` VALUES (9278,26,2017091400,0,0);
INSERT INTO `predictions` VALUES (9279,26,2017091700,0,0);
INSERT INTO `predictions` VALUES (9280,26,2017091701,0,0);
INSERT INTO `predictions` VALUES (9281,26,2017091702,0,0);
INSERT INTO `predictions` VALUES (9282,26,2017091703,0,0);
INSERT INTO `predictions` VALUES (9283,26,2017091704,0,0);
INSERT INTO `predictions` VALUES (9284,26,2017091705,0,0);
INSERT INTO `predictions` VALUES (9285,26,2017091706,0,0);
INSERT INTO `predictions` VALUES (9286,26,2017091707,0,0);
INSERT INTO `predictions` VALUES (9287,26,2017091708,0,0);
INSERT INTO `predictions` VALUES (9288,26,2017091709,0,0);
INSERT INTO `predictions` VALUES (9289,26,2017091710,0,0);
INSERT INTO `predictions` VALUES (9290,26,2017091711,0,0);
INSERT INTO `predictions` VALUES (9291,26,2017091712,0,0);
INSERT INTO `predictions` VALUES (9292,26,2017091713,0,0);
INSERT INTO `predictions` VALUES (9293,26,2017091800,0,0);
INSERT INTO `predictions` VALUES (9294,26,2017092100,0,0);
INSERT INTO `predictions` VALUES (9295,26,2017092400,0,0);
INSERT INTO `predictions` VALUES (9296,26,2017092401,0,0);
INSERT INTO `predictions` VALUES (9297,26,2017092402,0,0);
INSERT INTO `predictions` VALUES (9298,26,2017092403,0,0);
INSERT INTO `predictions` VALUES (9299,26,2017092404,0,0);
INSERT INTO `predictions` VALUES (9300,26,2017092405,0,0);
INSERT INTO `predictions` VALUES (9301,26,2017092406,0,0);
INSERT INTO `predictions` VALUES (9302,26,2017092407,0,0);
INSERT INTO `predictions` VALUES (9303,26,2017092408,0,0);
INSERT INTO `predictions` VALUES (9304,26,2017092409,0,0);
INSERT INTO `predictions` VALUES (9305,26,2017092410,0,0);
INSERT INTO `predictions` VALUES (9306,26,2017092411,0,0);
INSERT INTO `predictions` VALUES (9307,26,2017092412,0,0);
INSERT INTO `predictions` VALUES (9308,26,2017092413,0,0);
INSERT INTO `predictions` VALUES (9309,26,2017092500,0,0);
INSERT INTO `predictions` VALUES (9310,26,2017092800,0,0);
INSERT INTO `predictions` VALUES (9311,26,2017100100,0,0);
INSERT INTO `predictions` VALUES (9312,26,2017100101,0,0);
INSERT INTO `predictions` VALUES (9313,26,2017100102,0,0);
INSERT INTO `predictions` VALUES (9314,26,2017100103,0,0);
INSERT INTO `predictions` VALUES (9315,26,2017100104,0,0);
INSERT INTO `predictions` VALUES (9316,26,2017100105,0,0);
INSERT INTO `predictions` VALUES (9317,26,2017100106,0,0);
INSERT INTO `predictions` VALUES (9318,26,2017100107,0,0);
INSERT INTO `predictions` VALUES (9319,26,2017100108,0,0);
INSERT INTO `predictions` VALUES (9320,26,2017100109,0,0);
INSERT INTO `predictions` VALUES (9321,26,2017100110,0,0);
INSERT INTO `predictions` VALUES (9322,26,2017100111,0,0);
INSERT INTO `predictions` VALUES (9323,26,2017100112,0,0);
INSERT INTO `predictions` VALUES (9324,26,2017100113,0,0);
INSERT INTO `predictions` VALUES (9325,26,2017100200,0,0);
INSERT INTO `predictions` VALUES (9326,26,2017100500,0,0);
INSERT INTO `predictions` VALUES (9327,26,2017100800,0,0);
INSERT INTO `predictions` VALUES (9328,26,2017100801,0,0);
INSERT INTO `predictions` VALUES (9329,26,2017100802,0,0);
INSERT INTO `predictions` VALUES (9330,26,2017100803,0,0);
INSERT INTO `predictions` VALUES (9331,26,2017100804,0,0);
INSERT INTO `predictions` VALUES (9332,26,2017100805,0,0);
INSERT INTO `predictions` VALUES (9333,26,2017100806,0,0);
INSERT INTO `predictions` VALUES (9334,26,2017100807,0,0);
INSERT INTO `predictions` VALUES (9335,26,2017100808,0,0);
INSERT INTO `predictions` VALUES (9336,26,2017100809,0,0);
INSERT INTO `predictions` VALUES (9337,26,2017100810,0,0);
INSERT INTO `predictions` VALUES (9338,26,2017100811,0,0);
INSERT INTO `predictions` VALUES (9339,26,2017100900,0,0);
INSERT INTO `predictions` VALUES (9340,26,2017101200,0,0);
INSERT INTO `predictions` VALUES (9341,26,2017101500,0,0);
INSERT INTO `predictions` VALUES (9342,26,2017101501,0,0);
INSERT INTO `predictions` VALUES (9343,26,2017101502,0,0);
INSERT INTO `predictions` VALUES (9344,26,2017101503,0,0);
INSERT INTO `predictions` VALUES (9345,26,2017101504,0,0);
INSERT INTO `predictions` VALUES (9346,26,2017101505,0,0);
INSERT INTO `predictions` VALUES (9347,26,2017101506,0,0);
INSERT INTO `predictions` VALUES (9348,26,2017101507,0,0);
INSERT INTO `predictions` VALUES (9349,26,2017101508,0,0);
INSERT INTO `predictions` VALUES (9350,26,2017101509,0,0);
INSERT INTO `predictions` VALUES (9351,26,2017101510,0,0);
INSERT INTO `predictions` VALUES (9352,26,2017101511,0,0);
INSERT INTO `predictions` VALUES (9353,26,2017101600,0,0);
INSERT INTO `predictions` VALUES (9354,26,2017101900,0,0);
INSERT INTO `predictions` VALUES (9355,26,2017102200,0,0);
INSERT INTO `predictions` VALUES (9356,26,2017102201,0,0);
INSERT INTO `predictions` VALUES (9357,26,2017102202,0,0);
INSERT INTO `predictions` VALUES (9358,26,2017102203,0,0);
INSERT INTO `predictions` VALUES (9359,26,2017102204,0,0);
INSERT INTO `predictions` VALUES (9360,26,2017102205,0,0);
INSERT INTO `predictions` VALUES (9361,26,2017102206,0,0);
INSERT INTO `predictions` VALUES (9362,26,2017102207,0,0);
INSERT INTO `predictions` VALUES (9363,26,2017102208,0,0);
INSERT INTO `predictions` VALUES (9364,26,2017102209,0,0);
INSERT INTO `predictions` VALUES (9365,26,2017102210,0,0);
INSERT INTO `predictions` VALUES (9366,26,2017102211,0,0);
INSERT INTO `predictions` VALUES (9367,26,2017102212,0,0);
INSERT INTO `predictions` VALUES (9368,26,2017102300,0,0);
INSERT INTO `predictions` VALUES (9369,26,2017102600,0,0);
INSERT INTO `predictions` VALUES (9370,26,2017102900,0,0);
INSERT INTO `predictions` VALUES (9371,26,2017102901,0,0);
INSERT INTO `predictions` VALUES (9372,26,2017102902,0,0);
INSERT INTO `predictions` VALUES (9373,26,2017102903,0,0);
INSERT INTO `predictions` VALUES (9374,26,2017102904,0,0);
INSERT INTO `predictions` VALUES (9375,26,2017102905,0,0);
INSERT INTO `predictions` VALUES (9376,26,2017102906,0,0);
INSERT INTO `predictions` VALUES (9377,26,2017102907,0,0);
INSERT INTO `predictions` VALUES (9378,26,2017102908,0,0);
INSERT INTO `predictions` VALUES (9379,26,2017102909,0,0);
INSERT INTO `predictions` VALUES (9380,26,2017102910,0,0);
INSERT INTO `predictions` VALUES (9381,26,2017103000,0,0);
INSERT INTO `predictions` VALUES (9382,26,2017110200,0,0);
INSERT INTO `predictions` VALUES (9383,26,2017110500,0,0);
INSERT INTO `predictions` VALUES (9384,26,2017110501,0,0);
INSERT INTO `predictions` VALUES (9385,26,2017110502,0,0);
INSERT INTO `predictions` VALUES (9386,26,2017110503,0,0);
INSERT INTO `predictions` VALUES (9387,26,2017110504,0,0);
INSERT INTO `predictions` VALUES (9388,26,2017110505,0,0);
INSERT INTO `predictions` VALUES (9389,26,2017110506,0,0);
INSERT INTO `predictions` VALUES (9390,26,2017110507,0,0);
INSERT INTO `predictions` VALUES (9391,26,2017110508,0,0);
INSERT INTO `predictions` VALUES (9392,26,2017110509,0,0);
INSERT INTO `predictions` VALUES (9393,26,2017110510,0,0);
INSERT INTO `predictions` VALUES (9394,26,2017110600,0,0);
INSERT INTO `predictions` VALUES (9395,26,2017110900,0,0);
INSERT INTO `predictions` VALUES (9396,26,2017111200,0,0);
INSERT INTO `predictions` VALUES (9397,26,2017111201,0,0);
INSERT INTO `predictions` VALUES (9398,26,2017111202,0,0);
INSERT INTO `predictions` VALUES (9399,26,2017111203,0,0);
INSERT INTO `predictions` VALUES (9400,26,2017111204,0,0);
INSERT INTO `predictions` VALUES (9401,26,2017111205,0,0);
INSERT INTO `predictions` VALUES (9402,26,2017111206,0,0);
INSERT INTO `predictions` VALUES (9403,26,2017111207,0,0);
INSERT INTO `predictions` VALUES (9404,26,2017111208,0,0);
INSERT INTO `predictions` VALUES (9405,26,2017111209,0,0);
INSERT INTO `predictions` VALUES (9406,26,2017111210,0,0);
INSERT INTO `predictions` VALUES (9407,26,2017111211,0,0);
INSERT INTO `predictions` VALUES (9408,26,2017111300,0,0);
INSERT INTO `predictions` VALUES (9409,26,2017111600,0,0);
INSERT INTO `predictions` VALUES (9410,26,2017111900,0,0);
INSERT INTO `predictions` VALUES (9411,26,2017111901,0,0);
INSERT INTO `predictions` VALUES (9412,26,2017111902,0,0);
INSERT INTO `predictions` VALUES (9413,26,2017111903,0,0);
INSERT INTO `predictions` VALUES (9414,26,2017111904,0,0);
INSERT INTO `predictions` VALUES (9415,26,2017111905,0,0);
INSERT INTO `predictions` VALUES (9416,26,2017111906,0,0);
INSERT INTO `predictions` VALUES (9417,26,2017111907,0,0);
INSERT INTO `predictions` VALUES (9418,26,2017111908,0,0);
INSERT INTO `predictions` VALUES (9419,26,2017111909,0,0);
INSERT INTO `predictions` VALUES (9420,26,2017111910,0,0);
INSERT INTO `predictions` VALUES (9421,26,2017112000,0,0);
INSERT INTO `predictions` VALUES (9422,26,2017112300,0,0);
INSERT INTO `predictions` VALUES (9423,26,2017112301,0,0);
INSERT INTO `predictions` VALUES (9424,26,2017112302,0,0);
INSERT INTO `predictions` VALUES (9425,26,2017112600,0,0);
INSERT INTO `predictions` VALUES (9426,26,2017112601,0,0);
INSERT INTO `predictions` VALUES (9427,26,2017112602,0,0);
INSERT INTO `predictions` VALUES (9428,26,2017112603,0,0);
INSERT INTO `predictions` VALUES (9429,26,2017112604,0,0);
INSERT INTO `predictions` VALUES (9430,26,2017112605,0,0);
INSERT INTO `predictions` VALUES (9431,26,2017112606,0,0);
INSERT INTO `predictions` VALUES (9432,26,2017112607,0,0);
INSERT INTO `predictions` VALUES (9433,26,2017112608,0,0);
INSERT INTO `predictions` VALUES (9434,26,2017112609,0,0);
INSERT INTO `predictions` VALUES (9435,26,2017112610,0,0);
INSERT INTO `predictions` VALUES (9436,26,2017112611,0,0);
INSERT INTO `predictions` VALUES (9437,26,2017112700,0,0);
INSERT INTO `predictions` VALUES (9438,26,2017113000,0,0);
INSERT INTO `predictions` VALUES (9439,26,2017120300,0,0);
INSERT INTO `predictions` VALUES (9440,26,2017120301,0,0);
INSERT INTO `predictions` VALUES (9441,26,2017120302,0,0);
INSERT INTO `predictions` VALUES (9442,26,2017120303,0,0);
INSERT INTO `predictions` VALUES (9443,26,2017120304,0,0);
INSERT INTO `predictions` VALUES (9444,26,2017120305,0,0);
INSERT INTO `predictions` VALUES (9445,26,2017120306,0,0);
INSERT INTO `predictions` VALUES (9446,26,2017120307,0,0);
INSERT INTO `predictions` VALUES (9447,26,2017120308,0,0);
INSERT INTO `predictions` VALUES (9448,26,2017120309,0,0);
INSERT INTO `predictions` VALUES (9449,26,2017120310,0,0);
INSERT INTO `predictions` VALUES (9450,26,2017120311,0,0);
INSERT INTO `predictions` VALUES (9451,26,2017120312,0,0);
INSERT INTO `predictions` VALUES (9452,26,2017120313,0,0);
INSERT INTO `predictions` VALUES (9453,26,2017120400,0,0);
INSERT INTO `predictions` VALUES (9454,26,2017120700,0,0);
INSERT INTO `predictions` VALUES (9455,26,2017121000,0,0);
INSERT INTO `predictions` VALUES (9456,26,2017121001,0,0);
INSERT INTO `predictions` VALUES (9457,26,2017121002,0,0);
INSERT INTO `predictions` VALUES (9458,26,2017121003,0,0);
INSERT INTO `predictions` VALUES (9459,26,2017121004,0,0);
INSERT INTO `predictions` VALUES (9460,26,2017121005,0,0);
INSERT INTO `predictions` VALUES (9461,26,2017121006,0,0);
INSERT INTO `predictions` VALUES (9462,26,2017121007,0,0);
INSERT INTO `predictions` VALUES (9463,26,2017121008,0,0);
INSERT INTO `predictions` VALUES (9464,26,2017121009,0,0);
INSERT INTO `predictions` VALUES (9465,26,2017121010,0,0);
INSERT INTO `predictions` VALUES (9466,26,2017121011,0,0);
INSERT INTO `predictions` VALUES (9467,26,2017121012,0,0);
INSERT INTO `predictions` VALUES (9468,26,2017121013,0,0);
INSERT INTO `predictions` VALUES (9469,26,2017121100,0,0);
INSERT INTO `predictions` VALUES (9470,26,2017121400,0,0);
INSERT INTO `predictions` VALUES (9471,26,2017121600,0,0);
INSERT INTO `predictions` VALUES (9472,26,2017121601,0,0);
INSERT INTO `predictions` VALUES (9473,26,2017121700,0,0);
INSERT INTO `predictions` VALUES (9474,26,2017121701,0,0);
INSERT INTO `predictions` VALUES (9475,26,2017121702,0,0);
INSERT INTO `predictions` VALUES (9476,26,2017121703,0,0);
INSERT INTO `predictions` VALUES (9477,26,2017121704,0,0);
INSERT INTO `predictions` VALUES (9478,26,2017121705,0,0);
INSERT INTO `predictions` VALUES (9479,26,2017121706,0,0);
INSERT INTO `predictions` VALUES (9480,26,2017121707,0,0);
INSERT INTO `predictions` VALUES (9481,26,2017121708,0,0);
INSERT INTO `predictions` VALUES (9482,26,2017121709,0,0);
INSERT INTO `predictions` VALUES (9483,26,2017121710,0,0);
INSERT INTO `predictions` VALUES (9484,26,2017121711,0,0);
INSERT INTO `predictions` VALUES (9485,26,2017121800,0,0);
INSERT INTO `predictions` VALUES (9486,26,2017122300,0,0);
INSERT INTO `predictions` VALUES (9487,26,2017122301,0,0);
INSERT INTO `predictions` VALUES (9488,26,2017122400,0,0);
INSERT INTO `predictions` VALUES (9489,26,2017122401,0,0);
INSERT INTO `predictions` VALUES (9490,26,2017122402,0,0);
INSERT INTO `predictions` VALUES (9491,26,2017122403,0,0);
INSERT INTO `predictions` VALUES (9492,26,2017122404,0,0);
INSERT INTO `predictions` VALUES (9493,26,2017122405,0,0);
INSERT INTO `predictions` VALUES (9494,26,2017122406,0,0);
INSERT INTO `predictions` VALUES (9495,26,2017122407,0,0);
INSERT INTO `predictions` VALUES (9496,26,2017122408,0,0);
INSERT INTO `predictions` VALUES (9497,26,2017122409,0,0);
INSERT INTO `predictions` VALUES (9498,26,2017122410,0,0);
INSERT INTO `predictions` VALUES (9499,26,2017122411,0,0);
INSERT INTO `predictions` VALUES (9500,26,2017122500,0,0);
INSERT INTO `predictions` VALUES (9501,26,2017122501,0,0);
INSERT INTO `predictions` VALUES (9502,26,2017123100,0,0);
INSERT INTO `predictions` VALUES (9503,26,2017123101,0,0);
INSERT INTO `predictions` VALUES (9504,26,2017123102,0,0);
INSERT INTO `predictions` VALUES (9505,26,2017123103,0,0);
INSERT INTO `predictions` VALUES (9506,26,2017123104,0,0);
INSERT INTO `predictions` VALUES (9507,26,2017123105,0,0);
INSERT INTO `predictions` VALUES (9508,26,2017123106,0,0);
INSERT INTO `predictions` VALUES (9509,26,2017123107,0,0);
INSERT INTO `predictions` VALUES (9510,26,2017123108,0,0);
INSERT INTO `predictions` VALUES (9511,26,2017123109,0,0);
INSERT INTO `predictions` VALUES (9512,26,2017123110,0,0);
INSERT INTO `predictions` VALUES (9513,26,2017123111,0,0);
INSERT INTO `predictions` VALUES (9514,26,2017123112,0,0);
INSERT INTO `predictions` VALUES (9515,26,2017123113,0,0);
INSERT INTO `predictions` VALUES (9516,26,2017123114,0,0);
INSERT INTO `predictions` VALUES (9517,26,2017123115,0,0);
INSERT INTO `predictions` VALUES (9773,27,2017090700,0,0);
INSERT INTO `predictions` VALUES (9774,27,2017091000,0,0);
INSERT INTO `predictions` VALUES (9775,27,2017091001,0,0);
INSERT INTO `predictions` VALUES (9776,27,2017091002,0,0);
INSERT INTO `predictions` VALUES (9777,27,2017091003,0,0);
INSERT INTO `predictions` VALUES (9778,27,2017091004,0,0);
INSERT INTO `predictions` VALUES (9779,27,2017091005,0,0);
INSERT INTO `predictions` VALUES (9780,27,2017091006,0,0);
INSERT INTO `predictions` VALUES (9781,27,2017091007,0,0);
INSERT INTO `predictions` VALUES (9782,27,2017091008,0,0);
INSERT INTO `predictions` VALUES (9783,27,2017091009,0,0);
INSERT INTO `predictions` VALUES (9784,27,2017091010,0,0);
INSERT INTO `predictions` VALUES (9785,27,2017091011,0,0);
INSERT INTO `predictions` VALUES (9786,27,2017091012,0,0);
INSERT INTO `predictions` VALUES (9787,27,2017091100,0,0);
INSERT INTO `predictions` VALUES (9788,27,2017091101,0,0);
INSERT INTO `predictions` VALUES (9789,27,2017091400,0,0);
INSERT INTO `predictions` VALUES (9790,27,2017091700,0,0);
INSERT INTO `predictions` VALUES (9791,27,2017091701,0,0);
INSERT INTO `predictions` VALUES (9792,27,2017091702,0,0);
INSERT INTO `predictions` VALUES (9793,27,2017091703,0,0);
INSERT INTO `predictions` VALUES (9794,27,2017091704,0,0);
INSERT INTO `predictions` VALUES (9795,27,2017091705,0,0);
INSERT INTO `predictions` VALUES (9796,27,2017091706,0,0);
INSERT INTO `predictions` VALUES (9797,27,2017091707,0,0);
INSERT INTO `predictions` VALUES (9798,27,2017091708,0,0);
INSERT INTO `predictions` VALUES (9799,27,2017091709,0,0);
INSERT INTO `predictions` VALUES (9800,27,2017091710,0,0);
INSERT INTO `predictions` VALUES (9801,27,2017091711,0,0);
INSERT INTO `predictions` VALUES (9802,27,2017091712,0,0);
INSERT INTO `predictions` VALUES (9803,27,2017091713,0,0);
INSERT INTO `predictions` VALUES (9804,27,2017091800,0,0);
INSERT INTO `predictions` VALUES (9805,27,2017092100,0,0);
INSERT INTO `predictions` VALUES (9806,27,2017092400,0,0);
INSERT INTO `predictions` VALUES (9807,27,2017092401,0,0);
INSERT INTO `predictions` VALUES (9808,27,2017092402,0,0);
INSERT INTO `predictions` VALUES (9809,27,2017092403,0,0);
INSERT INTO `predictions` VALUES (9810,27,2017092404,0,0);
INSERT INTO `predictions` VALUES (9811,27,2017092405,0,0);
INSERT INTO `predictions` VALUES (9812,27,2017092406,0,0);
INSERT INTO `predictions` VALUES (9813,27,2017092407,0,0);
INSERT INTO `predictions` VALUES (9814,27,2017092408,0,0);
INSERT INTO `predictions` VALUES (9815,27,2017092409,0,0);
INSERT INTO `predictions` VALUES (9816,27,2017092410,0,0);
INSERT INTO `predictions` VALUES (9817,27,2017092411,0,0);
INSERT INTO `predictions` VALUES (9818,27,2017092412,0,0);
INSERT INTO `predictions` VALUES (9819,27,2017092413,0,0);
INSERT INTO `predictions` VALUES (9820,27,2017092500,0,0);
INSERT INTO `predictions` VALUES (9821,27,2017092800,0,0);
INSERT INTO `predictions` VALUES (9822,27,2017100100,0,0);
INSERT INTO `predictions` VALUES (9823,27,2017100101,0,0);
INSERT INTO `predictions` VALUES (9824,27,2017100102,0,0);
INSERT INTO `predictions` VALUES (9825,27,2017100103,0,0);
INSERT INTO `predictions` VALUES (9826,27,2017100104,0,0);
INSERT INTO `predictions` VALUES (9827,27,2017100105,0,0);
INSERT INTO `predictions` VALUES (9828,27,2017100106,0,0);
INSERT INTO `predictions` VALUES (9829,27,2017100107,0,0);
INSERT INTO `predictions` VALUES (9830,27,2017100108,0,0);
INSERT INTO `predictions` VALUES (9831,27,2017100109,0,0);
INSERT INTO `predictions` VALUES (9832,27,2017100110,0,0);
INSERT INTO `predictions` VALUES (9833,27,2017100111,0,0);
INSERT INTO `predictions` VALUES (9834,27,2017100112,0,0);
INSERT INTO `predictions` VALUES (9835,27,2017100113,0,0);
INSERT INTO `predictions` VALUES (9836,27,2017100200,0,0);
INSERT INTO `predictions` VALUES (9837,27,2017100500,0,0);
INSERT INTO `predictions` VALUES (9838,27,2017100800,0,0);
INSERT INTO `predictions` VALUES (9839,27,2017100801,0,0);
INSERT INTO `predictions` VALUES (9840,27,2017100802,0,0);
INSERT INTO `predictions` VALUES (9841,27,2017100803,0,0);
INSERT INTO `predictions` VALUES (9842,27,2017100804,0,0);
INSERT INTO `predictions` VALUES (9843,27,2017100805,0,0);
INSERT INTO `predictions` VALUES (9844,27,2017100806,0,0);
INSERT INTO `predictions` VALUES (9845,27,2017100807,0,0);
INSERT INTO `predictions` VALUES (9846,27,2017100808,0,0);
INSERT INTO `predictions` VALUES (9847,27,2017100809,0,0);
INSERT INTO `predictions` VALUES (9848,27,2017100810,0,0);
INSERT INTO `predictions` VALUES (9849,27,2017100811,0,0);
INSERT INTO `predictions` VALUES (9850,27,2017100900,0,0);
INSERT INTO `predictions` VALUES (9851,27,2017101200,0,0);
INSERT INTO `predictions` VALUES (9852,27,2017101500,0,0);
INSERT INTO `predictions` VALUES (9853,27,2017101501,0,0);
INSERT INTO `predictions` VALUES (9854,27,2017101502,0,0);
INSERT INTO `predictions` VALUES (9855,27,2017101503,0,0);
INSERT INTO `predictions` VALUES (9856,27,2017101504,0,0);
INSERT INTO `predictions` VALUES (9857,27,2017101505,0,0);
INSERT INTO `predictions` VALUES (9858,27,2017101506,0,0);
INSERT INTO `predictions` VALUES (9859,27,2017101507,0,0);
INSERT INTO `predictions` VALUES (9860,27,2017101508,0,0);
INSERT INTO `predictions` VALUES (9861,27,2017101509,0,0);
INSERT INTO `predictions` VALUES (9862,27,2017101510,0,0);
INSERT INTO `predictions` VALUES (9863,27,2017101511,0,0);
INSERT INTO `predictions` VALUES (9864,27,2017101600,0,0);
INSERT INTO `predictions` VALUES (9865,27,2017101900,0,0);
INSERT INTO `predictions` VALUES (9866,27,2017102200,0,0);
INSERT INTO `predictions` VALUES (9867,27,2017102201,0,0);
INSERT INTO `predictions` VALUES (9868,27,2017102202,0,0);
INSERT INTO `predictions` VALUES (9869,27,2017102203,0,0);
INSERT INTO `predictions` VALUES (9870,27,2017102204,0,0);
INSERT INTO `predictions` VALUES (9871,27,2017102205,0,0);
INSERT INTO `predictions` VALUES (9872,27,2017102206,0,0);
INSERT INTO `predictions` VALUES (9873,27,2017102207,0,0);
INSERT INTO `predictions` VALUES (9874,27,2017102208,0,0);
INSERT INTO `predictions` VALUES (9875,27,2017102209,0,0);
INSERT INTO `predictions` VALUES (9876,27,2017102210,0,0);
INSERT INTO `predictions` VALUES (9877,27,2017102211,0,0);
INSERT INTO `predictions` VALUES (9878,27,2017102212,0,0);
INSERT INTO `predictions` VALUES (9879,27,2017102300,0,0);
INSERT INTO `predictions` VALUES (9880,27,2017102600,0,0);
INSERT INTO `predictions` VALUES (9881,27,2017102900,0,0);
INSERT INTO `predictions` VALUES (9882,27,2017102901,0,0);
INSERT INTO `predictions` VALUES (9883,27,2017102902,0,0);
INSERT INTO `predictions` VALUES (9884,27,2017102903,0,0);
INSERT INTO `predictions` VALUES (9885,27,2017102904,0,0);
INSERT INTO `predictions` VALUES (9886,27,2017102905,0,0);
INSERT INTO `predictions` VALUES (9887,27,2017102906,0,0);
INSERT INTO `predictions` VALUES (9888,27,2017102907,0,0);
INSERT INTO `predictions` VALUES (9889,27,2017102908,0,0);
INSERT INTO `predictions` VALUES (9890,27,2017102909,0,0);
INSERT INTO `predictions` VALUES (9891,27,2017102910,0,0);
INSERT INTO `predictions` VALUES (9892,27,2017103000,0,0);
INSERT INTO `predictions` VALUES (9893,27,2017110200,0,0);
INSERT INTO `predictions` VALUES (9894,27,2017110500,0,0);
INSERT INTO `predictions` VALUES (9895,27,2017110501,0,0);
INSERT INTO `predictions` VALUES (9896,27,2017110502,0,0);
INSERT INTO `predictions` VALUES (9897,27,2017110503,0,0);
INSERT INTO `predictions` VALUES (9898,27,2017110504,0,0);
INSERT INTO `predictions` VALUES (9899,27,2017110505,0,0);
INSERT INTO `predictions` VALUES (9900,27,2017110506,0,0);
INSERT INTO `predictions` VALUES (9901,27,2017110507,0,0);
INSERT INTO `predictions` VALUES (9902,27,2017110508,0,0);
INSERT INTO `predictions` VALUES (9903,27,2017110509,0,0);
INSERT INTO `predictions` VALUES (9904,27,2017110510,0,0);
INSERT INTO `predictions` VALUES (9905,27,2017110600,0,0);
INSERT INTO `predictions` VALUES (9906,27,2017110900,0,0);
INSERT INTO `predictions` VALUES (9907,27,2017111200,0,0);
INSERT INTO `predictions` VALUES (9908,27,2017111201,0,0);
INSERT INTO `predictions` VALUES (9909,27,2017111202,0,0);
INSERT INTO `predictions` VALUES (9910,27,2017111203,0,0);
INSERT INTO `predictions` VALUES (9911,27,2017111204,0,0);
INSERT INTO `predictions` VALUES (9912,27,2017111205,0,0);
INSERT INTO `predictions` VALUES (9913,27,2017111206,0,0);
INSERT INTO `predictions` VALUES (9914,27,2017111207,0,0);
INSERT INTO `predictions` VALUES (9915,27,2017111208,0,0);
INSERT INTO `predictions` VALUES (9916,27,2017111209,0,0);
INSERT INTO `predictions` VALUES (9917,27,2017111210,0,0);
INSERT INTO `predictions` VALUES (9918,27,2017111211,0,0);
INSERT INTO `predictions` VALUES (9919,27,2017111300,0,0);
INSERT INTO `predictions` VALUES (9920,27,2017111600,0,0);
INSERT INTO `predictions` VALUES (9921,27,2017111900,0,0);
INSERT INTO `predictions` VALUES (9922,27,2017111901,0,0);
INSERT INTO `predictions` VALUES (9923,27,2017111902,0,0);
INSERT INTO `predictions` VALUES (9924,27,2017111903,0,0);
INSERT INTO `predictions` VALUES (9925,27,2017111904,0,0);
INSERT INTO `predictions` VALUES (9926,27,2017111905,0,0);
INSERT INTO `predictions` VALUES (9927,27,2017111906,0,0);
INSERT INTO `predictions` VALUES (9928,27,2017111907,0,0);
INSERT INTO `predictions` VALUES (9929,27,2017111908,0,0);
INSERT INTO `predictions` VALUES (9930,27,2017111909,0,0);
INSERT INTO `predictions` VALUES (9931,27,2017111910,0,0);
INSERT INTO `predictions` VALUES (9932,27,2017112000,0,0);
INSERT INTO `predictions` VALUES (9933,27,2017112300,0,0);
INSERT INTO `predictions` VALUES (9934,27,2017112301,0,0);
INSERT INTO `predictions` VALUES (9935,27,2017112302,0,0);
INSERT INTO `predictions` VALUES (9936,27,2017112600,0,0);
INSERT INTO `predictions` VALUES (9937,27,2017112601,0,0);
INSERT INTO `predictions` VALUES (9938,27,2017112602,0,0);
INSERT INTO `predictions` VALUES (9939,27,2017112603,0,0);
INSERT INTO `predictions` VALUES (9940,27,2017112604,0,0);
INSERT INTO `predictions` VALUES (9941,27,2017112605,0,0);
INSERT INTO `predictions` VALUES (9942,27,2017112606,0,0);
INSERT INTO `predictions` VALUES (9943,27,2017112607,0,0);
INSERT INTO `predictions` VALUES (9944,27,2017112608,0,0);
INSERT INTO `predictions` VALUES (9945,27,2017112609,0,0);
INSERT INTO `predictions` VALUES (9946,27,2017112610,0,0);
INSERT INTO `predictions` VALUES (9947,27,2017112611,0,0);
INSERT INTO `predictions` VALUES (9948,27,2017112700,0,0);
INSERT INTO `predictions` VALUES (9949,27,2017113000,0,0);
INSERT INTO `predictions` VALUES (9950,27,2017120300,0,0);
INSERT INTO `predictions` VALUES (9951,27,2017120301,0,0);
INSERT INTO `predictions` VALUES (9952,27,2017120302,0,0);
INSERT INTO `predictions` VALUES (9953,27,2017120303,0,0);
INSERT INTO `predictions` VALUES (9954,27,2017120304,0,0);
INSERT INTO `predictions` VALUES (9955,27,2017120305,0,0);
INSERT INTO `predictions` VALUES (9956,27,2017120306,0,0);
INSERT INTO `predictions` VALUES (9957,27,2017120307,0,0);
INSERT INTO `predictions` VALUES (9958,27,2017120308,0,0);
INSERT INTO `predictions` VALUES (9959,27,2017120309,0,0);
INSERT INTO `predictions` VALUES (9960,27,2017120310,0,0);
INSERT INTO `predictions` VALUES (9961,27,2017120311,0,0);
INSERT INTO `predictions` VALUES (9962,27,2017120312,0,0);
INSERT INTO `predictions` VALUES (9963,27,2017120313,0,0);
INSERT INTO `predictions` VALUES (9964,27,2017120400,0,0);
INSERT INTO `predictions` VALUES (9965,27,2017120700,0,0);
INSERT INTO `predictions` VALUES (9966,27,2017121000,0,0);
INSERT INTO `predictions` VALUES (9967,27,2017121001,0,0);
INSERT INTO `predictions` VALUES (9968,27,2017121002,0,0);
INSERT INTO `predictions` VALUES (9969,27,2017121003,0,0);
INSERT INTO `predictions` VALUES (9970,27,2017121004,0,0);
INSERT INTO `predictions` VALUES (9971,27,2017121005,0,0);
INSERT INTO `predictions` VALUES (9972,27,2017121006,0,0);
INSERT INTO `predictions` VALUES (9973,27,2017121007,0,0);
INSERT INTO `predictions` VALUES (9974,27,2017121008,0,0);
INSERT INTO `predictions` VALUES (9975,27,2017121009,0,0);
INSERT INTO `predictions` VALUES (9976,27,2017121010,0,0);
INSERT INTO `predictions` VALUES (9977,27,2017121011,0,0);
INSERT INTO `predictions` VALUES (9978,27,2017121012,0,0);
INSERT INTO `predictions` VALUES (9979,27,2017121013,0,0);
INSERT INTO `predictions` VALUES (9980,27,2017121100,0,0);
INSERT INTO `predictions` VALUES (9981,27,2017121400,0,0);
INSERT INTO `predictions` VALUES (9982,27,2017121600,0,0);
INSERT INTO `predictions` VALUES (9983,27,2017121601,0,0);
INSERT INTO `predictions` VALUES (9984,27,2017121700,0,0);
INSERT INTO `predictions` VALUES (9985,27,2017121701,0,0);
INSERT INTO `predictions` VALUES (9986,27,2017121702,0,0);
INSERT INTO `predictions` VALUES (9987,27,2017121703,0,0);
INSERT INTO `predictions` VALUES (9988,27,2017121704,0,0);
INSERT INTO `predictions` VALUES (9989,27,2017121705,0,0);
INSERT INTO `predictions` VALUES (9990,27,2017121706,0,0);
INSERT INTO `predictions` VALUES (9991,27,2017121707,0,0);
INSERT INTO `predictions` VALUES (9992,27,2017121708,0,0);
INSERT INTO `predictions` VALUES (9993,27,2017121709,0,0);
INSERT INTO `predictions` VALUES (9994,27,2017121710,0,0);
INSERT INTO `predictions` VALUES (9995,27,2017121711,0,0);
INSERT INTO `predictions` VALUES (9996,27,2017121800,0,0);
INSERT INTO `predictions` VALUES (9997,27,2017122300,0,0);
INSERT INTO `predictions` VALUES (9998,27,2017122301,0,0);
INSERT INTO `predictions` VALUES (9999,27,2017122400,0,0);
INSERT INTO `predictions` VALUES (10000,27,2017122401,0,0);
INSERT INTO `predictions` VALUES (10001,27,2017122402,0,0);
INSERT INTO `predictions` VALUES (10002,27,2017122403,0,0);
INSERT INTO `predictions` VALUES (10003,27,2017122404,0,0);
INSERT INTO `predictions` VALUES (10004,27,2017122405,0,0);
INSERT INTO `predictions` VALUES (10005,27,2017122406,0,0);
INSERT INTO `predictions` VALUES (10006,27,2017122407,0,0);
INSERT INTO `predictions` VALUES (10007,27,2017122408,0,0);
INSERT INTO `predictions` VALUES (10008,27,2017122409,0,0);
INSERT INTO `predictions` VALUES (10009,27,2017122410,0,0);
INSERT INTO `predictions` VALUES (10010,27,2017122411,0,0);
INSERT INTO `predictions` VALUES (10011,27,2017122500,0,0);
INSERT INTO `predictions` VALUES (10012,27,2017122501,0,0);
INSERT INTO `predictions` VALUES (10013,27,2017123100,0,0);
INSERT INTO `predictions` VALUES (10014,27,2017123101,0,0);
INSERT INTO `predictions` VALUES (10015,27,2017123102,0,0);
INSERT INTO `predictions` VALUES (10016,27,2017123103,0,0);
INSERT INTO `predictions` VALUES (10017,27,2017123104,0,0);
INSERT INTO `predictions` VALUES (10018,27,2017123105,0,0);
INSERT INTO `predictions` VALUES (10019,27,2017123106,0,0);
INSERT INTO `predictions` VALUES (10020,27,2017123107,0,0);
INSERT INTO `predictions` VALUES (10021,27,2017123108,0,0);
INSERT INTO `predictions` VALUES (10022,27,2017123109,0,0);
INSERT INTO `predictions` VALUES (10023,27,2017123110,0,0);
INSERT INTO `predictions` VALUES (10024,27,2017123111,0,0);
INSERT INTO `predictions` VALUES (10025,27,2017123112,0,0);
INSERT INTO `predictions` VALUES (10026,27,2017123113,0,0);
INSERT INTO `predictions` VALUES (10027,27,2017123114,0,0);
INSERT INTO `predictions` VALUES (10028,27,2017123115,0,0);
/*!40000 ALTER TABLE `predictions` ENABLE KEYS */;
UNLOCK TABLES;
DROP TABLE IF EXISTS `predictions_plus`;
/*!40101 SET @saved_cs_client     = @@character_set_client */;
/*!40101 SET character_set_client = utf8 */;
CREATE TABLE `predictions_plus` (
  `predictions_p_id` int(11) NOT NULL AUTO_INCREMENT,
  `user_id` int(11) NOT NULL,
  `superbowl` int(11) DEFAULT NULL,
  `afc_winner` int(11) DEFAULT NULL,
  `nfc_winner` int(11) DEFAULT NULL,
  `best_offense` int(11) DEFAULT NULL,
  `best_defense` int(11) DEFAULT NULL,
  PRIMARY KEY (`predictions_p_id`),
  KEY `user_id` (`user_id`),
  KEY `superbowl` (`superbowl`),
  KEY `afc_winner` (`afc_winner`),
  KEY `nfc_winner` (`nfc_winner`),
  KEY `best_offense` (`best_offense`),
  KEY `best_defense` (`best_defense`),
  CONSTRAINT `predictions_plus_ibfk_1` FOREIGN KEY (`user_id`) REFERENCES `user` (`user_id`),
  CONSTRAINT `predictions_plus_ibfk_2` FOREIGN KEY (`superbowl`) REFERENCES `teams` (`team_id`),
  CONSTRAINT `predictions_plus_ibfk_3` FOREIGN KEY (`afc_winner`) REFERENCES `teams` (`team_id`),
  CONSTRAINT `predictions_plus_ibfk_4` FOREIGN KEY (`nfc_winner`) REFERENCES `teams` (`team_id`),
  CONSTRAINT `predictions_plus_ibfk_5` FOREIGN KEY (`best_offense`) REFERENCES `teams` (`team_id`),
  CONSTRAINT `predictions_plus_ibfk_6` FOREIGN KEY (`best_defense`) REFERENCES `teams` (`team_id`)
) ENGINE=InnoDB AUTO_INCREMENT=27 DEFAULT CHARSET=utf8;
/*!40101 SET character_set_client = @saved_cs_client */;

LOCK TABLES `predictions_plus` WRITE;
/*!40000 ALTER TABLE `predictions_plus` DISABLE KEYS */;
INSERT INTO `predictions_plus` VALUES (5,3,NULL,NULL,NULL,NULL,NULL);
INSERT INTO `predictions_plus` VALUES (16,18,1,15,NULL,NULL,NULL);
INSERT INTO `predictions_plus` VALUES (17,19,27,1,30,20,28);
INSERT INTO `predictions_plus` VALUES (18,20,21,2,25,1,28);
INSERT INTO `predictions_plus` VALUES (23,23,1,1,NULL,NULL,29);
INSERT INTO `predictions_plus` VALUES (24,25,5,5,17,5,29);
INSERT INTO `predictions_plus` VALUES (25,26,29,NULL,NULL,NULL,NULL);
INSERT INTO `predictions_plus` VALUES (26,27,NULL,NULL,NULL,NULL,NULL);
/*!40000 ALTER TABLE `predictions_plus` ENABLE KEYS */;
UNLOCK TABLES;
DROP TABLE IF EXISTS `standings`;
/*!40101 SET @saved_cs_client     = @@character_set_client */;
/*!40101 SET character_set_client = utf8 */;
CREATE TABLE `standings` (
  `standing_id` int(11) NOT NULL,
  `team_id` int(11) NOT NULL,
  `prefix` varchar(2) DEFAULT NULL,
  `games` varchar(20) NOT NULL,
  `score` varchar(10) NOT NULL,
  `div_games` varchar(20) NOT NULL,
  PRIMARY KEY (`standing_id`),
  KEY `team_id` (`team_id`),
  CONSTRAINT `standings_ibfk_1` FOREIGN KEY (`team_id`) REFERENCES `teams` (`team_id`)
) ENGINE=InnoDB DEFAULT CHARSET=utf8;
/*!40101 SET character_set_client = @saved_cs_client */;

LOCK TABLES `standings` WRITE;
/*!40000 ALTER TABLE `standings` DISABLE KEYS */;
INSERT INTO `standings` VALUES (1,1,NULL,'0-0','.000','0-0');
INSERT INTO `standings` VALUES (2,2,NULL,'0-0','.000','0-0');
INSERT INTO `standings` VALUES (3,4,NULL,'0-0','.000','0-0');
INSERT INTO `standings` VALUES (4,3,NULL,'0-0','.000','0-0');
INSERT INTO `standings` VALUES (5,6,NULL,'0-0','.000','0-0');
INSERT INTO `standings` VALUES (6,7,NULL,'0-0','.000','0-0');
INSERT INTO `standings` VALUES (7,5,NULL,'0-0','.000','0-0');
INSERT INTO `standings` VALUES (8,8,NULL,'0-0','.000','0-0');
INSERT INTO `standings` VALUES (9,9,NULL,'0-0','.000','0-0');
INSERT INTO `standings` VALUES (10,12,NULL,'0-0','.000','0-0');
INSERT INTO `standings` VALUES (11,11,NULL,'0-0','.000','0-0');
INSERT INTO `standings` VALUES (12,10,NULL,'0-0','.000','0-0');
INSERT INTO `standings` VALUES (13,14,NULL,'0-0','.000','0-0');
INSERT INTO `standings` VALUES (14,15,NULL,'0-0','.000','0-0');
INSERT INTO `standings` VALUES (15,13,NULL,'0-0','.000','0-0');
INSERT INTO `standings` VALUES (16,16,NULL,'0-0','.000','0-0');
INSERT INTO `standings` VALUES (17,18,NULL,'0-0','.000','0-0');
INSERT INTO `standings` VALUES (18,20,NULL,'0-0','.000','0-0');
INSERT INTO `standings` VALUES (19,19,NULL,'0-0','.000','0-0');
INSERT INTO `standings` VALUES (20,17,NULL,'0-0','.000','0-0');
INSERT INTO `standings` VALUES (21,23,NULL,'0-0','.000','0-0');
INSERT INTO `standings` VALUES (22,21,NULL,'0-0','.000','0-0');
INSERT INTO `standings` VALUES (23,22,NULL,'0-0','.000','0-0');
INSERT INTO `standings` VALUES (24,24,NULL,'0-0','.000','0-0');
INSERT INTO `standings` VALUES (25,26,NULL,'0-0','.000','0-0');
INSERT INTO `standings` VALUES (26,27,NULL,'0-0','.000','0-0');
INSERT INTO `standings` VALUES (27,28,NULL,'0-0','.000','0-0');
INSERT INTO `standings` VALUES (28,25,NULL,'0-0','.000','0-0');
INSERT INTO `standings` VALUES (29,32,NULL,'0-0','.000','0-0');
INSERT INTO `standings` VALUES (30,29,NULL,'0-0','.000','0-0');
INSERT INTO `standings` VALUES (31,30,NULL,'0-0','.000','0-0');
INSERT INTO `standings` VALUES (32,31,NULL,'0-0','.000','0-0');
/*!40000 ALTER TABLE `standings` ENABLE KEYS */;
UNLOCK TABLES;
DROP TABLE IF EXISTS `teams`;
/*!40101 SET @saved_cs_client     = @@character_set_client */;
/*!40101 SET character_set_client = utf8 */;
CREATE TABLE `teams` (
  `team_id` int(11) NOT NULL AUTO_INCREMENT,
  `team_name` varchar(100) NOT NULL,
  `team_prefix` varchar(10) NOT NULL,
  `team_division` varchar(100) DEFAULT NULL,
  `team_region` varchar(100) DEFAULT NULL,
  PRIMARY KEY (`team_id`),
  UNIQUE KEY `team_name` (`team_name`),
  UNIQUE KEY `team_prefix` (`team_prefix`)
) ENGINE=InnoDB AUTO_INCREMENT=33 DEFAULT CHARSET=utf8;
/*!40101 SET character_set_client = @saved_cs_client */;

LOCK TABLES `teams` WRITE;
/*!40000 ALTER TABLE `teams` DISABLE KEYS */;
INSERT INTO `teams` VALUES (1,'New England Patriots','NE','afc','east');
INSERT INTO `teams` VALUES (2,'Miami Dolphins','MIA','afc','east');
INSERT INTO `teams` VALUES (3,'Buffalo Bills','BUF','afc','east');
INSERT INTO `teams` VALUES (4,'New York Jets','NYJ','afc','east');
INSERT INTO `teams` VALUES (5,'Pittsburgh Steelers','PIT','afc','north');
INSERT INTO `teams` VALUES (6,'Baltimore Ravens','BAL','afc','north');
INSERT INTO `teams` VALUES (7,'Cincinnati Bengals','CIN','afc','north');
INSERT INTO `teams` VALUES (8,'Cleveland Browns','CLE','afc','north');
INSERT INTO `teams` VALUES (9,'Houston Texans','HOU','afc','south');
INSERT INTO `teams` VALUES (10,'Tennessee Titans','TEN','afc','south');
INSERT INTO `teams` VALUES (11,'Indianapolis Colts','IND','afc','south');
INSERT INTO `teams` VALUES (12,'Jacksonville Jaguars','JAX','afc','south');
INSERT INTO `teams` VALUES (13,'Oakland Raiders','OAK','afc','west');
INSERT INTO `teams` VALUES (14,'Kansas City Chiefs','KC','afc','west');
INSERT INTO `teams` VALUES (15,'Denver Broncos','DEN','afc','west');
INSERT INTO `teams` VALUES (16,'Los Angeles Chargers','LAC','afc','west');
INSERT INTO `teams` VALUES (17,'Dallas Cowboys','DAL','nfc','east');
INSERT INTO `teams` VALUES (18,'New York Giants','NYG','nfc','east');
INSERT INTO `teams` VALUES (19,'Washington Redskins','WAS','nfc','east');
INSERT INTO `teams` VALUES (20,'Philadelphia Eagles','PHI','nfc','east');
INSERT INTO `teams` VALUES (21,'Green Bay Packers','GB','nfc','north');
INSERT INTO `teams` VALUES (22,'Detroit Lions','DET','nfc','north');
INSERT INTO `teams` VALUES (23,'Minnesota Vikings','MIN','nfc','north');
INSERT INTO `teams` VALUES (24,'Chicago Bears','CHI','nfc','north');
INSERT INTO `teams` VALUES (25,'Atlanta Falcons','ATL','nfc','south');
INSERT INTO `teams` VALUES (26,'Tampa Bay Buccaneers','TB','nfc','south');
INSERT INTO `teams` VALUES (27,'New Orleans Saints','NO','nfc','south');
INSERT INTO `teams` VALUES (28,'Carolina Panthers','CAR','nfc','south');
INSERT INTO `teams` VALUES (29,'Seattle Seahawks','SEA','nfc','west');
INSERT INTO `teams` VALUES (30,'Arizona Cardinals','ARI','nfc','west');
INSERT INTO `teams` VALUES (31,'Los Angeles Rams','LA','nfc','west');
INSERT INTO `teams` VALUES (32,'San Francisco 49ers','SF','nfc','west');
/*!40000 ALTER TABLE `teams` ENABLE KEYS */;
UNLOCK TABLES;
DROP TABLE IF EXISTS `user`;
/*!40101 SET @saved_cs_client     = @@character_set_client */;
/*!40101 SET character_set_client = utf8 */;
CREATE TABLE `user` (
  `user_id` int(11) NOT NULL AUTO_INCREMENT,
  `user_name` varchar(100) NOT NULL,
  `user_email` varchar(100) NOT NULL,
  `user_password` varchar(100) NOT NULL,
  PRIMARY KEY (`user_id`),
  UNIQUE KEY `user_name` (`user_name`)
) ENGINE=InnoDB AUTO_INCREMENT=28 DEFAULT CHARSET=utf8;
/*!40101 SET character_set_client = @saved_cs_client */;

LOCK TABLES `user` WRITE;
/*!40000 ALTER TABLE `user` DISABLE KEYS */;
INSERT INTO `user` VALUES (3,'admin','admin@mail.com','password');
INSERT INTO `user` VALUES (18,'Andre','andre-krause@web.de','$2a$10$zYpUi.zvl8GTfxK4j3YJdeBg484DVqjKDyWZHOmAKHrwASxlnK05S');
INSERT INTO `user` VALUES (19,'moin','pablo@manila-dota.com','$2a$10$05aUfehqf6ycViz0Grmdy.hwWdWod3NNzCetMhIhzeHFp.SSJ5yPi');
INSERT INTO `user` VALUES (20,'Rocci ','rocci.berge@hotmail.de','$2a$10$IAsnxlt5I.RrEQcxOLz5fuzrtLh/9gYJ83ClnGJmt4uSfK5mgsoHS');
INSERT INTO `user` VALUES (23,'Max','max_strauch@hotmail.de','$2a$10$beSCLEDHxj7Kr7Og56omq.iQ4/ThIKgGZbAjCnsILPJhlLJnoGGYa');
INSERT INTO `user` VALUES (25,'Johann','johann_warschau@web.de','$2a$10$JkQ8cU68Rdgv248ouLrKOueqVx.RCcyshpf2Lw/IaQXwDob1zz5TW');
INSERT INTO `user` VALUES (26,'Juni','juneski.david@gmx.de','$2a$10$NpHISPTruVRpClVyc6JwJO8idkZtWqgr2rRukrnLPTr1OfWmUZmki');
INSERT INTO `user` VALUES (27,'Christoph Hippe','chippe@gmx.net','$2a$10$e0f9ki5FCKnrUUa4UDi75ewXjpiq72DF/9ufqEtbBgzKoWrNzjRcq');
/*!40000 ALTER TABLE `user` ENABLE KEYS */;
UNLOCK TABLES;
/*!40103 SET TIME_ZONE=@OLD_TIME_ZONE */;

/*!40101 SET SQL_MODE=@OLD_SQL_MODE */;
/*!40014 SET FOREIGN_KEY_CHECKS=@OLD_FOREIGN_KEY_CHECKS */;
/*!40014 SET UNIQUE_CHECKS=@OLD_UNIQUE_CHECKS */;
/*!40101 SET CHARACTER_SET_CLIENT=@OLD_CHARACTER_SET_CLIENT */;
/*!40101 SET CHARACTER_SET_RESULTS=@OLD_CHARACTER_SET_RESULTS */;
/*!40101 SET COLLATION_CONNECTION=@OLD_COLLATION_CONNECTION */;
/*!40111 SET SQL_NOTES=@OLD_SQL_NOTES */;

