
/*!40101 SET @OLD_CHARACTER_SET_CLIENT=@@CHARACTER_SET_CLIENT */;
/*!40101 SET @OLD_CHARACTER_SET_RESULTS=@@CHARACTER_SET_RESULTS */;
/*!40101 SET @OLD_COLLATION_CONNECTION=@@COLLATION_CONNECTION */;
/*!40101 SET NAMES utf8 */;
/*!40103 SET @OLD_TIME_ZONE=@@TIME_ZONE */;
/*!40103 SET TIME_ZONE='+00:00' */;
/*!40014 SET @OLD_UNIQUE_CHECKS=@@UNIQUE_CHECKS, UNIQUE_CHECKS=0 */;
/*!40014 SET @OLD_FOREIGN_KEY_CHECKS=@@FOREIGN_KEY_CHECKS, FOREIGN_KEY_CHECKS=0 */;
/*!40101 SET @OLD_SQL_MODE=@@SQL_MODE, SQL_MODE='NO_AUTO_VALUE_ON_ZERO' */;
/*!40111 SET @OLD_SQL_NOTES=@@SQL_NOTES, SQL_NOTES=0 */;
DROP TABLE IF EXISTS `games`;
/*!40101 SET @saved_cs_client     = @@character_set_client */;
/*!40101 SET character_set_client = utf8 */;
CREATE TABLE `games` (
  `game_id` int(11) NOT NULL,
  `game_datetime` datetime NOT NULL,
  `game_finished` tinyint(1) NOT NULL,
  `home_team_id` int(11) NOT NULL,
  `home_team_score` int(11) DEFAULT NULL,
  `away_team_id` int(11) NOT NULL,
  `away_team_score` int(11) DEFAULT NULL,
  `week` int(11) NOT NULL,
  `season_type` varchar(5) NOT NULL,
  PRIMARY KEY (`game_id`),
  UNIQUE KEY `game_id` (`game_id`),
  KEY `home_team_id` (`home_team_id`),
  KEY `away_team_id` (`away_team_id`),
  CONSTRAINT `games_ibfk_1` FOREIGN KEY (`home_team_id`) REFERENCES `teams` (`team_id`),
  CONSTRAINT `games_ibfk_2` FOREIGN KEY (`away_team_id`) REFERENCES `teams` (`team_id`)
) ENGINE=InnoDB DEFAULT CHARSET=utf8;
/*!40101 SET character_set_client = @saved_cs_client */;

LOCK TABLES `games` WRITE;
/*!40000 ALTER TABLE `games` DISABLE KEYS */;
INSERT INTO `games` VALUES (2018090600,'2018-09-06 08:20:00',0,20,0,25,0,1,'REG');
INSERT INTO `games` VALUES (2018090900,'2018-09-09 01:00:00',0,6,0,3,0,1,'REG');
INSERT INTO `games` VALUES (2018090901,'2018-09-09 01:00:00',0,8,0,5,0,1,'REG');
INSERT INTO `games` VALUES (2018090902,'2018-09-09 01:00:00',0,11,0,7,0,1,'REG');
INSERT INTO `games` VALUES (2018090903,'2018-09-09 01:00:00',0,2,0,10,0,1,'REG');
INSERT INTO `games` VALUES (2018090904,'2018-09-09 01:00:00',0,23,0,32,0,1,'REG');
INSERT INTO `games` VALUES (2018090905,'2018-09-09 01:00:00',0,1,0,9,0,1,'REG');
INSERT INTO `games` VALUES (2018090906,'2018-09-09 01:00:00',0,27,0,26,0,1,'REG');
INSERT INTO `games` VALUES (2018090907,'2018-09-09 01:00:00',0,18,0,12,0,1,'REG');
INSERT INTO `games` VALUES (2018090908,'2018-09-09 04:05:00',0,16,0,14,0,1,'REG');
INSERT INTO `games` VALUES (2018090909,'2018-09-09 04:25:00',0,30,0,19,0,1,'REG');
INSERT INTO `games` VALUES (2018090910,'2018-09-09 04:25:00',0,28,0,17,0,1,'REG');
INSERT INTO `games` VALUES (2018090911,'2018-09-09 04:25:00',0,15,0,29,0,1,'REG');
INSERT INTO `games` VALUES (2018090912,'2018-09-09 08:20:00',0,21,0,24,0,1,'REG');
INSERT INTO `games` VALUES (2018091000,'2018-09-10 07:10:00',0,22,0,4,0,1,'REG');
INSERT INTO `games` VALUES (2018091001,'2018-09-10 10:20:00',0,13,0,31,0,1,'REG');
INSERT INTO `games` VALUES (2018091300,'2018-09-13 08:20:00',0,7,0,6,0,2,'REG');
INSERT INTO `games` VALUES (2018091600,'2018-09-16 01:00:00',0,25,0,28,0,2,'REG');
INSERT INTO `games` VALUES (2018091601,'2018-09-16 01:00:00',0,3,0,16,0,2,'REG');
INSERT INTO `games` VALUES (2018091602,'2018-09-16 01:00:00',0,21,0,23,0,2,'REG');
INSERT INTO `games` VALUES (2018091603,'2018-09-16 01:00:00',0,27,0,8,0,2,'REG');
INSERT INTO `games` VALUES (2018091604,'2018-09-16 01:00:00',0,4,0,2,0,2,'REG');
INSERT INTO `games` VALUES (2018091605,'2018-09-16 01:00:00',0,5,0,14,0,2,'REG');
INSERT INTO `games` VALUES (2018091606,'2018-09-16 01:00:00',0,26,0,20,0,2,'REG');
INSERT INTO `games` VALUES (2018091607,'2018-09-16 01:00:00',0,10,0,9,0,2,'REG');
INSERT INTO `games` VALUES (2018091608,'2018-09-16 01:00:00',0,19,0,11,0,2,'REG');
INSERT INTO `games` VALUES (2018091609,'2018-09-16 04:05:00',0,31,0,30,0,2,'REG');
INSERT INTO `games` VALUES (2018091610,'2018-09-16 04:05:00',0,32,0,22,0,2,'REG');
INSERT INTO `games` VALUES (2018091611,'2018-09-16 04:25:00',0,15,0,13,0,2,'REG');
INSERT INTO `games` VALUES (2018091612,'2018-09-16 04:25:00',0,12,0,1,0,2,'REG');
INSERT INTO `games` VALUES (2018091613,'2018-09-16 08:20:00',0,17,0,18,0,2,'REG');
INSERT INTO `games` VALUES (2018091700,'2018-09-17 08:15:00',0,24,0,29,0,2,'REG');
INSERT INTO `games` VALUES (2018092000,'2018-09-20 08:20:00',0,8,0,4,0,3,'REG');
INSERT INTO `games` VALUES (2018092300,'2018-09-23 01:00:00',0,25,0,27,0,3,'REG');
INSERT INTO `games` VALUES (2018092301,'2018-09-23 01:00:00',0,6,0,15,0,3,'REG');
INSERT INTO `games` VALUES (2018092302,'2018-09-23 01:00:00',0,28,0,7,0,3,'REG');
INSERT INTO `games` VALUES (2018092303,'2018-09-23 01:00:00',0,9,0,18,0,3,'REG');
INSERT INTO `games` VALUES (2018092304,'2018-09-23 01:00:00',0,12,0,10,0,3,'REG');
INSERT INTO `games` VALUES (2018092305,'2018-09-23 01:00:00',0,14,0,32,0,3,'REG');
INSERT INTO `games` VALUES (2018092306,'2018-09-23 01:00:00',0,2,0,13,0,3,'REG');
INSERT INTO `games` VALUES (2018092307,'2018-09-23 01:00:00',0,23,0,3,0,3,'REG');
INSERT INTO `games` VALUES (2018092308,'2018-09-23 01:00:00',0,20,0,11,0,3,'REG');
INSERT INTO `games` VALUES (2018092309,'2018-09-23 01:00:00',0,19,0,21,0,3,'REG');
INSERT INTO `games` VALUES (2018092310,'2018-09-23 04:05:00',0,31,0,16,0,3,'REG');
INSERT INTO `games` VALUES (2018092311,'2018-09-23 04:25:00',0,30,0,24,0,3,'REG');
INSERT INTO `games` VALUES (2018092312,'2018-09-23 04:25:00',0,29,0,17,0,3,'REG');
INSERT INTO `games` VALUES (2018092313,'2018-09-23 08:20:00',0,22,0,1,0,3,'REG');
INSERT INTO `games` VALUES (2018092400,'2018-09-24 08:15:00',0,26,0,5,0,3,'REG');
INSERT INTO `games` VALUES (2018092700,'2018-09-27 08:20:00',0,31,0,23,0,4,'REG');
INSERT INTO `games` VALUES (2018093000,'2018-09-30 01:00:00',0,25,0,7,0,4,'REG');
INSERT INTO `games` VALUES (2018093001,'2018-09-30 01:00:00',0,24,0,26,0,4,'REG');
INSERT INTO `games` VALUES (2018093002,'2018-09-30 01:00:00',0,17,0,22,0,4,'REG');
INSERT INTO `games` VALUES (2018093003,'2018-09-30 01:00:00',0,21,0,3,0,4,'REG');
INSERT INTO `games` VALUES (2018093004,'2018-09-30 01:00:00',0,11,0,9,0,4,'REG');
INSERT INTO `games` VALUES (2018093005,'2018-09-30 01:00:00',0,12,0,4,0,4,'REG');
INSERT INTO `games` VALUES (2018093006,'2018-09-30 01:00:00',0,1,0,2,0,4,'REG');
INSERT INTO `games` VALUES (2018093007,'2018-09-30 01:00:00',0,10,0,20,0,4,'REG');
INSERT INTO `games` VALUES (2018093008,'2018-09-30 04:05:00',0,30,0,29,0,4,'REG');
INSERT INTO `games` VALUES (2018093009,'2018-09-30 04:05:00',0,13,0,8,0,4,'REG');
INSERT INTO `games` VALUES (2018093010,'2018-09-30 04:25:00',0,16,0,32,0,4,'REG');
INSERT INTO `games` VALUES (2018093011,'2018-09-30 04:25:00',0,18,0,27,0,4,'REG');
INSERT INTO `games` VALUES (2018093012,'2018-09-30 08:20:00',0,5,0,6,0,4,'REG');
INSERT INTO `games` VALUES (2018100100,'2018-10-01 08:15:00',0,15,0,14,0,4,'REG');
INSERT INTO `games` VALUES (2018100400,'2018-10-04 08:20:00',0,1,0,11,0,5,'REG');
INSERT INTO `games` VALUES (2018100700,'2018-10-07 01:00:00',0,3,0,10,0,5,'REG');
INSERT INTO `games` VALUES (2018100701,'2018-10-07 01:00:00',0,28,0,18,0,5,'REG');
INSERT INTO `games` VALUES (2018100702,'2018-10-07 01:00:00',0,7,0,2,0,5,'REG');
INSERT INTO `games` VALUES (2018100703,'2018-10-07 01:00:00',0,8,0,6,0,5,'REG');
INSERT INTO `games` VALUES (2018100704,'2018-10-07 01:00:00',0,22,0,21,0,5,'REG');
INSERT INTO `games` VALUES (2018100705,'2018-10-07 01:00:00',0,14,0,12,0,5,'REG');
INSERT INTO `games` VALUES (2018100706,'2018-10-07 01:00:00',0,4,0,15,0,5,'REG');
INSERT INTO `games` VALUES (2018100707,'2018-10-07 01:00:00',0,5,0,25,0,5,'REG');
INSERT INTO `games` VALUES (2018100708,'2018-10-07 04:05:00',0,16,0,13,0,5,'REG');
INSERT INTO `games` VALUES (2018100709,'2018-10-07 04:25:00',0,20,0,23,0,5,'REG');
INSERT INTO `games` VALUES (2018100710,'2018-10-07 04:25:00',0,32,0,30,0,5,'REG');
INSERT INTO `games` VALUES (2018100711,'2018-10-07 04:25:00',0,29,0,31,0,5,'REG');
INSERT INTO `games` VALUES (2018100712,'2018-10-07 08:20:00',0,9,0,17,0,5,'REG');
INSERT INTO `games` VALUES (2018100800,'2018-10-08 08:15:00',0,27,0,19,0,5,'REG');
INSERT INTO `games` VALUES (2018101100,'2018-10-11 08:20:00',0,18,0,20,0,6,'REG');
INSERT INTO `games` VALUES (2018101400,'2018-10-14 01:00:00',0,25,0,26,0,6,'REG');
INSERT INTO `games` VALUES (2018101401,'2018-10-14 01:00:00',0,7,0,5,0,6,'REG');
INSERT INTO `games` VALUES (2018101402,'2018-10-14 01:00:00',0,8,0,16,0,6,'REG');
INSERT INTO `games` VALUES (2018101403,'2018-10-14 01:00:00',0,9,0,3,0,6,'REG');
INSERT INTO `games` VALUES (2018101404,'2018-10-14 01:00:00',0,2,0,24,0,6,'REG');
INSERT INTO `games` VALUES (2018101405,'2018-10-14 01:00:00',0,23,0,30,0,6,'REG');
INSERT INTO `games` VALUES (2018101406,'2018-10-14 01:00:00',0,4,0,11,0,6,'REG');
INSERT INTO `games` VALUES (2018101407,'2018-10-14 01:00:00',0,13,0,29,0,6,'REG');
INSERT INTO `games` VALUES (2018101408,'2018-10-14 01:00:00',0,19,0,28,0,6,'REG');
INSERT INTO `games` VALUES (2018101409,'2018-10-14 04:05:00',0,15,0,31,0,6,'REG');
INSERT INTO `games` VALUES (2018101410,'2018-10-14 04:25:00',0,17,0,12,0,6,'REG');
INSERT INTO `games` VALUES (2018101411,'2018-10-14 04:25:00',0,10,0,6,0,6,'REG');
INSERT INTO `games` VALUES (2018101412,'2018-10-14 08:20:00',0,1,0,14,0,6,'REG');
INSERT INTO `games` VALUES (2018101500,'2018-10-15 08:15:00',0,21,0,32,0,6,'REG');
INSERT INTO `games` VALUES (2018101800,'2018-10-18 08:20:00',0,30,0,15,0,7,'REG');
INSERT INTO `games` VALUES (2018102100,'2018-10-21 09:30:00',0,16,0,10,0,7,'REG');
INSERT INTO `games` VALUES (2018102101,'2018-10-21 04:05:00',0,6,0,27,0,7,'REG');
INSERT INTO `games` VALUES (2018102102,'2018-10-21 01:00:00',0,24,0,1,0,7,'REG');
INSERT INTO `games` VALUES (2018102103,'2018-10-21 01:00:00',0,11,0,3,0,7,'REG');
INSERT INTO `games` VALUES (2018102104,'2018-10-21 01:00:00',0,12,0,9,0,7,'REG');
INSERT INTO `games` VALUES (2018102105,'2018-10-21 01:00:00',0,14,0,7,0,7,'REG');
INSERT INTO `games` VALUES (2018102106,'2018-10-21 01:00:00',0,2,0,22,0,7,'REG');
INSERT INTO `games` VALUES (2018102107,'2018-10-21 01:00:00',0,4,0,23,0,7,'REG');
INSERT INTO `games` VALUES (2018102108,'2018-10-21 01:00:00',0,20,0,28,0,7,'REG');
INSERT INTO `games` VALUES (2018102109,'2018-10-21 01:00:00',0,26,0,8,0,7,'REG');
INSERT INTO `games` VALUES (2018102110,'2018-10-21 04:25:00',0,19,0,17,0,7,'REG');
INSERT INTO `games` VALUES (2018102111,'2018-10-21 08:20:00',0,32,0,31,0,7,'REG');
INSERT INTO `games` VALUES (2018102200,'2018-10-22 08:15:00',0,25,0,18,0,7,'REG');
INSERT INTO `games` VALUES (2018102500,'2018-10-25 08:20:00',0,9,0,2,0,8,'REG');
INSERT INTO `games` VALUES (2018102800,'2018-10-28 09:30:00',0,12,0,20,0,8,'REG');
INSERT INTO `games` VALUES (2018102801,'2018-10-28 01:00:00',0,28,0,6,0,8,'REG');
INSERT INTO `games` VALUES (2018102802,'2018-10-28 01:00:00',0,24,0,4,0,8,'REG');
INSERT INTO `games` VALUES (2018102803,'2018-10-28 01:00:00',0,7,0,26,0,8,'REG');
INSERT INTO `games` VALUES (2018102804,'2018-10-28 01:00:00',0,22,0,29,0,8,'REG');
INSERT INTO `games` VALUES (2018102805,'2018-10-28 01:00:00',0,14,0,15,0,8,'REG');
INSERT INTO `games` VALUES (2018102806,'2018-10-28 01:00:00',0,18,0,19,0,8,'REG');
INSERT INTO `games` VALUES (2018102807,'2018-10-28 01:00:00',0,5,0,8,0,8,'REG');
INSERT INTO `games` VALUES (2018102808,'2018-10-28 04:05:00',0,13,0,11,0,8,'REG');
INSERT INTO `games` VALUES (2018102809,'2018-10-28 04:25:00',0,30,0,32,0,8,'REG');
INSERT INTO `games` VALUES (2018102810,'2018-10-28 04:25:00',0,31,0,21,0,8,'REG');
INSERT INTO `games` VALUES (2018102811,'2018-10-28 08:20:00',0,23,0,27,0,8,'REG');
INSERT INTO `games` VALUES (2018102900,'2018-10-29 08:15:00',0,3,0,1,0,8,'REG');
INSERT INTO `games` VALUES (2018110100,'2018-11-01 08:20:00',0,32,0,13,0,9,'REG');
INSERT INTO `games` VALUES (2018110400,'2018-11-04 01:00:00',0,6,0,5,0,9,'REG');
INSERT INTO `games` VALUES (2018110401,'2018-11-04 01:00:00',0,3,0,24,0,9,'REG');
INSERT INTO `games` VALUES (2018110402,'2018-11-04 01:00:00',0,28,0,26,0,9,'REG');
INSERT INTO `games` VALUES (2018110403,'2018-11-04 01:00:00',0,8,0,14,0,9,'REG');
INSERT INTO `games` VALUES (2018110404,'2018-11-04 01:00:00',0,2,0,4,0,9,'REG');
INSERT INTO `games` VALUES (2018110405,'2018-11-04 01:00:00',0,23,0,22,0,9,'REG');
INSERT INTO `games` VALUES (2018110406,'2018-11-04 01:00:00',0,19,0,25,0,9,'REG');
INSERT INTO `games` VALUES (2018110407,'2018-11-04 04:05:00',0,15,0,9,0,9,'REG');
INSERT INTO `games` VALUES (2018110408,'2018-11-04 04:05:00',0,29,0,16,0,9,'REG');
INSERT INTO `games` VALUES (2018110409,'2018-11-04 04:25:00',0,27,0,31,0,9,'REG');
INSERT INTO `games` VALUES (2018110410,'2018-11-04 08:20:00',0,1,0,21,0,9,'REG');
INSERT INTO `games` VALUES (2018110500,'2018-11-05 08:15:00',0,17,0,10,0,9,'REG');
INSERT INTO `games` VALUES (2018110800,'2018-11-08 08:20:00',0,5,0,28,0,10,'REG');
INSERT INTO `games` VALUES (2018111100,'2018-11-11 01:00:00',0,24,0,22,0,10,'REG');
INSERT INTO `games` VALUES (2018111101,'2018-11-11 01:00:00',0,7,0,27,0,10,'REG');
INSERT INTO `games` VALUES (2018111102,'2018-11-11 01:00:00',0,8,0,25,0,10,'REG');
INSERT INTO `games` VALUES (2018111103,'2018-11-11 01:00:00',0,21,0,2,0,10,'REG');
INSERT INTO `games` VALUES (2018111104,'2018-11-11 01:00:00',0,11,0,12,0,10,'REG');
INSERT INTO `games` VALUES (2018111105,'2018-11-11 01:00:00',0,14,0,30,0,10,'REG');
INSERT INTO `games` VALUES (2018111106,'2018-11-11 01:00:00',0,4,0,3,0,10,'REG');
INSERT INTO `games` VALUES (2018111107,'2018-11-11 01:00:00',0,26,0,19,0,10,'REG');
INSERT INTO `games` VALUES (2018111108,'2018-11-11 01:00:00',0,10,0,1,0,10,'REG');
INSERT INTO `games` VALUES (2018111109,'2018-11-11 04:05:00',0,13,0,16,0,10,'REG');
INSERT INTO `games` VALUES (2018111110,'2018-11-11 04:25:00',0,31,0,29,0,10,'REG');
INSERT INTO `games` VALUES (2018111111,'2018-11-11 08:20:00',0,20,0,17,0,10,'REG');
INSERT INTO `games` VALUES (2018111200,'2018-11-12 08:15:00',0,32,0,18,0,10,'REG');
INSERT INTO `games` VALUES (2018111500,'2018-11-15 08:20:00',0,29,0,21,0,11,'REG');
INSERT INTO `games` VALUES (2018111800,'2018-11-18 01:00:00',0,25,0,17,0,11,'REG');
INSERT INTO `games` VALUES (2018111801,'2018-11-18 01:00:00',0,6,0,7,0,11,'REG');
INSERT INTO `games` VALUES (2018111802,'2018-11-18 01:00:00',0,24,0,23,0,11,'REG');
INSERT INTO `games` VALUES (2018111803,'2018-11-18 01:00:00',0,22,0,28,0,11,'REG');
INSERT INTO `games` VALUES (2018111804,'2018-11-18 01:00:00',0,11,0,10,0,11,'REG');
INSERT INTO `games` VALUES (2018111805,'2018-11-18 01:00:00',0,18,0,26,0,11,'REG');
INSERT INTO `games` VALUES (2018111806,'2018-11-18 01:00:00',0,19,0,9,0,11,'REG');
INSERT INTO `games` VALUES (2018111807,'2018-11-18 04:05:00',0,30,0,13,0,11,'REG');
INSERT INTO `games` VALUES (2018111808,'2018-11-18 04:05:00',0,16,0,15,0,11,'REG');
INSERT INTO `games` VALUES (2018111809,'2018-11-18 01:00:00',0,27,0,20,0,11,'REG');
INSERT INTO `games` VALUES (2018111810,'2018-11-18 08:20:00',0,12,0,5,0,11,'REG');
INSERT INTO `games` VALUES (2018111900,'2018-11-19 08:15:00',0,31,0,14,0,11,'REG');
INSERT INTO `games` VALUES (2018112200,'2018-11-22 12:30:00',0,22,0,24,0,12,'REG');
INSERT INTO `games` VALUES (2018112201,'2018-11-22 04:30:00',0,17,0,19,0,12,'REG');
INSERT INTO `games` VALUES (2018112202,'2018-11-22 08:20:00',0,27,0,25,0,12,'REG');
INSERT INTO `games` VALUES (2018112500,'2018-11-25 01:00:00',0,6,0,13,0,12,'REG');
INSERT INTO `games` VALUES (2018112501,'2018-11-25 01:00:00',0,3,0,12,0,12,'REG');
INSERT INTO `games` VALUES (2018112502,'2018-11-25 01:00:00',0,28,0,29,0,12,'REG');
INSERT INTO `games` VALUES (2018112503,'2018-11-25 01:00:00',0,7,0,8,0,12,'REG');
INSERT INTO `games` VALUES (2018112504,'2018-11-25 01:00:00',0,11,0,2,0,12,'REG');
INSERT INTO `games` VALUES (2018112505,'2018-11-25 01:00:00',0,4,0,1,0,12,'REG');
INSERT INTO `games` VALUES (2018112506,'2018-11-25 01:00:00',0,20,0,18,0,12,'REG');
INSERT INTO `games` VALUES (2018112507,'2018-11-25 01:00:00',0,26,0,32,0,12,'REG');
INSERT INTO `games` VALUES (2018112508,'2018-11-25 04:05:00',0,16,0,30,0,12,'REG');
INSERT INTO `games` VALUES (2018112509,'2018-11-25 04:25:00',0,15,0,5,0,12,'REG');
INSERT INTO `games` VALUES (2018112510,'2018-11-25 08:20:00',0,23,0,21,0,12,'REG');
INSERT INTO `games` VALUES (2018112600,'2018-11-26 08:15:00',0,9,0,10,0,12,'REG');
INSERT INTO `games` VALUES (2018112900,'2018-11-29 08:20:00',0,17,0,27,0,13,'REG');
INSERT INTO `games` VALUES (2018120200,'2018-12-02 01:00:00',0,25,0,6,0,13,'REG');
INSERT INTO `games` VALUES (2018120201,'2018-12-02 01:00:00',0,7,0,15,0,13,'REG');
INSERT INTO `games` VALUES (2018120202,'2018-12-02 01:00:00',0,22,0,31,0,13,'REG');
INSERT INTO `games` VALUES (2018120203,'2018-12-02 01:00:00',0,21,0,30,0,13,'REG');
INSERT INTO `games` VALUES (2018120204,'2018-12-02 01:00:00',0,9,0,8,0,13,'REG');
INSERT INTO `games` VALUES (2018120205,'2018-12-02 01:00:00',0,12,0,11,0,13,'REG');
INSERT INTO `games` VALUES (2018120206,'2018-12-02 01:00:00',0,2,0,3,0,13,'REG');
INSERT INTO `games` VALUES (2018120207,'2018-12-02 01:00:00',0,18,0,24,0,13,'REG');
INSERT INTO `games` VALUES (2018120208,'2018-12-02 01:00:00',0,5,0,16,0,13,'REG');
INSERT INTO `games` VALUES (2018120209,'2018-12-02 01:00:00',0,26,0,28,0,13,'REG');
INSERT INTO `games` VALUES (2018120210,'2018-12-02 04:05:00',0,13,0,14,0,13,'REG');
INSERT INTO `games` VALUES (2018120211,'2018-12-02 04:05:00',0,10,0,4,0,13,'REG');
INSERT INTO `games` VALUES (2018120212,'2018-12-02 04:25:00',0,1,0,23,0,13,'REG');
INSERT INTO `games` VALUES (2018120213,'2018-12-02 08:20:00',0,29,0,32,0,13,'REG');
INSERT INTO `games` VALUES (2018120300,'2018-12-03 08:15:00',0,20,0,19,0,13,'REG');
INSERT INTO `games` VALUES (2018120600,'2018-12-06 08:20:00',0,10,0,12,0,14,'REG');
INSERT INTO `games` VALUES (2018120900,'2018-12-09 01:00:00',0,3,0,4,0,14,'REG');
INSERT INTO `games` VALUES (2018120901,'2018-12-09 01:00:00',0,24,0,31,0,14,'REG');
INSERT INTO `games` VALUES (2018120902,'2018-12-09 01:00:00',0,8,0,28,0,14,'REG');
INSERT INTO `games` VALUES (2018120903,'2018-12-09 01:00:00',0,21,0,25,0,14,'REG');
INSERT INTO `games` VALUES (2018120904,'2018-12-09 01:00:00',0,9,0,11,0,14,'REG');
INSERT INTO `games` VALUES (2018120905,'2018-12-09 01:00:00',0,14,0,6,0,14,'REG');
INSERT INTO `games` VALUES (2018120906,'2018-12-09 01:00:00',0,2,0,1,0,14,'REG');
INSERT INTO `games` VALUES (2018120907,'2018-12-09 01:00:00',0,26,0,27,0,14,'REG');
INSERT INTO `games` VALUES (2018120908,'2018-12-09 01:00:00',0,19,0,18,0,14,'REG');
INSERT INTO `games` VALUES (2018120909,'2018-12-09 04:05:00',0,16,0,7,0,14,'REG');
INSERT INTO `games` VALUES (2018120910,'2018-12-09 04:05:00',0,32,0,15,0,14,'REG');
INSERT INTO `games` VALUES (2018120911,'2018-12-09 04:25:00',0,30,0,22,0,14,'REG');
INSERT INTO `games` VALUES (2018120912,'2018-12-09 04:25:00',0,17,0,20,0,14,'REG');
INSERT INTO `games` VALUES (2018120913,'2018-12-09 08:20:00',0,13,0,5,0,14,'REG');
INSERT INTO `games` VALUES (2018121000,'2018-12-10 08:15:00',0,29,0,23,0,14,'REG');
INSERT INTO `games` VALUES (2018121300,'2018-12-13 08:20:00',0,14,0,16,0,15,'REG');
INSERT INTO `games` VALUES (2018121500,'2018-12-15 04:30:00',0,4,0,9,0,15,'REG');
INSERT INTO `games` VALUES (2018121501,'2018-12-15 04:30:00',0,15,0,8,0,15,'REG');
INSERT INTO `games` VALUES (2018121600,'2018-12-16 01:00:00',0,25,0,30,0,15,'REG');
INSERT INTO `games` VALUES (2018121601,'2018-12-16 01:00:00',0,6,0,26,0,15,'REG');
INSERT INTO `games` VALUES (2018121602,'2018-12-16 01:00:00',0,3,0,22,0,15,'REG');
INSERT INTO `games` VALUES (2018121603,'2018-12-16 01:00:00',0,24,0,21,0,15,'REG');
INSERT INTO `games` VALUES (2018121604,'2018-12-16 01:00:00',0,7,0,13,0,15,'REG');
INSERT INTO `games` VALUES (2018121605,'2018-12-16 01:00:00',0,11,0,17,0,15,'REG');
INSERT INTO `games` VALUES (2018121606,'2018-12-16 01:00:00',0,12,0,19,0,15,'REG');
INSERT INTO `games` VALUES (2018121607,'2018-12-16 01:00:00',0,23,0,2,0,15,'REG');
INSERT INTO `games` VALUES (2018121608,'2018-12-16 01:00:00',0,18,0,10,0,15,'REG');
INSERT INTO `games` VALUES (2018121609,'2018-12-16 04:05:00',0,32,0,29,0,15,'REG');
INSERT INTO `games` VALUES (2018121610,'2018-12-16 04:25:00',0,5,0,1,0,15,'REG');
INSERT INTO `games` VALUES (2018121611,'2018-12-16 08:20:00',0,31,0,20,0,15,'REG');
INSERT INTO `games` VALUES (2018121700,'2018-12-17 08:15:00',0,28,0,27,0,15,'REG');
INSERT INTO `games` VALUES (2018122300,'2018-12-23 01:00:00',0,11,0,18,0,16,'REG');
INSERT INTO `games` VALUES (2018122301,'2018-12-23 04:05:00',0,16,0,6,0,16,'REG');
INSERT INTO `games` VALUES (2018122302,'2018-12-23 01:00:00',0,2,0,12,0,16,'REG');
INSERT INTO `games` VALUES (2018122303,'2018-12-23 01:00:00',0,10,0,19,0,16,'REG');
INSERT INTO `games` VALUES (2018122304,'2018-12-23 01:00:00',0,28,0,25,0,16,'REG');
INSERT INTO `games` VALUES (2018122305,'2018-12-23 01:00:00',0,8,0,7,0,16,'REG');
INSERT INTO `games` VALUES (2018122306,'2018-12-23 01:00:00',0,17,0,26,0,16,'REG');
INSERT INTO `games` VALUES (2018122307,'2018-12-23 01:00:00',0,22,0,23,0,16,'REG');
INSERT INTO `games` VALUES (2018122308,'2018-12-23 01:00:00',0,1,0,3,0,16,'REG');
INSERT INTO `games` VALUES (2018122309,'2018-12-23 01:00:00',0,4,0,21,0,16,'REG');
INSERT INTO `games` VALUES (2018122310,'2018-12-23 01:00:00',0,20,0,9,0,16,'REG');
INSERT INTO `games` VALUES (2018122311,'2018-12-23 04:05:00',0,30,0,31,0,16,'REG');
INSERT INTO `games` VALUES (2018122312,'2018-12-23 04:05:00',0,32,0,24,0,16,'REG');
INSERT INTO `games` VALUES (2018122313,'2018-12-23 04:25:00',0,27,0,5,0,16,'REG');
INSERT INTO `games` VALUES (2018122314,'2018-12-23 08:20:00',0,29,0,14,0,16,'REG');
INSERT INTO `games` VALUES (2018122400,'2018-12-24 08:15:00',0,13,0,15,0,16,'REG');
INSERT INTO `games` VALUES (2018123000,'2018-12-30 01:00:00',0,6,0,8,0,17,'REG');
INSERT INTO `games` VALUES (2018123001,'2018-12-30 01:00:00',0,3,0,2,0,17,'REG');
INSERT INTO `games` VALUES (2018123002,'2018-12-30 01:00:00',0,21,0,22,0,17,'REG');
INSERT INTO `games` VALUES (2018123003,'2018-12-30 01:00:00',0,9,0,12,0,17,'REG');
INSERT INTO `games` VALUES (2018123004,'2018-12-30 01:00:00',0,14,0,13,0,17,'REG');
INSERT INTO `games` VALUES (2018123005,'2018-12-30 01:00:00',0,23,0,24,0,17,'REG');
INSERT INTO `games` VALUES (2018123006,'2018-12-30 01:00:00',0,1,0,4,0,17,'REG');
INSERT INTO `games` VALUES (2018123007,'2018-12-30 01:00:00',0,27,0,28,0,17,'REG');
INSERT INTO `games` VALUES (2018123008,'2018-12-30 01:00:00',0,18,0,17,0,17,'REG');
INSERT INTO `games` VALUES (2018123009,'2018-12-30 01:00:00',0,5,0,7,0,17,'REG');
INSERT INTO `games` VALUES (2018123010,'2018-12-30 01:00:00',0,26,0,25,0,17,'REG');
INSERT INTO `games` VALUES (2018123011,'2018-12-30 01:00:00',0,10,0,11,0,17,'REG');
INSERT INTO `games` VALUES (2018123012,'2018-12-30 01:00:00',0,19,0,20,0,17,'REG');
INSERT INTO `games` VALUES (2018123013,'2018-12-30 04:25:00',0,15,0,16,0,17,'REG');
INSERT INTO `games` VALUES (2018123014,'2018-12-30 04:25:00',0,31,0,32,0,17,'REG');
INSERT INTO `games` VALUES (2018123015,'2018-12-30 04:25:00',0,29,0,30,0,17,'REG');
/*!40000 ALTER TABLE `games` ENABLE KEYS */;
UNLOCK TABLES;
DROP TABLE IF EXISTS `predictions`;
/*!40101 SET @saved_cs_client     = @@character_set_client */;
/*!40101 SET character_set_client = utf8 */;
CREATE TABLE `predictions` (
  `prediction_id` int(11) NOT NULL AUTO_INCREMENT,
  `user_id` int(11) NOT NULL,
  `game_id` int(11) NOT NULL,
  `predicted` tinyint(1) NOT NULL,
  `home_team_predicted` tinyint(1) DEFAULT NULL,
  PRIMARY KEY (`prediction_id`),
  KEY `user_id` (`user_id`),
  KEY `game_id` (`game_id`),
  CONSTRAINT `predictions_ibfk_1` FOREIGN KEY (`user_id`) REFERENCES `user` (`user_id`),
  CONSTRAINT `predictions_ibfk_2` FOREIGN KEY (`game_id`) REFERENCES `games` (`game_id`)
) ENGINE=InnoDB AUTO_INCREMENT=13179 DEFAULT CHARSET=utf8;
/*!40101 SET character_set_client = @saved_cs_client */;

LOCK TABLES `predictions` WRITE;
/*!40000 ALTER TABLE `predictions` DISABLE KEYS */;
INSERT INTO `predictions` VALUES (10879,30,2018090600,0,0);
INSERT INTO `predictions` VALUES (10880,30,2018090900,0,0);
INSERT INTO `predictions` VALUES (10881,30,2018090901,0,0);
INSERT INTO `predictions` VALUES (10882,30,2018090902,0,0);
INSERT INTO `predictions` VALUES (10883,30,2018090903,0,0);
INSERT INTO `predictions` VALUES (10884,30,2018090904,0,0);
INSERT INTO `predictions` VALUES (10885,30,2018090905,0,0);
INSERT INTO `predictions` VALUES (10886,30,2018090906,0,0);
INSERT INTO `predictions` VALUES (10887,30,2018090907,0,0);
INSERT INTO `predictions` VALUES (10888,30,2018090908,0,0);
INSERT INTO `predictions` VALUES (10889,30,2018090909,0,0);
INSERT INTO `predictions` VALUES (10890,30,2018090910,0,0);
INSERT INTO `predictions` VALUES (10891,30,2018090911,0,0);
INSERT INTO `predictions` VALUES (10892,30,2018090912,0,0);
INSERT INTO `predictions` VALUES (10893,30,2018091000,0,0);
INSERT INTO `predictions` VALUES (10894,30,2018091001,0,0);
INSERT INTO `predictions` VALUES (10895,30,2018091300,0,0);
INSERT INTO `predictions` VALUES (10896,30,2018091600,0,0);
INSERT INTO `predictions` VALUES (10897,30,2018091601,0,0);
INSERT INTO `predictions` VALUES (10898,30,2018091602,0,0);
INSERT INTO `predictions` VALUES (10899,30,2018091603,0,0);
INSERT INTO `predictions` VALUES (10900,30,2018091604,0,0);
INSERT INTO `predictions` VALUES (10901,30,2018091605,0,0);
INSERT INTO `predictions` VALUES (10902,30,2018091606,0,0);
INSERT INTO `predictions` VALUES (10903,30,2018091607,0,0);
INSERT INTO `predictions` VALUES (10904,30,2018091608,0,0);
INSERT INTO `predictions` VALUES (10905,30,2018091609,0,0);
INSERT INTO `predictions` VALUES (10906,30,2018091610,0,0);
INSERT INTO `predictions` VALUES (10907,30,2018091611,0,0);
INSERT INTO `predictions` VALUES (10908,30,2018091612,0,0);
INSERT INTO `predictions` VALUES (10909,30,2018091613,0,0);
INSERT INTO `predictions` VALUES (10910,30,2018091700,0,0);
INSERT INTO `predictions` VALUES (10911,30,2018092000,0,0);
INSERT INTO `predictions` VALUES (10912,30,2018092300,0,0);
INSERT INTO `predictions` VALUES (10913,30,2018092301,0,0);
INSERT INTO `predictions` VALUES (10914,30,2018092302,0,0);
INSERT INTO `predictions` VALUES (10915,30,2018092303,0,0);
INSERT INTO `predictions` VALUES (10916,30,2018092304,0,0);
INSERT INTO `predictions` VALUES (10917,30,2018092305,0,0);
INSERT INTO `predictions` VALUES (10918,30,2018092306,0,0);
INSERT INTO `predictions` VALUES (10919,30,2018092307,0,0);
INSERT INTO `predictions` VALUES (10920,30,2018092308,0,0);
INSERT INTO `predictions` VALUES (10921,30,2018092309,0,0);
INSERT INTO `predictions` VALUES (10922,30,2018092310,0,0);
INSERT INTO `predictions` VALUES (10923,30,2018092311,0,0);
INSERT INTO `predictions` VALUES (10924,30,2018092312,0,0);
INSERT INTO `predictions` VALUES (10925,30,2018092313,0,0);
INSERT INTO `predictions` VALUES (10926,30,2018092400,0,0);
INSERT INTO `predictions` VALUES (10927,30,2018092700,0,0);
INSERT INTO `predictions` VALUES (10928,30,2018093000,0,0);
INSERT INTO `predictions` VALUES (10929,30,2018093001,0,0);
INSERT INTO `predictions` VALUES (10930,30,2018093002,0,0);
INSERT INTO `predictions` VALUES (10931,30,2018093003,0,0);
INSERT INTO `predictions` VALUES (10932,30,2018093004,0,0);
INSERT INTO `predictions` VALUES (10933,30,2018093005,0,0);
INSERT INTO `predictions` VALUES (10934,30,2018093006,0,0);
INSERT INTO `predictions` VALUES (10935,30,2018093007,0,0);
INSERT INTO `predictions` VALUES (10936,30,2018093008,0,0);
INSERT INTO `predictions` VALUES (10937,30,2018093009,0,0);
INSERT INTO `predictions` VALUES (10938,30,2018093010,0,0);
INSERT INTO `predictions` VALUES (10939,30,2018093011,0,0);
INSERT INTO `predictions` VALUES (10940,30,2018093012,0,0);
INSERT INTO `predictions` VALUES (10941,30,2018100100,0,0);
INSERT INTO `predictions` VALUES (10942,30,2018100400,0,0);
INSERT INTO `predictions` VALUES (10943,30,2018100700,0,0);
INSERT INTO `predictions` VALUES (10944,30,2018100701,0,0);
INSERT INTO `predictions` VALUES (10945,30,2018100702,0,0);
INSERT INTO `predictions` VALUES (10946,30,2018100703,0,0);
INSERT INTO `predictions` VALUES (10947,30,2018100704,0,0);
INSERT INTO `predictions` VALUES (10948,30,2018100705,0,0);
INSERT INTO `predictions` VALUES (10949,30,2018100706,0,0);
INSERT INTO `predictions` VALUES (10950,30,2018100707,0,0);
INSERT INTO `predictions` VALUES (10951,30,2018100708,0,0);
INSERT INTO `predictions` VALUES (10952,30,2018100709,0,0);
INSERT INTO `predictions` VALUES (10953,30,2018100710,0,0);
INSERT INTO `predictions` VALUES (10954,30,2018100711,0,0);
INSERT INTO `predictions` VALUES (10955,30,2018100712,0,0);
INSERT INTO `predictions` VALUES (10956,30,2018100800,0,0);
INSERT INTO `predictions` VALUES (10957,30,2018101100,0,0);
INSERT INTO `predictions` VALUES (10958,30,2018101400,0,0);
INSERT INTO `predictions` VALUES (10959,30,2018101401,0,0);
INSERT INTO `predictions` VALUES (10960,30,2018101402,0,0);
INSERT INTO `predictions` VALUES (10961,30,2018101403,0,0);
INSERT INTO `predictions` VALUES (10962,30,2018101404,0,0);
INSERT INTO `predictions` VALUES (10963,30,2018101405,0,0);
INSERT INTO `predictions` VALUES (10964,30,2018101406,0,0);
INSERT INTO `predictions` VALUES (10965,30,2018101407,0,0);
INSERT INTO `predictions` VALUES (10966,30,2018101408,0,0);
INSERT INTO `predictions` VALUES (10967,30,2018101409,0,0);
INSERT INTO `predictions` VALUES (10968,30,2018101410,0,0);
INSERT INTO `predictions` VALUES (10969,30,2018101411,0,0);
INSERT INTO `predictions` VALUES (10970,30,2018101412,0,0);
INSERT INTO `predictions` VALUES (10971,30,2018101500,0,0);
INSERT INTO `predictions` VALUES (10972,30,2018101800,0,0);
INSERT INTO `predictions` VALUES (10973,30,2018102100,0,0);
INSERT INTO `predictions` VALUES (10974,30,2018102101,0,0);
INSERT INTO `predictions` VALUES (10975,30,2018102102,0,0);
INSERT INTO `predictions` VALUES (10976,30,2018102103,0,0);
INSERT INTO `predictions` VALUES (10977,30,2018102104,0,0);
INSERT INTO `predictions` VALUES (10978,30,2018102105,0,0);
INSERT INTO `predictions` VALUES (10979,30,2018102106,0,0);
INSERT INTO `predictions` VALUES (10980,30,2018102107,0,0);
INSERT INTO `predictions` VALUES (10981,30,2018102108,0,0);
INSERT INTO `predictions` VALUES (10982,30,2018102109,0,0);
INSERT INTO `predictions` VALUES (10983,30,2018102110,0,0);
INSERT INTO `predictions` VALUES (10984,30,2018102111,0,0);
INSERT INTO `predictions` VALUES (10985,30,2018102200,0,0);
INSERT INTO `predictions` VALUES (10986,30,2018102500,0,0);
INSERT INTO `predictions` VALUES (10987,30,2018102800,0,0);
INSERT INTO `predictions` VALUES (10988,30,2018102801,0,0);
INSERT INTO `predictions` VALUES (10989,30,2018102802,0,0);
INSERT INTO `predictions` VALUES (10990,30,2018102803,0,0);
INSERT INTO `predictions` VALUES (10991,30,2018102804,0,0);
INSERT INTO `predictions` VALUES (10992,30,2018102805,0,0);
INSERT INTO `predictions` VALUES (10993,30,2018102806,0,0);
INSERT INTO `predictions` VALUES (10994,30,2018102807,0,0);
INSERT INTO `predictions` VALUES (10995,30,2018102808,0,0);
INSERT INTO `predictions` VALUES (10996,30,2018102809,0,0);
INSERT INTO `predictions` VALUES (10997,30,2018102810,0,0);
INSERT INTO `predictions` VALUES (10998,30,2018102811,0,0);
INSERT INTO `predictions` VALUES (10999,30,2018102900,0,0);
INSERT INTO `predictions` VALUES (11000,30,2018110100,0,0);
INSERT INTO `predictions` VALUES (11001,30,2018110400,0,0);
INSERT INTO `predictions` VALUES (11002,30,2018110401,0,0);
INSERT INTO `predictions` VALUES (11003,30,2018110402,0,0);
INSERT INTO `predictions` VALUES (11004,30,2018110403,0,0);
INSERT INTO `predictions` VALUES (11005,30,2018110404,0,0);
INSERT INTO `predictions` VALUES (11006,30,2018110405,0,0);
INSERT INTO `predictions` VALUES (11007,30,2018110406,0,0);
INSERT INTO `predictions` VALUES (11008,30,2018110407,0,0);
INSERT INTO `predictions` VALUES (11009,30,2018110408,0,0);
INSERT INTO `predictions` VALUES (11010,30,2018110409,0,0);
INSERT INTO `predictions` VALUES (11011,30,2018110410,0,0);
INSERT INTO `predictions` VALUES (11012,30,2018110500,0,0);
INSERT INTO `predictions` VALUES (11013,30,2018110800,0,0);
INSERT INTO `predictions` VALUES (11014,30,2018111100,0,0);
INSERT INTO `predictions` VALUES (11015,30,2018111101,0,0);
INSERT INTO `predictions` VALUES (11016,30,2018111102,0,0);
INSERT INTO `predictions` VALUES (11017,30,2018111103,0,0);
INSERT INTO `predictions` VALUES (11018,30,2018111104,0,0);
INSERT INTO `predictions` VALUES (11019,30,2018111105,0,0);
INSERT INTO `predictions` VALUES (11020,30,2018111106,0,0);
INSERT INTO `predictions` VALUES (11021,30,2018111107,0,0);
INSERT INTO `predictions` VALUES (11022,30,2018111108,0,0);
INSERT INTO `predictions` VALUES (11023,30,2018111109,0,0);
INSERT INTO `predictions` VALUES (11024,30,2018111110,0,0);
INSERT INTO `predictions` VALUES (11025,30,2018111111,0,0);
INSERT INTO `predictions` VALUES (11026,30,2018111200,0,0);
INSERT INTO `predictions` VALUES (11027,30,2018111500,0,0);
INSERT INTO `predictions` VALUES (11028,30,2018111800,0,0);
INSERT INTO `predictions` VALUES (11029,30,2018111801,0,0);
INSERT INTO `predictions` VALUES (11030,30,2018111802,0,0);
INSERT INTO `predictions` VALUES (11031,30,2018111803,0,0);
INSERT INTO `predictions` VALUES (11032,30,2018111804,0,0);
INSERT INTO `predictions` VALUES (11033,30,2018111805,0,0);
INSERT INTO `predictions` VALUES (11034,30,2018111806,0,0);
INSERT INTO `predictions` VALUES (11035,30,2018111807,0,0);
INSERT INTO `predictions` VALUES (11036,30,2018111808,0,0);
INSERT INTO `predictions` VALUES (11037,30,2018111809,0,0);
INSERT INTO `predictions` VALUES (11038,30,2018111810,0,0);
INSERT INTO `predictions` VALUES (11039,30,2018111900,0,0);
INSERT INTO `predictions` VALUES (11040,30,2018112200,0,0);
INSERT INTO `predictions` VALUES (11041,30,2018112201,0,0);
INSERT INTO `predictions` VALUES (11042,30,2018112202,0,0);
INSERT INTO `predictions` VALUES (11043,30,2018112500,0,0);
INSERT INTO `predictions` VALUES (11044,30,2018112501,0,0);
INSERT INTO `predictions` VALUES (11045,30,2018112502,0,0);
INSERT INTO `predictions` VALUES (11046,30,2018112503,0,0);
INSERT INTO `predictions` VALUES (11047,30,2018112504,0,0);
INSERT INTO `predictions` VALUES (11048,30,2018112505,0,0);
INSERT INTO `predictions` VALUES (11049,30,2018112506,0,0);
INSERT INTO `predictions` VALUES (11050,30,2018112507,0,0);
INSERT INTO `predictions` VALUES (11051,30,2018112508,0,0);
INSERT INTO `predictions` VALUES (11052,30,2018112509,0,0);
INSERT INTO `predictions` VALUES (11053,30,2018112510,0,0);
INSERT INTO `predictions` VALUES (11054,30,2018112600,0,0);
INSERT INTO `predictions` VALUES (11055,30,2018112900,0,0);
INSERT INTO `predictions` VALUES (11056,30,2018120200,0,0);
INSERT INTO `predictions` VALUES (11057,30,2018120201,0,0);
INSERT INTO `predictions` VALUES (11058,30,2018120202,0,0);
INSERT INTO `predictions` VALUES (11059,30,2018120203,0,0);
INSERT INTO `predictions` VALUES (11060,30,2018120204,0,0);
INSERT INTO `predictions` VALUES (11061,30,2018120205,0,0);
INSERT INTO `predictions` VALUES (11062,30,2018120206,0,0);
INSERT INTO `predictions` VALUES (11063,30,2018120207,0,0);
INSERT INTO `predictions` VALUES (11064,30,2018120208,0,0);
INSERT INTO `predictions` VALUES (11065,30,2018120209,0,0);
INSERT INTO `predictions` VALUES (11066,30,2018120210,0,0);
INSERT INTO `predictions` VALUES (11067,30,2018120211,0,0);
INSERT INTO `predictions` VALUES (11068,30,2018120212,0,0);
INSERT INTO `predictions` VALUES (11069,30,2018120213,0,0);
INSERT INTO `predictions` VALUES (11070,30,2018120300,0,0);
INSERT INTO `predictions` VALUES (11071,30,2018120600,0,0);
INSERT INTO `predictions` VALUES (11072,30,2018120900,0,0);
INSERT INTO `predictions` VALUES (11073,30,2018120901,0,0);
INSERT INTO `predictions` VALUES (11074,30,2018120902,0,0);
INSERT INTO `predictions` VALUES (11075,30,2018120903,0,0);
INSERT INTO `predictions` VALUES (11076,30,2018120904,0,0);
INSERT INTO `predictions` VALUES (11077,30,2018120905,0,0);
INSERT INTO `predictions` VALUES (11078,30,2018120906,0,0);
INSERT INTO `predictions` VALUES (11079,30,2018120907,0,0);
INSERT INTO `predictions` VALUES (11080,30,2018120908,0,0);
INSERT INTO `predictions` VALUES (11081,30,2018120909,0,0);
INSERT INTO `predictions` VALUES (11082,30,2018120910,0,0);
INSERT INTO `predictions` VALUES (11083,30,2018120911,0,0);
INSERT INTO `predictions` VALUES (11084,30,2018120912,0,0);
INSERT INTO `predictions` VALUES (11085,30,2018120913,0,0);
INSERT INTO `predictions` VALUES (11086,30,2018121000,0,0);
INSERT INTO `predictions` VALUES (11087,30,2018121300,0,0);
INSERT INTO `predictions` VALUES (11088,30,2018121500,0,0);
INSERT INTO `predictions` VALUES (11089,30,2018121501,0,0);
INSERT INTO `predictions` VALUES (11090,30,2018121600,0,0);
INSERT INTO `predictions` VALUES (11091,30,2018121601,0,0);
INSERT INTO `predictions` VALUES (11092,30,2018121602,0,0);
INSERT INTO `predictions` VALUES (11093,30,2018121603,0,0);
INSERT INTO `predictions` VALUES (11094,30,2018121604,0,0);
INSERT INTO `predictions` VALUES (11095,30,2018121605,0,0);
INSERT INTO `predictions` VALUES (11096,30,2018121606,0,0);
INSERT INTO `predictions` VALUES (11097,30,2018121607,0,0);
INSERT INTO `predictions` VALUES (11098,30,2018121608,0,0);
INSERT INTO `predictions` VALUES (11099,30,2018121609,0,0);
INSERT INTO `predictions` VALUES (11100,30,2018121610,0,0);
INSERT INTO `predictions` VALUES (11101,30,2018121611,0,0);
INSERT INTO `predictions` VALUES (11102,30,2018121700,0,0);
INSERT INTO `predictions` VALUES (11103,30,2018122300,0,0);
INSERT INTO `predictions` VALUES (11104,30,2018122301,0,0);
INSERT INTO `predictions` VALUES (11105,30,2018122302,0,0);
INSERT INTO `predictions` VALUES (11106,30,2018122303,0,0);
INSERT INTO `predictions` VALUES (11107,30,2018122304,0,0);
INSERT INTO `predictions` VALUES (11108,30,2018122305,0,0);
INSERT INTO `predictions` VALUES (11109,30,2018122306,0,0);
INSERT INTO `predictions` VALUES (11110,30,2018122307,0,0);
INSERT INTO `predictions` VALUES (11111,30,2018122308,0,0);
INSERT INTO `predictions` VALUES (11112,30,2018122309,0,0);
INSERT INTO `predictions` VALUES (11113,30,2018122310,0,0);
INSERT INTO `predictions` VALUES (11114,30,2018122311,0,0);
INSERT INTO `predictions` VALUES (11115,30,2018122312,0,0);
INSERT INTO `predictions` VALUES (11116,30,2018122313,0,0);
INSERT INTO `predictions` VALUES (11117,30,2018122314,0,0);
INSERT INTO `predictions` VALUES (11118,30,2018122400,0,0);
INSERT INTO `predictions` VALUES (11119,30,2018123000,0,0);
INSERT INTO `predictions` VALUES (11120,30,2018123001,0,0);
INSERT INTO `predictions` VALUES (11121,30,2018123002,0,0);
INSERT INTO `predictions` VALUES (11122,30,2018123003,0,0);
INSERT INTO `predictions` VALUES (11123,30,2018123004,0,0);
INSERT INTO `predictions` VALUES (11124,30,2018123005,0,0);
INSERT INTO `predictions` VALUES (11125,30,2018123006,0,0);
INSERT INTO `predictions` VALUES (11126,30,2018123007,0,0);
INSERT INTO `predictions` VALUES (11127,30,2018123008,0,0);
INSERT INTO `predictions` VALUES (11128,30,2018123009,0,0);
INSERT INTO `predictions` VALUES (11129,30,2018123010,0,0);
INSERT INTO `predictions` VALUES (11130,30,2018123011,0,0);
INSERT INTO `predictions` VALUES (11131,30,2018123012,0,0);
INSERT INTO `predictions` VALUES (11132,30,2018123013,0,0);
INSERT INTO `predictions` VALUES (11133,30,2018123014,0,0);
INSERT INTO `predictions` VALUES (11134,30,2018123015,0,0);
INSERT INTO `predictions` VALUES (11390,31,2018090600,0,0);
INSERT INTO `predictions` VALUES (11391,31,2018090900,0,0);
INSERT INTO `predictions` VALUES (11392,31,2018090901,0,0);
INSERT INTO `predictions` VALUES (11393,31,2018090902,0,0);
INSERT INTO `predictions` VALUES (11394,31,2018090903,0,0);
INSERT INTO `predictions` VALUES (11395,31,2018090904,0,0);
INSERT INTO `predictions` VALUES (11396,31,2018090905,0,0);
INSERT INTO `predictions` VALUES (11397,31,2018090906,0,0);
INSERT INTO `predictions` VALUES (11398,31,2018090907,0,0);
INSERT INTO `predictions` VALUES (11399,31,2018090908,0,0);
INSERT INTO `predictions` VALUES (11400,31,2018090909,0,0);
INSERT INTO `predictions` VALUES (11401,31,2018090910,0,0);
INSERT INTO `predictions` VALUES (11402,31,2018090911,0,0);
INSERT INTO `predictions` VALUES (11403,31,2018090912,0,0);
INSERT INTO `predictions` VALUES (11404,31,2018091000,0,0);
INSERT INTO `predictions` VALUES (11405,31,2018091001,0,0);
INSERT INTO `predictions` VALUES (11406,31,2018091300,0,0);
INSERT INTO `predictions` VALUES (11407,31,2018091600,0,0);
INSERT INTO `predictions` VALUES (11408,31,2018091601,0,0);
INSERT INTO `predictions` VALUES (11409,31,2018091602,0,0);
INSERT INTO `predictions` VALUES (11410,31,2018091603,0,0);
INSERT INTO `predictions` VALUES (11411,31,2018091604,0,0);
INSERT INTO `predictions` VALUES (11412,31,2018091605,0,0);
INSERT INTO `predictions` VALUES (11413,31,2018091606,0,0);
INSERT INTO `predictions` VALUES (11414,31,2018091607,0,0);
INSERT INTO `predictions` VALUES (11415,31,2018091608,0,0);
INSERT INTO `predictions` VALUES (11416,31,2018091609,0,0);
INSERT INTO `predictions` VALUES (11417,31,2018091610,0,0);
INSERT INTO `predictions` VALUES (11418,31,2018091611,0,0);
INSERT INTO `predictions` VALUES (11419,31,2018091612,0,0);
INSERT INTO `predictions` VALUES (11420,31,2018091613,0,0);
INSERT INTO `predictions` VALUES (11421,31,2018091700,0,0);
INSERT INTO `predictions` VALUES (11422,31,2018092000,0,0);
INSERT INTO `predictions` VALUES (11423,31,2018092300,0,0);
INSERT INTO `predictions` VALUES (11424,31,2018092301,0,0);
INSERT INTO `predictions` VALUES (11425,31,2018092302,0,0);
INSERT INTO `predictions` VALUES (11426,31,2018092303,0,0);
INSERT INTO `predictions` VALUES (11427,31,2018092304,0,0);
INSERT INTO `predictions` VALUES (11428,31,2018092305,0,0);
INSERT INTO `predictions` VALUES (11429,31,2018092306,0,0);
INSERT INTO `predictions` VALUES (11430,31,2018092307,0,0);
INSERT INTO `predictions` VALUES (11431,31,2018092308,0,0);
INSERT INTO `predictions` VALUES (11432,31,2018092309,0,0);
INSERT INTO `predictions` VALUES (11433,31,2018092310,0,0);
INSERT INTO `predictions` VALUES (11434,31,2018092311,0,0);
INSERT INTO `predictions` VALUES (11435,31,2018092312,0,0);
INSERT INTO `predictions` VALUES (11436,31,2018092313,0,0);
INSERT INTO `predictions` VALUES (11437,31,2018092400,0,0);
INSERT INTO `predictions` VALUES (11438,31,2018092700,0,0);
INSERT INTO `predictions` VALUES (11439,31,2018093000,0,0);
INSERT INTO `predictions` VALUES (11440,31,2018093001,0,0);
INSERT INTO `predictions` VALUES (11441,31,2018093002,0,0);
INSERT INTO `predictions` VALUES (11442,31,2018093003,0,0);
INSERT INTO `predictions` VALUES (11443,31,2018093004,0,0);
INSERT INTO `predictions` VALUES (11444,31,2018093005,0,0);
INSERT INTO `predictions` VALUES (11445,31,2018093006,0,0);
INSERT INTO `predictions` VALUES (11446,31,2018093007,0,0);
INSERT INTO `predictions` VALUES (11447,31,2018093008,0,0);
INSERT INTO `predictions` VALUES (11448,31,2018093009,0,0);
INSERT INTO `predictions` VALUES (11449,31,2018093010,0,0);
INSERT INTO `predictions` VALUES (11450,31,2018093011,0,0);
INSERT INTO `predictions` VALUES (11451,31,2018093012,0,0);
INSERT INTO `predictions` VALUES (11452,31,2018100100,0,0);
INSERT INTO `predictions` VALUES (11453,31,2018100400,0,0);
INSERT INTO `predictions` VALUES (11454,31,2018100700,0,0);
INSERT INTO `predictions` VALUES (11455,31,2018100701,0,0);
INSERT INTO `predictions` VALUES (11456,31,2018100702,0,0);
INSERT INTO `predictions` VALUES (11457,31,2018100703,0,0);
INSERT INTO `predictions` VALUES (11458,31,2018100704,0,0);
INSERT INTO `predictions` VALUES (11459,31,2018100705,0,0);
INSERT INTO `predictions` VALUES (11460,31,2018100706,0,0);
INSERT INTO `predictions` VALUES (11461,31,2018100707,0,0);
INSERT INTO `predictions` VALUES (11462,31,2018100708,0,0);
INSERT INTO `predictions` VALUES (11463,31,2018100709,0,0);
INSERT INTO `predictions` VALUES (11464,31,2018100710,0,0);
INSERT INTO `predictions` VALUES (11465,31,2018100711,0,0);
INSERT INTO `predictions` VALUES (11466,31,2018100712,0,0);
INSERT INTO `predictions` VALUES (11467,31,2018100800,0,0);
INSERT INTO `predictions` VALUES (11468,31,2018101100,0,0);
INSERT INTO `predictions` VALUES (11469,31,2018101400,0,0);
INSERT INTO `predictions` VALUES (11470,31,2018101401,0,0);
INSERT INTO `predictions` VALUES (11471,31,2018101402,0,0);
INSERT INTO `predictions` VALUES (11472,31,2018101403,0,0);
INSERT INTO `predictions` VALUES (11473,31,2018101404,0,0);
INSERT INTO `predictions` VALUES (11474,31,2018101405,0,0);
INSERT INTO `predictions` VALUES (11475,31,2018101406,0,0);
INSERT INTO `predictions` VALUES (11476,31,2018101407,0,0);
INSERT INTO `predictions` VALUES (11477,31,2018101408,0,0);
INSERT INTO `predictions` VALUES (11478,31,2018101409,0,0);
INSERT INTO `predictions` VALUES (11479,31,2018101410,0,0);
INSERT INTO `predictions` VALUES (11480,31,2018101411,0,0);
INSERT INTO `predictions` VALUES (11481,31,2018101412,0,0);
INSERT INTO `predictions` VALUES (11482,31,2018101500,0,0);
INSERT INTO `predictions` VALUES (11483,31,2018101800,0,0);
INSERT INTO `predictions` VALUES (11484,31,2018102100,0,0);
INSERT INTO `predictions` VALUES (11485,31,2018102101,0,0);
INSERT INTO `predictions` VALUES (11486,31,2018102102,0,0);
INSERT INTO `predictions` VALUES (11487,31,2018102103,0,0);
INSERT INTO `predictions` VALUES (11488,31,2018102104,0,0);
INSERT INTO `predictions` VALUES (11489,31,2018102105,0,0);
INSERT INTO `predictions` VALUES (11490,31,2018102106,0,0);
INSERT INTO `predictions` VALUES (11491,31,2018102107,0,0);
INSERT INTO `predictions` VALUES (11492,31,2018102108,0,0);
INSERT INTO `predictions` VALUES (11493,31,2018102109,0,0);
INSERT INTO `predictions` VALUES (11494,31,2018102110,0,0);
INSERT INTO `predictions` VALUES (11495,31,2018102111,0,0);
INSERT INTO `predictions` VALUES (11496,31,2018102200,0,0);
INSERT INTO `predictions` VALUES (11497,31,2018102500,0,0);
INSERT INTO `predictions` VALUES (11498,31,2018102800,0,0);
INSERT INTO `predictions` VALUES (11499,31,2018102801,0,0);
INSERT INTO `predictions` VALUES (11500,31,2018102802,0,0);
INSERT INTO `predictions` VALUES (11501,31,2018102803,0,0);
INSERT INTO `predictions` VALUES (11502,31,2018102804,0,0);
INSERT INTO `predictions` VALUES (11503,31,2018102805,0,0);
INSERT INTO `predictions` VALUES (11504,31,2018102806,0,0);
INSERT INTO `predictions` VALUES (11505,31,2018102807,0,0);
INSERT INTO `predictions` VALUES (11506,31,2018102808,0,0);
INSERT INTO `predictions` VALUES (11507,31,2018102809,0,0);
INSERT INTO `predictions` VALUES (11508,31,2018102810,0,0);
INSERT INTO `predictions` VALUES (11509,31,2018102811,0,0);
INSERT INTO `predictions` VALUES (11510,31,2018102900,0,0);
INSERT INTO `predictions` VALUES (11511,31,2018110100,0,0);
INSERT INTO `predictions` VALUES (11512,31,2018110400,0,0);
INSERT INTO `predictions` VALUES (11513,31,2018110401,0,0);
INSERT INTO `predictions` VALUES (11514,31,2018110402,0,0);
INSERT INTO `predictions` VALUES (11515,31,2018110403,0,0);
INSERT INTO `predictions` VALUES (11516,31,2018110404,0,0);
INSERT INTO `predictions` VALUES (11517,31,2018110405,0,0);
INSERT INTO `predictions` VALUES (11518,31,2018110406,0,0);
INSERT INTO `predictions` VALUES (11519,31,2018110407,0,0);
INSERT INTO `predictions` VALUES (11520,31,2018110408,0,0);
INSERT INTO `predictions` VALUES (11521,31,2018110409,0,0);
INSERT INTO `predictions` VALUES (11522,31,2018110410,0,0);
INSERT INTO `predictions` VALUES (11523,31,2018110500,0,0);
INSERT INTO `predictions` VALUES (11524,31,2018110800,0,0);
INSERT INTO `predictions` VALUES (11525,31,2018111100,0,0);
INSERT INTO `predictions` VALUES (11526,31,2018111101,0,0);
INSERT INTO `predictions` VALUES (11527,31,2018111102,0,0);
INSERT INTO `predictions` VALUES (11528,31,2018111103,0,0);
INSERT INTO `predictions` VALUES (11529,31,2018111104,0,0);
INSERT INTO `predictions` VALUES (11530,31,2018111105,0,0);
INSERT INTO `predictions` VALUES (11531,31,2018111106,0,0);
INSERT INTO `predictions` VALUES (11532,31,2018111107,0,0);
INSERT INTO `predictions` VALUES (11533,31,2018111108,0,0);
INSERT INTO `predictions` VALUES (11534,31,2018111109,0,0);
INSERT INTO `predictions` VALUES (11535,31,2018111110,0,0);
INSERT INTO `predictions` VALUES (11536,31,2018111111,0,0);
INSERT INTO `predictions` VALUES (11537,31,2018111200,0,0);
INSERT INTO `predictions` VALUES (11538,31,2018111500,0,0);
INSERT INTO `predictions` VALUES (11539,31,2018111800,0,0);
INSERT INTO `predictions` VALUES (11540,31,2018111801,0,0);
INSERT INTO `predictions` VALUES (11541,31,2018111802,0,0);
INSERT INTO `predictions` VALUES (11542,31,2018111803,0,0);
INSERT INTO `predictions` VALUES (11543,31,2018111804,0,0);
INSERT INTO `predictions` VALUES (11544,31,2018111805,0,0);
INSERT INTO `predictions` VALUES (11545,31,2018111806,0,0);
INSERT INTO `predictions` VALUES (11546,31,2018111807,0,0);
INSERT INTO `predictions` VALUES (11547,31,2018111808,0,0);
INSERT INTO `predictions` VALUES (11548,31,2018111809,0,0);
INSERT INTO `predictions` VALUES (11549,31,2018111810,0,0);
INSERT INTO `predictions` VALUES (11550,31,2018111900,0,0);
INSERT INTO `predictions` VALUES (11551,31,2018112200,0,0);
INSERT INTO `predictions` VALUES (11552,31,2018112201,0,0);
INSERT INTO `predictions` VALUES (11553,31,2018112202,0,0);
INSERT INTO `predictions` VALUES (11554,31,2018112500,0,0);
INSERT INTO `predictions` VALUES (11555,31,2018112501,0,0);
INSERT INTO `predictions` VALUES (11556,31,2018112502,0,0);
INSERT INTO `predictions` VALUES (11557,31,2018112503,0,0);
INSERT INTO `predictions` VALUES (11558,31,2018112504,0,0);
INSERT INTO `predictions` VALUES (11559,31,2018112505,0,0);
INSERT INTO `predictions` VALUES (11560,31,2018112506,0,0);
INSERT INTO `predictions` VALUES (11561,31,2018112507,0,0);
INSERT INTO `predictions` VALUES (11562,31,2018112508,0,0);
INSERT INTO `predictions` VALUES (11563,31,2018112509,0,0);
INSERT INTO `predictions` VALUES (11564,31,2018112510,0,0);
INSERT INTO `predictions` VALUES (11565,31,2018112600,0,0);
INSERT INTO `predictions` VALUES (11566,31,2018112900,0,0);
INSERT INTO `predictions` VALUES (11567,31,2018120200,0,0);
INSERT INTO `predictions` VALUES (11568,31,2018120201,0,0);
INSERT INTO `predictions` VALUES (11569,31,2018120202,0,0);
INSERT INTO `predictions` VALUES (11570,31,2018120203,0,0);
INSERT INTO `predictions` VALUES (11571,31,2018120204,0,0);
INSERT INTO `predictions` VALUES (11572,31,2018120205,0,0);
INSERT INTO `predictions` VALUES (11573,31,2018120206,0,0);
INSERT INTO `predictions` VALUES (11574,31,2018120207,0,0);
INSERT INTO `predictions` VALUES (11575,31,2018120208,0,0);
INSERT INTO `predictions` VALUES (11576,31,2018120209,0,0);
INSERT INTO `predictions` VALUES (11577,31,2018120210,0,0);
INSERT INTO `predictions` VALUES (11578,31,2018120211,0,0);
INSERT INTO `predictions` VALUES (11579,31,2018120212,0,0);
INSERT INTO `predictions` VALUES (11580,31,2018120213,0,0);
INSERT INTO `predictions` VALUES (11581,31,2018120300,0,0);
INSERT INTO `predictions` VALUES (11582,31,2018120600,0,0);
INSERT INTO `predictions` VALUES (11583,31,2018120900,0,0);
INSERT INTO `predictions` VALUES (11584,31,2018120901,0,0);
INSERT INTO `predictions` VALUES (11585,31,2018120902,0,0);
INSERT INTO `predictions` VALUES (11586,31,2018120903,0,0);
INSERT INTO `predictions` VALUES (11587,31,2018120904,0,0);
INSERT INTO `predictions` VALUES (11588,31,2018120905,0,0);
INSERT INTO `predictions` VALUES (11589,31,2018120906,0,0);
INSERT INTO `predictions` VALUES (11590,31,2018120907,0,0);
INSERT INTO `predictions` VALUES (11591,31,2018120908,0,0);
INSERT INTO `predictions` VALUES (11592,31,2018120909,0,0);
INSERT INTO `predictions` VALUES (11593,31,2018120910,0,0);
INSERT INTO `predictions` VALUES (11594,31,2018120911,0,0);
INSERT INTO `predictions` VALUES (11595,31,2018120912,0,0);
INSERT INTO `predictions` VALUES (11596,31,2018120913,0,0);
INSERT INTO `predictions` VALUES (11597,31,2018121000,0,0);
INSERT INTO `predictions` VALUES (11598,31,2018121300,0,0);
INSERT INTO `predictions` VALUES (11599,31,2018121500,0,0);
INSERT INTO `predictions` VALUES (11600,31,2018121501,0,0);
INSERT INTO `predictions` VALUES (11601,31,2018121600,0,0);
INSERT INTO `predictions` VALUES (11602,31,2018121601,0,0);
INSERT INTO `predictions` VALUES (11603,31,2018121602,0,0);
INSERT INTO `predictions` VALUES (11604,31,2018121603,0,0);
INSERT INTO `predictions` VALUES (11605,31,2018121604,0,0);
INSERT INTO `predictions` VALUES (11606,31,2018121605,0,0);
INSERT INTO `predictions` VALUES (11607,31,2018121606,0,0);
INSERT INTO `predictions` VALUES (11608,31,2018121607,0,0);
INSERT INTO `predictions` VALUES (11609,31,2018121608,0,0);
INSERT INTO `predictions` VALUES (11610,31,2018121609,0,0);
INSERT INTO `predictions` VALUES (11611,31,2018121610,0,0);
INSERT INTO `predictions` VALUES (11612,31,2018121611,0,0);
INSERT INTO `predictions` VALUES (11613,31,2018121700,0,0);
INSERT INTO `predictions` VALUES (11614,31,2018122300,0,0);
INSERT INTO `predictions` VALUES (11615,31,2018122301,0,0);
INSERT INTO `predictions` VALUES (11616,31,2018122302,0,0);
INSERT INTO `predictions` VALUES (11617,31,2018122303,0,0);
INSERT INTO `predictions` VALUES (11618,31,2018122304,0,0);
INSERT INTO `predictions` VALUES (11619,31,2018122305,0,0);
INSERT INTO `predictions` VALUES (11620,31,2018122306,0,0);
INSERT INTO `predictions` VALUES (11621,31,2018122307,0,0);
INSERT INTO `predictions` VALUES (11622,31,2018122308,0,0);
INSERT INTO `predictions` VALUES (11623,31,2018122309,0,0);
INSERT INTO `predictions` VALUES (11624,31,2018122310,0,0);
INSERT INTO `predictions` VALUES (11625,31,2018122311,0,0);
INSERT INTO `predictions` VALUES (11626,31,2018122312,0,0);
INSERT INTO `predictions` VALUES (11627,31,2018122313,0,0);
INSERT INTO `predictions` VALUES (11628,31,2018122314,0,0);
INSERT INTO `predictions` VALUES (11629,31,2018122400,0,0);
INSERT INTO `predictions` VALUES (11630,31,2018123000,0,0);
INSERT INTO `predictions` VALUES (11631,31,2018123001,0,0);
INSERT INTO `predictions` VALUES (11632,31,2018123002,0,0);
INSERT INTO `predictions` VALUES (11633,31,2018123003,0,0);
INSERT INTO `predictions` VALUES (11634,31,2018123004,0,0);
INSERT INTO `predictions` VALUES (11635,31,2018123005,0,0);
INSERT INTO `predictions` VALUES (11636,31,2018123006,0,0);
INSERT INTO `predictions` VALUES (11637,31,2018123007,0,0);
INSERT INTO `predictions` VALUES (11638,31,2018123008,0,0);
INSERT INTO `predictions` VALUES (11639,31,2018123009,0,0);
INSERT INTO `predictions` VALUES (11640,31,2018123010,0,0);
INSERT INTO `predictions` VALUES (11641,31,2018123011,0,0);
INSERT INTO `predictions` VALUES (11642,31,2018123012,0,0);
INSERT INTO `predictions` VALUES (11643,31,2018123013,0,0);
INSERT INTO `predictions` VALUES (11644,31,2018123014,0,0);
INSERT INTO `predictions` VALUES (11645,31,2018123015,0,0);
INSERT INTO `predictions` VALUES (11901,32,2018090600,1,1);
INSERT INTO `predictions` VALUES (11902,32,2018090900,0,0);
INSERT INTO `predictions` VALUES (11903,32,2018090901,0,0);
INSERT INTO `predictions` VALUES (11904,32,2018090902,0,0);
INSERT INTO `predictions` VALUES (11905,32,2018090903,0,0);
INSERT INTO `predictions` VALUES (11906,32,2018090904,0,0);
INSERT INTO `predictions` VALUES (11907,32,2018090905,0,0);
INSERT INTO `predictions` VALUES (11908,32,2018090906,0,0);
INSERT INTO `predictions` VALUES (11909,32,2018090907,0,0);
INSERT INTO `predictions` VALUES (11910,32,2018090908,0,0);
INSERT INTO `predictions` VALUES (11911,32,2018090909,0,0);
INSERT INTO `predictions` VALUES (11912,32,2018090910,0,0);
INSERT INTO `predictions` VALUES (11913,32,2018090911,0,0);
INSERT INTO `predictions` VALUES (11914,32,2018090912,0,0);
INSERT INTO `predictions` VALUES (11915,32,2018091000,0,0);
INSERT INTO `predictions` VALUES (11916,32,2018091001,0,0);
INSERT INTO `predictions` VALUES (11917,32,2018091300,0,0);
INSERT INTO `predictions` VALUES (11918,32,2018091600,0,0);
INSERT INTO `predictions` VALUES (11919,32,2018091601,0,0);
INSERT INTO `predictions` VALUES (11920,32,2018091602,0,0);
INSERT INTO `predictions` VALUES (11921,32,2018091603,0,0);
INSERT INTO `predictions` VALUES (11922,32,2018091604,0,0);
INSERT INTO `predictions` VALUES (11923,32,2018091605,0,0);
INSERT INTO `predictions` VALUES (11924,32,2018091606,0,0);
INSERT INTO `predictions` VALUES (11925,32,2018091607,0,0);
INSERT INTO `predictions` VALUES (11926,32,2018091608,0,0);
INSERT INTO `predictions` VALUES (11927,32,2018091609,0,0);
INSERT INTO `predictions` VALUES (11928,32,2018091610,0,0);
INSERT INTO `predictions` VALUES (11929,32,2018091611,0,0);
INSERT INTO `predictions` VALUES (11930,32,2018091612,0,0);
INSERT INTO `predictions` VALUES (11931,32,2018091613,0,0);
INSERT INTO `predictions` VALUES (11932,32,2018091700,0,0);
INSERT INTO `predictions` VALUES (11933,32,2018092000,0,0);
INSERT INTO `predictions` VALUES (11934,32,2018092300,0,0);
INSERT INTO `predictions` VALUES (11935,32,2018092301,0,0);
INSERT INTO `predictions` VALUES (11936,32,2018092302,0,0);
INSERT INTO `predictions` VALUES (11937,32,2018092303,0,0);
INSERT INTO `predictions` VALUES (11938,32,2018092304,0,0);
INSERT INTO `predictions` VALUES (11939,32,2018092305,0,0);
INSERT INTO `predictions` VALUES (11940,32,2018092306,0,0);
INSERT INTO `predictions` VALUES (11941,32,2018092307,0,0);
INSERT INTO `predictions` VALUES (11942,32,2018092308,0,0);
INSERT INTO `predictions` VALUES (11943,32,2018092309,0,0);
INSERT INTO `predictions` VALUES (11944,32,2018092310,0,0);
INSERT INTO `predictions` VALUES (11945,32,2018092311,0,0);
INSERT INTO `predictions` VALUES (11946,32,2018092312,0,0);
INSERT INTO `predictions` VALUES (11947,32,2018092313,0,0);
INSERT INTO `predictions` VALUES (11948,32,2018092400,0,0);
INSERT INTO `predictions` VALUES (11949,32,2018092700,0,0);
INSERT INTO `predictions` VALUES (11950,32,2018093000,0,0);
INSERT INTO `predictions` VALUES (11951,32,2018093001,0,0);
INSERT INTO `predictions` VALUES (11952,32,2018093002,0,0);
INSERT INTO `predictions` VALUES (11953,32,2018093003,0,0);
INSERT INTO `predictions` VALUES (11954,32,2018093004,0,0);
INSERT INTO `predictions` VALUES (11955,32,2018093005,0,0);
INSERT INTO `predictions` VALUES (11956,32,2018093006,0,0);
INSERT INTO `predictions` VALUES (11957,32,2018093007,0,0);
INSERT INTO `predictions` VALUES (11958,32,2018093008,0,0);
INSERT INTO `predictions` VALUES (11959,32,2018093009,0,0);
INSERT INTO `predictions` VALUES (11960,32,2018093010,0,0);
INSERT INTO `predictions` VALUES (11961,32,2018093011,0,0);
INSERT INTO `predictions` VALUES (11962,32,2018093012,0,0);
INSERT INTO `predictions` VALUES (11963,32,2018100100,0,0);
INSERT INTO `predictions` VALUES (11964,32,2018100400,0,0);
INSERT INTO `predictions` VALUES (11965,32,2018100700,0,0);
INSERT INTO `predictions` VALUES (11966,32,2018100701,0,0);
INSERT INTO `predictions` VALUES (11967,32,2018100702,0,0);
INSERT INTO `predictions` VALUES (11968,32,2018100703,0,0);
INSERT INTO `predictions` VALUES (11969,32,2018100704,0,0);
INSERT INTO `predictions` VALUES (11970,32,2018100705,0,0);
INSERT INTO `predictions` VALUES (11971,32,2018100706,0,0);
INSERT INTO `predictions` VALUES (11972,32,2018100707,0,0);
INSERT INTO `predictions` VALUES (11973,32,2018100708,0,0);
INSERT INTO `predictions` VALUES (11974,32,2018100709,0,0);
INSERT INTO `predictions` VALUES (11975,32,2018100710,0,0);
INSERT INTO `predictions` VALUES (11976,32,2018100711,0,0);
INSERT INTO `predictions` VALUES (11977,32,2018100712,0,0);
INSERT INTO `predictions` VALUES (11978,32,2018100800,0,0);
INSERT INTO `predictions` VALUES (11979,32,2018101100,0,0);
INSERT INTO `predictions` VALUES (11980,32,2018101400,0,0);
INSERT INTO `predictions` VALUES (11981,32,2018101401,0,0);
INSERT INTO `predictions` VALUES (11982,32,2018101402,0,0);
INSERT INTO `predictions` VALUES (11983,32,2018101403,0,0);
INSERT INTO `predictions` VALUES (11984,32,2018101404,0,0);
INSERT INTO `predictions` VALUES (11985,32,2018101405,0,0);
INSERT INTO `predictions` VALUES (11986,32,2018101406,0,0);
INSERT INTO `predictions` VALUES (11987,32,2018101407,0,0);
INSERT INTO `predictions` VALUES (11988,32,2018101408,0,0);
INSERT INTO `predictions` VALUES (11989,32,2018101409,0,0);
INSERT INTO `predictions` VALUES (11990,32,2018101410,0,0);
INSERT INTO `predictions` VALUES (11991,32,2018101411,0,0);
INSERT INTO `predictions` VALUES (11992,32,2018101412,0,0);
INSERT INTO `predictions` VALUES (11993,32,2018101500,0,0);
INSERT INTO `predictions` VALUES (11994,32,2018101800,0,0);
INSERT INTO `predictions` VALUES (11995,32,2018102100,0,0);
INSERT INTO `predictions` VALUES (11996,32,2018102101,0,0);
INSERT INTO `predictions` VALUES (11997,32,2018102102,0,0);
INSERT INTO `predictions` VALUES (11998,32,2018102103,0,0);
INSERT INTO `predictions` VALUES (11999,32,2018102104,0,0);
INSERT INTO `predictions` VALUES (12000,32,2018102105,0,0);
INSERT INTO `predictions` VALUES (12001,32,2018102106,0,0);
INSERT INTO `predictions` VALUES (12002,32,2018102107,0,0);
INSERT INTO `predictions` VALUES (12003,32,2018102108,0,0);
INSERT INTO `predictions` VALUES (12004,32,2018102109,0,0);
INSERT INTO `predictions` VALUES (12005,32,2018102110,0,0);
INSERT INTO `predictions` VALUES (12006,32,2018102111,0,0);
INSERT INTO `predictions` VALUES (12007,32,2018102200,0,0);
INSERT INTO `predictions` VALUES (12008,32,2018102500,0,0);
INSERT INTO `predictions` VALUES (12009,32,2018102800,0,0);
INSERT INTO `predictions` VALUES (12010,32,2018102801,0,0);
INSERT INTO `predictions` VALUES (12011,32,2018102802,0,0);
INSERT INTO `predictions` VALUES (12012,32,2018102803,0,0);
INSERT INTO `predictions` VALUES (12013,32,2018102804,0,0);
INSERT INTO `predictions` VALUES (12014,32,2018102805,0,0);
INSERT INTO `predictions` VALUES (12015,32,2018102806,0,0);
INSERT INTO `predictions` VALUES (12016,32,2018102807,0,0);
INSERT INTO `predictions` VALUES (12017,32,2018102808,0,0);
INSERT INTO `predictions` VALUES (12018,32,2018102809,0,0);
INSERT INTO `predictions` VALUES (12019,32,2018102810,0,0);
INSERT INTO `predictions` VALUES (12020,32,2018102811,0,0);
INSERT INTO `predictions` VALUES (12021,32,2018102900,0,0);
INSERT INTO `predictions` VALUES (12022,32,2018110100,0,0);
INSERT INTO `predictions` VALUES (12023,32,2018110400,0,0);
INSERT INTO `predictions` VALUES (12024,32,2018110401,0,0);
INSERT INTO `predictions` VALUES (12025,32,2018110402,0,0);
INSERT INTO `predictions` VALUES (12026,32,2018110403,0,0);
INSERT INTO `predictions` VALUES (12027,32,2018110404,0,0);
INSERT INTO `predictions` VALUES (12028,32,2018110405,0,0);
INSERT INTO `predictions` VALUES (12029,32,2018110406,0,0);
INSERT INTO `predictions` VALUES (12030,32,2018110407,0,0);
INSERT INTO `predictions` VALUES (12031,32,2018110408,0,0);
INSERT INTO `predictions` VALUES (12032,32,2018110409,0,0);
INSERT INTO `predictions` VALUES (12033,32,2018110410,0,0);
INSERT INTO `predictions` VALUES (12034,32,2018110500,0,0);
INSERT INTO `predictions` VALUES (12035,32,2018110800,0,0);
INSERT INTO `predictions` VALUES (12036,32,2018111100,0,0);
INSERT INTO `predictions` VALUES (12037,32,2018111101,0,0);
INSERT INTO `predictions` VALUES (12038,32,2018111102,0,0);
INSERT INTO `predictions` VALUES (12039,32,2018111103,0,0);
INSERT INTO `predictions` VALUES (12040,32,2018111104,0,0);
INSERT INTO `predictions` VALUES (12041,32,2018111105,0,0);
INSERT INTO `predictions` VALUES (12042,32,2018111106,0,0);
INSERT INTO `predictions` VALUES (12043,32,2018111107,0,0);
INSERT INTO `predictions` VALUES (12044,32,2018111108,0,0);
INSERT INTO `predictions` VALUES (12045,32,2018111109,0,0);
INSERT INTO `predictions` VALUES (12046,32,2018111110,0,0);
INSERT INTO `predictions` VALUES (12047,32,2018111111,0,0);
INSERT INTO `predictions` VALUES (12048,32,2018111200,0,0);
INSERT INTO `predictions` VALUES (12049,32,2018111500,0,0);
INSERT INTO `predictions` VALUES (12050,32,2018111800,0,0);
INSERT INTO `predictions` VALUES (12051,32,2018111801,0,0);
INSERT INTO `predictions` VALUES (12052,32,2018111802,0,0);
INSERT INTO `predictions` VALUES (12053,32,2018111803,0,0);
INSERT INTO `predictions` VALUES (12054,32,2018111804,0,0);
INSERT INTO `predictions` VALUES (12055,32,2018111805,0,0);
INSERT INTO `predictions` VALUES (12056,32,2018111806,0,0);
INSERT INTO `predictions` VALUES (12057,32,2018111807,0,0);
INSERT INTO `predictions` VALUES (12058,32,2018111808,0,0);
INSERT INTO `predictions` VALUES (12059,32,2018111809,0,0);
INSERT INTO `predictions` VALUES (12060,32,2018111810,0,0);
INSERT INTO `predictions` VALUES (12061,32,2018111900,0,0);
INSERT INTO `predictions` VALUES (12062,32,2018112200,0,0);
INSERT INTO `predictions` VALUES (12063,32,2018112201,0,0);
INSERT INTO `predictions` VALUES (12064,32,2018112202,0,0);
INSERT INTO `predictions` VALUES (12065,32,2018112500,0,0);
INSERT INTO `predictions` VALUES (12066,32,2018112501,0,0);
INSERT INTO `predictions` VALUES (12067,32,2018112502,0,0);
INSERT INTO `predictions` VALUES (12068,32,2018112503,0,0);
INSERT INTO `predictions` VALUES (12069,32,2018112504,0,0);
INSERT INTO `predictions` VALUES (12070,32,2018112505,0,0);
INSERT INTO `predictions` VALUES (12071,32,2018112506,0,0);
INSERT INTO `predictions` VALUES (12072,32,2018112507,0,0);
INSERT INTO `predictions` VALUES (12073,32,2018112508,0,0);
INSERT INTO `predictions` VALUES (12074,32,2018112509,0,0);
INSERT INTO `predictions` VALUES (12075,32,2018112510,0,0);
INSERT INTO `predictions` VALUES (12076,32,2018112600,0,0);
INSERT INTO `predictions` VALUES (12077,32,2018112900,0,0);
INSERT INTO `predictions` VALUES (12078,32,2018120200,0,0);
INSERT INTO `predictions` VALUES (12079,32,2018120201,0,0);
INSERT INTO `predictions` VALUES (12080,32,2018120202,0,0);
INSERT INTO `predictions` VALUES (12081,32,2018120203,0,0);
INSERT INTO `predictions` VALUES (12082,32,2018120204,0,0);
INSERT INTO `predictions` VALUES (12083,32,2018120205,0,0);
INSERT INTO `predictions` VALUES (12084,32,2018120206,0,0);
INSERT INTO `predictions` VALUES (12085,32,2018120207,0,0);
INSERT INTO `predictions` VALUES (12086,32,2018120208,0,0);
INSERT INTO `predictions` VALUES (12087,32,2018120209,0,0);
INSERT INTO `predictions` VALUES (12088,32,2018120210,0,0);
INSERT INTO `predictions` VALUES (12089,32,2018120211,0,0);
INSERT INTO `predictions` VALUES (12090,32,2018120212,0,0);
INSERT INTO `predictions` VALUES (12091,32,2018120213,0,0);
INSERT INTO `predictions` VALUES (12092,32,2018120300,0,0);
INSERT INTO `predictions` VALUES (12093,32,2018120600,0,0);
INSERT INTO `predictions` VALUES (12094,32,2018120900,0,0);
INSERT INTO `predictions` VALUES (12095,32,2018120901,0,0);
INSERT INTO `predictions` VALUES (12096,32,2018120902,0,0);
INSERT INTO `predictions` VALUES (12097,32,2018120903,0,0);
INSERT INTO `predictions` VALUES (12098,32,2018120904,0,0);
INSERT INTO `predictions` VALUES (12099,32,2018120905,0,0);
INSERT INTO `predictions` VALUES (12100,32,2018120906,0,0);
INSERT INTO `predictions` VALUES (12101,32,2018120907,0,0);
INSERT INTO `predictions` VALUES (12102,32,2018120908,0,0);
INSERT INTO `predictions` VALUES (12103,32,2018120909,0,0);
INSERT INTO `predictions` VALUES (12104,32,2018120910,0,0);
INSERT INTO `predictions` VALUES (12105,32,2018120911,0,0);
INSERT INTO `predictions` VALUES (12106,32,2018120912,0,0);
INSERT INTO `predictions` VALUES (12107,32,2018120913,0,0);
INSERT INTO `predictions` VALUES (12108,32,2018121000,0,0);
INSERT INTO `predictions` VALUES (12109,32,2018121300,0,0);
INSERT INTO `predictions` VALUES (12110,32,2018121500,0,0);
INSERT INTO `predictions` VALUES (12111,32,2018121501,0,0);
INSERT INTO `predictions` VALUES (12112,32,2018121600,0,0);
INSERT INTO `predictions` VALUES (12113,32,2018121601,0,0);
INSERT INTO `predictions` VALUES (12114,32,2018121602,0,0);
INSERT INTO `predictions` VALUES (12115,32,2018121603,0,0);
INSERT INTO `predictions` VALUES (12116,32,2018121604,0,0);
INSERT INTO `predictions` VALUES (12117,32,2018121605,0,0);
INSERT INTO `predictions` VALUES (12118,32,2018121606,0,0);
INSERT INTO `predictions` VALUES (12119,32,2018121607,0,0);
INSERT INTO `predictions` VALUES (12120,32,2018121608,0,0);
INSERT INTO `predictions` VALUES (12121,32,2018121609,0,0);
INSERT INTO `predictions` VALUES (12122,32,2018121610,0,0);
INSERT INTO `predictions` VALUES (12123,32,2018121611,0,0);
INSERT INTO `predictions` VALUES (12124,32,2018121700,0,0);
INSERT INTO `predictions` VALUES (12125,32,2018122300,0,0);
INSERT INTO `predictions` VALUES (12126,32,2018122301,0,0);
INSERT INTO `predictions` VALUES (12127,32,2018122302,0,0);
INSERT INTO `predictions` VALUES (12128,32,2018122303,0,0);
INSERT INTO `predictions` VALUES (12129,32,2018122304,0,0);
INSERT INTO `predictions` VALUES (12130,32,2018122305,0,0);
INSERT INTO `predictions` VALUES (12131,32,2018122306,0,0);
INSERT INTO `predictions` VALUES (12132,32,2018122307,0,0);
INSERT INTO `predictions` VALUES (12133,32,2018122308,0,0);
INSERT INTO `predictions` VALUES (12134,32,2018122309,0,0);
INSERT INTO `predictions` VALUES (12135,32,2018122310,0,0);
INSERT INTO `predictions` VALUES (12136,32,2018122311,0,0);
INSERT INTO `predictions` VALUES (12137,32,2018122312,0,0);
INSERT INTO `predictions` VALUES (12138,32,2018122313,0,0);
INSERT INTO `predictions` VALUES (12139,32,2018122314,0,0);
INSERT INTO `predictions` VALUES (12140,32,2018122400,0,0);
INSERT INTO `predictions` VALUES (12141,32,2018123000,0,0);
INSERT INTO `predictions` VALUES (12142,32,2018123001,0,0);
INSERT INTO `predictions` VALUES (12143,32,2018123002,0,0);
INSERT INTO `predictions` VALUES (12144,32,2018123003,0,0);
INSERT INTO `predictions` VALUES (12145,32,2018123004,0,0);
INSERT INTO `predictions` VALUES (12146,32,2018123005,0,0);
INSERT INTO `predictions` VALUES (12147,32,2018123006,0,0);
INSERT INTO `predictions` VALUES (12148,32,2018123007,0,0);
INSERT INTO `predictions` VALUES (12149,32,2018123008,0,0);
INSERT INTO `predictions` VALUES (12150,32,2018123009,0,0);
INSERT INTO `predictions` VALUES (12151,32,2018123010,0,0);
INSERT INTO `predictions` VALUES (12152,32,2018123011,0,0);
INSERT INTO `predictions` VALUES (12153,32,2018123012,0,0);
INSERT INTO `predictions` VALUES (12154,32,2018123013,0,0);
INSERT INTO `predictions` VALUES (12155,32,2018123014,0,0);
INSERT INTO `predictions` VALUES (12156,32,2018123015,0,0);
INSERT INTO `predictions` VALUES (12157,33,2018090600,0,0);
INSERT INTO `predictions` VALUES (12158,33,2018090900,0,0);
INSERT INTO `predictions` VALUES (12159,33,2018090901,0,0);
INSERT INTO `predictions` VALUES (12160,33,2018090902,0,0);
INSERT INTO `predictions` VALUES (12161,33,2018090903,0,0);
INSERT INTO `predictions` VALUES (12162,33,2018090904,0,0);
INSERT INTO `predictions` VALUES (12163,33,2018090905,0,0);
INSERT INTO `predictions` VALUES (12164,33,2018090906,0,0);
INSERT INTO `predictions` VALUES (12165,33,2018090907,0,0);
INSERT INTO `predictions` VALUES (12166,33,2018090908,0,0);
INSERT INTO `predictions` VALUES (12167,33,2018090909,0,0);
INSERT INTO `predictions` VALUES (12168,33,2018090910,0,0);
INSERT INTO `predictions` VALUES (12169,33,2018090911,0,0);
INSERT INTO `predictions` VALUES (12170,33,2018090912,0,0);
INSERT INTO `predictions` VALUES (12171,33,2018091000,0,0);
INSERT INTO `predictions` VALUES (12172,33,2018091001,0,0);
INSERT INTO `predictions` VALUES (12173,33,2018091300,0,0);
INSERT INTO `predictions` VALUES (12174,33,2018091600,0,0);
INSERT INTO `predictions` VALUES (12175,33,2018091601,0,0);
INSERT INTO `predictions` VALUES (12176,33,2018091602,0,0);
INSERT INTO `predictions` VALUES (12177,33,2018091603,0,0);
INSERT INTO `predictions` VALUES (12178,33,2018091604,0,0);
INSERT INTO `predictions` VALUES (12179,33,2018091605,0,0);
INSERT INTO `predictions` VALUES (12180,33,2018091606,0,0);
INSERT INTO `predictions` VALUES (12181,33,2018091607,0,0);
INSERT INTO `predictions` VALUES (12182,33,2018091608,0,0);
INSERT INTO `predictions` VALUES (12183,33,2018091609,0,0);
INSERT INTO `predictions` VALUES (12184,33,2018091610,0,0);
INSERT INTO `predictions` VALUES (12185,33,2018091611,0,0);
INSERT INTO `predictions` VALUES (12186,33,2018091612,0,0);
INSERT INTO `predictions` VALUES (12187,33,2018091613,0,0);
INSERT INTO `predictions` VALUES (12188,33,2018091700,0,0);
INSERT INTO `predictions` VALUES (12189,33,2018092000,0,0);
INSERT INTO `predictions` VALUES (12190,33,2018092300,0,0);
INSERT INTO `predictions` VALUES (12191,33,2018092301,0,0);
INSERT INTO `predictions` VALUES (12192,33,2018092302,0,0);
INSERT INTO `predictions` VALUES (12193,33,2018092303,0,0);
INSERT INTO `predictions` VALUES (12194,33,2018092304,0,0);
INSERT INTO `predictions` VALUES (12195,33,2018092305,0,0);
INSERT INTO `predictions` VALUES (12196,33,2018092306,0,0);
INSERT INTO `predictions` VALUES (12197,33,2018092307,0,0);
INSERT INTO `predictions` VALUES (12198,33,2018092308,0,0);
INSERT INTO `predictions` VALUES (12199,33,2018092309,0,0);
INSERT INTO `predictions` VALUES (12200,33,2018092310,0,0);
INSERT INTO `predictions` VALUES (12201,33,2018092311,0,0);
INSERT INTO `predictions` VALUES (12202,33,2018092312,0,0);
INSERT INTO `predictions` VALUES (12203,33,2018092313,0,0);
INSERT INTO `predictions` VALUES (12204,33,2018092400,0,0);
INSERT INTO `predictions` VALUES (12205,33,2018092700,0,0);
INSERT INTO `predictions` VALUES (12206,33,2018093000,0,0);
INSERT INTO `predictions` VALUES (12207,33,2018093001,0,0);
INSERT INTO `predictions` VALUES (12208,33,2018093002,0,0);
INSERT INTO `predictions` VALUES (12209,33,2018093003,0,0);
INSERT INTO `predictions` VALUES (12210,33,2018093004,0,0);
INSERT INTO `predictions` VALUES (12211,33,2018093005,0,0);
INSERT INTO `predictions` VALUES (12212,33,2018093006,0,0);
INSERT INTO `predictions` VALUES (12213,33,2018093007,0,0);
INSERT INTO `predictions` VALUES (12214,33,2018093008,0,0);
INSERT INTO `predictions` VALUES (12215,33,2018093009,0,0);
INSERT INTO `predictions` VALUES (12216,33,2018093010,0,0);
INSERT INTO `predictions` VALUES (12217,33,2018093011,0,0);
INSERT INTO `predictions` VALUES (12218,33,2018093012,0,0);
INSERT INTO `predictions` VALUES (12219,33,2018100100,0,0);
INSERT INTO `predictions` VALUES (12220,33,2018100400,0,0);
INSERT INTO `predictions` VALUES (12221,33,2018100700,0,0);
INSERT INTO `predictions` VALUES (12222,33,2018100701,0,0);
INSERT INTO `predictions` VALUES (12223,33,2018100702,0,0);
INSERT INTO `predictions` VALUES (12224,33,2018100703,0,0);
INSERT INTO `predictions` VALUES (12225,33,2018100704,0,0);
INSERT INTO `predictions` VALUES (12226,33,2018100705,0,0);
INSERT INTO `predictions` VALUES (12227,33,2018100706,0,0);
INSERT INTO `predictions` VALUES (12228,33,2018100707,0,0);
INSERT INTO `predictions` VALUES (12229,33,2018100708,0,0);
INSERT INTO `predictions` VALUES (12230,33,2018100709,0,0);
INSERT INTO `predictions` VALUES (12231,33,2018100710,0,0);
INSERT INTO `predictions` VALUES (12232,33,2018100711,0,0);
INSERT INTO `predictions` VALUES (12233,33,2018100712,0,0);
INSERT INTO `predictions` VALUES (12234,33,2018100800,0,0);
INSERT INTO `predictions` VALUES (12235,33,2018101100,0,0);
INSERT INTO `predictions` VALUES (12236,33,2018101400,0,0);
INSERT INTO `predictions` VALUES (12237,33,2018101401,0,0);
INSERT INTO `predictions` VALUES (12238,33,2018101402,0,0);
INSERT INTO `predictions` VALUES (12239,33,2018101403,0,0);
INSERT INTO `predictions` VALUES (12240,33,2018101404,0,0);
INSERT INTO `predictions` VALUES (12241,33,2018101405,0,0);
INSERT INTO `predictions` VALUES (12242,33,2018101406,0,0);
INSERT INTO `predictions` VALUES (12243,33,2018101407,0,0);
INSERT INTO `predictions` VALUES (12244,33,2018101408,0,0);
INSERT INTO `predictions` VALUES (12245,33,2018101409,0,0);
INSERT INTO `predictions` VALUES (12246,33,2018101410,0,0);
INSERT INTO `predictions` VALUES (12247,33,2018101411,0,0);
INSERT INTO `predictions` VALUES (12248,33,2018101412,0,0);
INSERT INTO `predictions` VALUES (12249,33,2018101500,0,0);
INSERT INTO `predictions` VALUES (12250,33,2018101800,0,0);
INSERT INTO `predictions` VALUES (12251,33,2018102100,0,0);
INSERT INTO `predictions` VALUES (12252,33,2018102101,0,0);
INSERT INTO `predictions` VALUES (12253,33,2018102102,0,0);
INSERT INTO `predictions` VALUES (12254,33,2018102103,0,0);
INSERT INTO `predictions` VALUES (12255,33,2018102104,0,0);
INSERT INTO `predictions` VALUES (12256,33,2018102105,0,0);
INSERT INTO `predictions` VALUES (12257,33,2018102106,0,0);
INSERT INTO `predictions` VALUES (12258,33,2018102107,0,0);
INSERT INTO `predictions` VALUES (12259,33,2018102108,0,0);
INSERT INTO `predictions` VALUES (12260,33,2018102109,0,0);
INSERT INTO `predictions` VALUES (12261,33,2018102110,0,0);
INSERT INTO `predictions` VALUES (12262,33,2018102111,0,0);
INSERT INTO `predictions` VALUES (12263,33,2018102200,0,0);
INSERT INTO `predictions` VALUES (12264,33,2018102500,0,0);
INSERT INTO `predictions` VALUES (12265,33,2018102800,0,0);
INSERT INTO `predictions` VALUES (12266,33,2018102801,0,0);
INSERT INTO `predictions` VALUES (12267,33,2018102802,0,0);
INSERT INTO `predictions` VALUES (12268,33,2018102803,0,0);
INSERT INTO `predictions` VALUES (12269,33,2018102804,0,0);
INSERT INTO `predictions` VALUES (12270,33,2018102805,0,0);
INSERT INTO `predictions` VALUES (12271,33,2018102806,0,0);
INSERT INTO `predictions` VALUES (12272,33,2018102807,0,0);
INSERT INTO `predictions` VALUES (12273,33,2018102808,0,0);
INSERT INTO `predictions` VALUES (12274,33,2018102809,0,0);
INSERT INTO `predictions` VALUES (12275,33,2018102810,0,0);
INSERT INTO `predictions` VALUES (12276,33,2018102811,0,0);
INSERT INTO `predictions` VALUES (12277,33,2018102900,0,0);
INSERT INTO `predictions` VALUES (12278,33,2018110100,0,0);
INSERT INTO `predictions` VALUES (12279,33,2018110400,0,0);
INSERT INTO `predictions` VALUES (12280,33,2018110401,0,0);
INSERT INTO `predictions` VALUES (12281,33,2018110402,0,0);
INSERT INTO `predictions` VALUES (12282,33,2018110403,0,0);
INSERT INTO `predictions` VALUES (12283,33,2018110404,0,0);
INSERT INTO `predictions` VALUES (12284,33,2018110405,0,0);
INSERT INTO `predictions` VALUES (12285,33,2018110406,0,0);
INSERT INTO `predictions` VALUES (12286,33,2018110407,0,0);
INSERT INTO `predictions` VALUES (12287,33,2018110408,0,0);
INSERT INTO `predictions` VALUES (12288,33,2018110409,0,0);
INSERT INTO `predictions` VALUES (12289,33,2018110410,0,0);
INSERT INTO `predictions` VALUES (12290,33,2018110500,0,0);
INSERT INTO `predictions` VALUES (12291,33,2018110800,0,0);
INSERT INTO `predictions` VALUES (12292,33,2018111100,0,0);
INSERT INTO `predictions` VALUES (12293,33,2018111101,0,0);
INSERT INTO `predictions` VALUES (12294,33,2018111102,0,0);
INSERT INTO `predictions` VALUES (12295,33,2018111103,0,0);
INSERT INTO `predictions` VALUES (12296,33,2018111104,0,0);
INSERT INTO `predictions` VALUES (12297,33,2018111105,0,0);
INSERT INTO `predictions` VALUES (12298,33,2018111106,0,0);
INSERT INTO `predictions` VALUES (12299,33,2018111107,0,0);
INSERT INTO `predictions` VALUES (12300,33,2018111108,0,0);
INSERT INTO `predictions` VALUES (12301,33,2018111109,0,0);
INSERT INTO `predictions` VALUES (12302,33,2018111110,0,0);
INSERT INTO `predictions` VALUES (12303,33,2018111111,0,0);
INSERT INTO `predictions` VALUES (12304,33,2018111200,0,0);
INSERT INTO `predictions` VALUES (12305,33,2018111500,0,0);
INSERT INTO `predictions` VALUES (12306,33,2018111800,0,0);
INSERT INTO `predictions` VALUES (12307,33,2018111801,0,0);
INSERT INTO `predictions` VALUES (12308,33,2018111802,0,0);
INSERT INTO `predictions` VALUES (12309,33,2018111803,0,0);
INSERT INTO `predictions` VALUES (12310,33,2018111804,0,0);
INSERT INTO `predictions` VALUES (12311,33,2018111805,0,0);
INSERT INTO `predictions` VALUES (12312,33,2018111806,0,0);
INSERT INTO `predictions` VALUES (12313,33,2018111807,0,0);
INSERT INTO `predictions` VALUES (12314,33,2018111808,0,0);
INSERT INTO `predictions` VALUES (12315,33,2018111809,0,0);
INSERT INTO `predictions` VALUES (12316,33,2018111810,0,0);
INSERT INTO `predictions` VALUES (12317,33,2018111900,0,0);
INSERT INTO `predictions` VALUES (12318,33,2018112200,0,0);
INSERT INTO `predictions` VALUES (12319,33,2018112201,0,0);
INSERT INTO `predictions` VALUES (12320,33,2018112202,0,0);
INSERT INTO `predictions` VALUES (12321,33,2018112500,0,0);
INSERT INTO `predictions` VALUES (12322,33,2018112501,0,0);
INSERT INTO `predictions` VALUES (12323,33,2018112502,0,0);
INSERT INTO `predictions` VALUES (12324,33,2018112503,0,0);
INSERT INTO `predictions` VALUES (12325,33,2018112504,0,0);
INSERT INTO `predictions` VALUES (12326,33,2018112505,0,0);
INSERT INTO `predictions` VALUES (12327,33,2018112506,0,0);
INSERT INTO `predictions` VALUES (12328,33,2018112507,0,0);
INSERT INTO `predictions` VALUES (12329,33,2018112508,0,0);
INSERT INTO `predictions` VALUES (12330,33,2018112509,0,0);
INSERT INTO `predictions` VALUES (12331,33,2018112510,0,0);
INSERT INTO `predictions` VALUES (12332,33,2018112600,0,0);
INSERT INTO `predictions` VALUES (12333,33,2018112900,0,0);
INSERT INTO `predictions` VALUES (12334,33,2018120200,0,0);
INSERT INTO `predictions` VALUES (12335,33,2018120201,0,0);
INSERT INTO `predictions` VALUES (12336,33,2018120202,0,0);
INSERT INTO `predictions` VALUES (12337,33,2018120203,0,0);
INSERT INTO `predictions` VALUES (12338,33,2018120204,0,0);
INSERT INTO `predictions` VALUES (12339,33,2018120205,0,0);
INSERT INTO `predictions` VALUES (12340,33,2018120206,0,0);
INSERT INTO `predictions` VALUES (12341,33,2018120207,0,0);
INSERT INTO `predictions` VALUES (12342,33,2018120208,0,0);
INSERT INTO `predictions` VALUES (12343,33,2018120209,0,0);
INSERT INTO `predictions` VALUES (12344,33,2018120210,0,0);
INSERT INTO `predictions` VALUES (12345,33,2018120211,0,0);
INSERT INTO `predictions` VALUES (12346,33,2018120212,0,0);
INSERT INTO `predictions` VALUES (12347,33,2018120213,0,0);
INSERT INTO `predictions` VALUES (12348,33,2018120300,0,0);
INSERT INTO `predictions` VALUES (12349,33,2018120600,0,0);
INSERT INTO `predictions` VALUES (12350,33,2018120900,0,0);
INSERT INTO `predictions` VALUES (12351,33,2018120901,0,0);
INSERT INTO `predictions` VALUES (12352,33,2018120902,0,0);
INSERT INTO `predictions` VALUES (12353,33,2018120903,0,0);
INSERT INTO `predictions` VALUES (12354,33,2018120904,0,0);
INSERT INTO `predictions` VALUES (12355,33,2018120905,0,0);
INSERT INTO `predictions` VALUES (12356,33,2018120906,0,0);
INSERT INTO `predictions` VALUES (12357,33,2018120907,0,0);
INSERT INTO `predictions` VALUES (12358,33,2018120908,0,0);
INSERT INTO `predictions` VALUES (12359,33,2018120909,0,0);
INSERT INTO `predictions` VALUES (12360,33,2018120910,0,0);
INSERT INTO `predictions` VALUES (12361,33,2018120911,0,0);
INSERT INTO `predictions` VALUES (12362,33,2018120912,0,0);
INSERT INTO `predictions` VALUES (12363,33,2018120913,0,0);
INSERT INTO `predictions` VALUES (12364,33,2018121000,0,0);
INSERT INTO `predictions` VALUES (12365,33,2018121300,0,0);
INSERT INTO `predictions` VALUES (12366,33,2018121500,0,0);
INSERT INTO `predictions` VALUES (12367,33,2018121501,0,0);
INSERT INTO `predictions` VALUES (12368,33,2018121600,0,0);
INSERT INTO `predictions` VALUES (12369,33,2018121601,0,0);
INSERT INTO `predictions` VALUES (12370,33,2018121602,0,0);
INSERT INTO `predictions` VALUES (12371,33,2018121603,0,0);
INSERT INTO `predictions` VALUES (12372,33,2018121604,0,0);
INSERT INTO `predictions` VALUES (12373,33,2018121605,0,0);
INSERT INTO `predictions` VALUES (12374,33,2018121606,0,0);
INSERT INTO `predictions` VALUES (12375,33,2018121607,0,0);
INSERT INTO `predictions` VALUES (12376,33,2018121608,0,0);
INSERT INTO `predictions` VALUES (12377,33,2018121609,0,0);
INSERT INTO `predictions` VALUES (12378,33,2018121610,0,0);
INSERT INTO `predictions` VALUES (12379,33,2018121611,0,0);
INSERT INTO `predictions` VALUES (12380,33,2018121700,0,0);
INSERT INTO `predictions` VALUES (12381,33,2018122300,0,0);
INSERT INTO `predictions` VALUES (12382,33,2018122301,0,0);
INSERT INTO `predictions` VALUES (12383,33,2018122302,0,0);
INSERT INTO `predictions` VALUES (12384,33,2018122303,0,0);
INSERT INTO `predictions` VALUES (12385,33,2018122304,0,0);
INSERT INTO `predictions` VALUES (12386,33,2018122305,0,0);
INSERT INTO `predictions` VALUES (12387,33,2018122306,0,0);
INSERT INTO `predictions` VALUES (12388,33,2018122307,0,0);
INSERT INTO `predictions` VALUES (12389,33,2018122308,0,0);
INSERT INTO `predictions` VALUES (12390,33,2018122309,0,0);
INSERT INTO `predictions` VALUES (12391,33,2018122310,0,0);
INSERT INTO `predictions` VALUES (12392,33,2018122311,0,0);
INSERT INTO `predictions` VALUES (12393,33,2018122312,0,0);
INSERT INTO `predictions` VALUES (12394,33,2018122313,0,0);
INSERT INTO `predictions` VALUES (12395,33,2018122314,0,0);
INSERT INTO `predictions` VALUES (12396,33,2018122400,0,0);
INSERT INTO `predictions` VALUES (12397,33,2018123000,0,0);
INSERT INTO `predictions` VALUES (12398,33,2018123001,0,0);
INSERT INTO `predictions` VALUES (12399,33,2018123002,0,0);
INSERT INTO `predictions` VALUES (12400,33,2018123003,0,0);
INSERT INTO `predictions` VALUES (12401,33,2018123004,0,0);
INSERT INTO `predictions` VALUES (12402,33,2018123005,0,0);
INSERT INTO `predictions` VALUES (12403,33,2018123006,0,0);
INSERT INTO `predictions` VALUES (12404,33,2018123007,0,0);
INSERT INTO `predictions` VALUES (12405,33,2018123008,0,0);
INSERT INTO `predictions` VALUES (12406,33,2018123009,0,0);
INSERT INTO `predictions` VALUES (12407,33,2018123010,0,0);
INSERT INTO `predictions` VALUES (12408,33,2018123011,0,0);
INSERT INTO `predictions` VALUES (12409,33,2018123012,0,0);
INSERT INTO `predictions` VALUES (12410,33,2018123013,0,0);
INSERT INTO `predictions` VALUES (12411,33,2018123014,0,0);
INSERT INTO `predictions` VALUES (12412,33,2018123015,0,0);
INSERT INTO `predictions` VALUES (12668,34,2018090600,1,1);
INSERT INTO `predictions` VALUES (12669,34,2018090900,1,1);
INSERT INTO `predictions` VALUES (12670,34,2018090901,1,0);
INSERT INTO `predictions` VALUES (12671,34,2018090902,1,1);
INSERT INTO `predictions` VALUES (12672,34,2018090903,1,1);
INSERT INTO `predictions` VALUES (12673,34,2018090904,1,1);
INSERT INTO `predictions` VALUES (12674,34,2018090905,1,1);
INSERT INTO `predictions` VALUES (12675,34,2018090906,1,1);
INSERT INTO `predictions` VALUES (12676,34,2018090907,1,0);
INSERT INTO `predictions` VALUES (12677,34,2018090908,1,0);
INSERT INTO `predictions` VALUES (12678,34,2018090909,1,1);
INSERT INTO `predictions` VALUES (12679,34,2018090910,1,1);
INSERT INTO `predictions` VALUES (12680,34,2018090911,1,1);
INSERT INTO `predictions` VALUES (12681,34,2018090912,1,1);
INSERT INTO `predictions` VALUES (12682,34,2018091000,1,1);
INSERT INTO `predictions` VALUES (12683,34,2018091001,1,0);
INSERT INTO `predictions` VALUES (12684,34,2018091300,1,0);
INSERT INTO `predictions` VALUES (12685,34,2018091600,1,0);
INSERT INTO `predictions` VALUES (12686,34,2018091601,1,1);
INSERT INTO `predictions` VALUES (12687,34,2018091602,1,0);
INSERT INTO `predictions` VALUES (12688,34,2018091603,1,1);
INSERT INTO `predictions` VALUES (12689,34,2018091604,1,0);
INSERT INTO `predictions` VALUES (12690,34,2018091605,1,1);
INSERT INTO `predictions` VALUES (12691,34,2018091606,1,0);
INSERT INTO `predictions` VALUES (12692,34,2018091607,1,1);
INSERT INTO `predictions` VALUES (12693,34,2018091608,1,1);
INSERT INTO `predictions` VALUES (12694,34,2018091609,1,1);
INSERT INTO `predictions` VALUES (12695,34,2018091610,1,1);
INSERT INTO `predictions` VALUES (12696,34,2018091611,1,1);
INSERT INTO `predictions` VALUES (12697,34,2018091612,1,0);
INSERT INTO `predictions` VALUES (12698,34,2018091613,1,1);
INSERT INTO `predictions` VALUES (12699,34,2018091700,1,0);
INSERT INTO `predictions` VALUES (12700,34,2018092000,0,0);
INSERT INTO `predictions` VALUES (12701,34,2018092300,0,0);
INSERT INTO `predictions` VALUES (12702,34,2018092301,0,0);
INSERT INTO `predictions` VALUES (12703,34,2018092302,0,0);
INSERT INTO `predictions` VALUES (12704,34,2018092303,0,0);
INSERT INTO `predictions` VALUES (12705,34,2018092304,0,0);
INSERT INTO `predictions` VALUES (12706,34,2018092305,0,0);
INSERT INTO `predictions` VALUES (12707,34,2018092306,0,0);
INSERT INTO `predictions` VALUES (12708,34,2018092307,0,0);
INSERT INTO `predictions` VALUES (12709,34,2018092308,0,0);
INSERT INTO `predictions` VALUES (12710,34,2018092309,0,0);
INSERT INTO `predictions` VALUES (12711,34,2018092310,0,0);
INSERT INTO `predictions` VALUES (12712,34,2018092311,0,0);
INSERT INTO `predictions` VALUES (12713,34,2018092312,0,0);
INSERT INTO `predictions` VALUES (12714,34,2018092313,0,0);
INSERT INTO `predictions` VALUES (12715,34,2018092400,0,0);
INSERT INTO `predictions` VALUES (12716,34,2018092700,0,0);
INSERT INTO `predictions` VALUES (12717,34,2018093000,0,0);
INSERT INTO `predictions` VALUES (12718,34,2018093001,0,0);
INSERT INTO `predictions` VALUES (12719,34,2018093002,0,0);
INSERT INTO `predictions` VALUES (12720,34,2018093003,0,0);
INSERT INTO `predictions` VALUES (12721,34,2018093004,0,0);
INSERT INTO `predictions` VALUES (12722,34,2018093005,0,0);
INSERT INTO `predictions` VALUES (12723,34,2018093006,0,0);
INSERT INTO `predictions` VALUES (12724,34,2018093007,0,0);
INSERT INTO `predictions` VALUES (12725,34,2018093008,0,0);
INSERT INTO `predictions` VALUES (12726,34,2018093009,0,0);
INSERT INTO `predictions` VALUES (12727,34,2018093010,0,0);
INSERT INTO `predictions` VALUES (12728,34,2018093011,0,0);
INSERT INTO `predictions` VALUES (12729,34,2018093012,0,0);
INSERT INTO `predictions` VALUES (12730,34,2018100100,0,0);
INSERT INTO `predictions` VALUES (12731,34,2018100400,0,0);
INSERT INTO `predictions` VALUES (12732,34,2018100700,0,0);
INSERT INTO `predictions` VALUES (12733,34,2018100701,0,0);
INSERT INTO `predictions` VALUES (12734,34,2018100702,0,0);
INSERT INTO `predictions` VALUES (12735,34,2018100703,0,0);
INSERT INTO `predictions` VALUES (12736,34,2018100704,0,0);
INSERT INTO `predictions` VALUES (12737,34,2018100705,0,0);
INSERT INTO `predictions` VALUES (12738,34,2018100706,0,0);
INSERT INTO `predictions` VALUES (12739,34,2018100707,0,0);
INSERT INTO `predictions` VALUES (12740,34,2018100708,0,0);
INSERT INTO `predictions` VALUES (12741,34,2018100709,0,0);
INSERT INTO `predictions` VALUES (12742,34,2018100710,0,0);
INSERT INTO `predictions` VALUES (12743,34,2018100711,0,0);
INSERT INTO `predictions` VALUES (12744,34,2018100712,0,0);
INSERT INTO `predictions` VALUES (12745,34,2018100800,0,0);
INSERT INTO `predictions` VALUES (12746,34,2018101100,0,0);
INSERT INTO `predictions` VALUES (12747,34,2018101400,0,0);
INSERT INTO `predictions` VALUES (12748,34,2018101401,0,0);
INSERT INTO `predictions` VALUES (12749,34,2018101402,0,0);
INSERT INTO `predictions` VALUES (12750,34,2018101403,0,0);
INSERT INTO `predictions` VALUES (12751,34,2018101404,0,0);
INSERT INTO `predictions` VALUES (12752,34,2018101405,0,0);
INSERT INTO `predictions` VALUES (12753,34,2018101406,0,0);
INSERT INTO `predictions` VALUES (12754,34,2018101407,0,0);
INSERT INTO `predictions` VALUES (12755,34,2018101408,0,0);
INSERT INTO `predictions` VALUES (12756,34,2018101409,0,0);
INSERT INTO `predictions` VALUES (12757,34,2018101410,0,0);
INSERT INTO `predictions` VALUES (12758,34,2018101411,0,0);
INSERT INTO `predictions` VALUES (12759,34,2018101412,0,0);
INSERT INTO `predictions` VALUES (12760,34,2018101500,0,0);
INSERT INTO `predictions` VALUES (12761,34,2018101800,0,0);
INSERT INTO `predictions` VALUES (12762,34,2018102100,0,0);
INSERT INTO `predictions` VALUES (12763,34,2018102101,0,0);
INSERT INTO `predictions` VALUES (12764,34,2018102102,0,0);
INSERT INTO `predictions` VALUES (12765,34,2018102103,0,0);
INSERT INTO `predictions` VALUES (12766,34,2018102104,0,0);
INSERT INTO `predictions` VALUES (12767,34,2018102105,0,0);
INSERT INTO `predictions` VALUES (12768,34,2018102106,0,0);
INSERT INTO `predictions` VALUES (12769,34,2018102107,0,0);
INSERT INTO `predictions` VALUES (12770,34,2018102108,0,0);
INSERT INTO `predictions` VALUES (12771,34,2018102109,0,0);
INSERT INTO `predictions` VALUES (12772,34,2018102110,0,0);
INSERT INTO `predictions` VALUES (12773,34,2018102111,0,0);
INSERT INTO `predictions` VALUES (12774,34,2018102200,0,0);
INSERT INTO `predictions` VALUES (12775,34,2018102500,0,0);
INSERT INTO `predictions` VALUES (12776,34,2018102800,0,0);
INSERT INTO `predictions` VALUES (12777,34,2018102801,0,0);
INSERT INTO `predictions` VALUES (12778,34,2018102802,0,0);
INSERT INTO `predictions` VALUES (12779,34,2018102803,0,0);
INSERT INTO `predictions` VALUES (12780,34,2018102804,0,0);
INSERT INTO `predictions` VALUES (12781,34,2018102805,0,0);
INSERT INTO `predictions` VALUES (12782,34,2018102806,0,0);
INSERT INTO `predictions` VALUES (12783,34,2018102807,0,0);
INSERT INTO `predictions` VALUES (12784,34,2018102808,0,0);
INSERT INTO `predictions` VALUES (12785,34,2018102809,0,0);
INSERT INTO `predictions` VALUES (12786,34,2018102810,0,0);
INSERT INTO `predictions` VALUES (12787,34,2018102811,0,0);
INSERT INTO `predictions` VALUES (12788,34,2018102900,0,0);
INSERT INTO `predictions` VALUES (12789,34,2018110100,0,0);
INSERT INTO `predictions` VALUES (12790,34,2018110400,0,0);
INSERT INTO `predictions` VALUES (12791,34,2018110401,0,0);
INSERT INTO `predictions` VALUES (12792,34,2018110402,0,0);
INSERT INTO `predictions` VALUES (12793,34,2018110403,0,0);
INSERT INTO `predictions` VALUES (12794,34,2018110404,0,0);
INSERT INTO `predictions` VALUES (12795,34,2018110405,0,0);
INSERT INTO `predictions` VALUES (12796,34,2018110406,0,0);
INSERT INTO `predictions` VALUES (12797,34,2018110407,0,0);
INSERT INTO `predictions` VALUES (12798,34,2018110408,0,0);
INSERT INTO `predictions` VALUES (12799,34,2018110409,0,0);
INSERT INTO `predictions` VALUES (12800,34,2018110410,0,0);
INSERT INTO `predictions` VALUES (12801,34,2018110500,0,0);
INSERT INTO `predictions` VALUES (12802,34,2018110800,0,0);
INSERT INTO `predictions` VALUES (12803,34,2018111100,0,0);
INSERT INTO `predictions` VALUES (12804,34,2018111101,0,0);
INSERT INTO `predictions` VALUES (12805,34,2018111102,0,0);
INSERT INTO `predictions` VALUES (12806,34,2018111103,0,0);
INSERT INTO `predictions` VALUES (12807,34,2018111104,0,0);
INSERT INTO `predictions` VALUES (12808,34,2018111105,0,0);
INSERT INTO `predictions` VALUES (12809,34,2018111106,0,0);
INSERT INTO `predictions` VALUES (12810,34,2018111107,0,0);
INSERT INTO `predictions` VALUES (12811,34,2018111108,0,0);
INSERT INTO `predictions` VALUES (12812,34,2018111109,0,0);
INSERT INTO `predictions` VALUES (12813,34,2018111110,0,0);
INSERT INTO `predictions` VALUES (12814,34,2018111111,0,0);
INSERT INTO `predictions` VALUES (12815,34,2018111200,0,0);
INSERT INTO `predictions` VALUES (12816,34,2018111500,0,0);
INSERT INTO `predictions` VALUES (12817,34,2018111800,0,0);
INSERT INTO `predictions` VALUES (12818,34,2018111801,0,0);
INSERT INTO `predictions` VALUES (12819,34,2018111802,0,0);
INSERT INTO `predictions` VALUES (12820,34,2018111803,0,0);
INSERT INTO `predictions` VALUES (12821,34,2018111804,0,0);
INSERT INTO `predictions` VALUES (12822,34,2018111805,0,0);
INSERT INTO `predictions` VALUES (12823,34,2018111806,0,0);
INSERT INTO `predictions` VALUES (12824,34,2018111807,0,0);
INSERT INTO `predictions` VALUES (12825,34,2018111808,0,0);
INSERT INTO `predictions` VALUES (12826,34,2018111809,0,0);
INSERT INTO `predictions` VALUES (12827,34,2018111810,0,0);
INSERT INTO `predictions` VALUES (12828,34,2018111900,0,0);
INSERT INTO `predictions` VALUES (12829,34,2018112200,0,0);
INSERT INTO `predictions` VALUES (12830,34,2018112201,0,0);
INSERT INTO `predictions` VALUES (12831,34,2018112202,0,0);
INSERT INTO `predictions` VALUES (12832,34,2018112500,0,0);
INSERT INTO `predictions` VALUES (12833,34,2018112501,0,0);
INSERT INTO `predictions` VALUES (12834,34,2018112502,0,0);
INSERT INTO `predictions` VALUES (12835,34,2018112503,0,0);
INSERT INTO `predictions` VALUES (12836,34,2018112504,0,0);
INSERT INTO `predictions` VALUES (12837,34,2018112505,0,0);
INSERT INTO `predictions` VALUES (12838,34,2018112506,0,0);
INSERT INTO `predictions` VALUES (12839,34,2018112507,0,0);
INSERT INTO `predictions` VALUES (12840,34,2018112508,0,0);
INSERT INTO `predictions` VALUES (12841,34,2018112509,0,0);
INSERT INTO `predictions` VALUES (12842,34,2018112510,0,0);
INSERT INTO `predictions` VALUES (12843,34,2018112600,0,0);
INSERT INTO `predictions` VALUES (12844,34,2018112900,0,0);
INSERT INTO `predictions` VALUES (12845,34,2018120200,0,0);
INSERT INTO `predictions` VALUES (12846,34,2018120201,0,0);
INSERT INTO `predictions` VALUES (12847,34,2018120202,0,0);
INSERT INTO `predictions` VALUES (12848,34,2018120203,0,0);
INSERT INTO `predictions` VALUES (12849,34,2018120204,0,0);
INSERT INTO `predictions` VALUES (12850,34,2018120205,0,0);
INSERT INTO `predictions` VALUES (12851,34,2018120206,0,0);
INSERT INTO `predictions` VALUES (12852,34,2018120207,0,0);
INSERT INTO `predictions` VALUES (12853,34,2018120208,0,0);
INSERT INTO `predictions` VALUES (12854,34,2018120209,0,0);
INSERT INTO `predictions` VALUES (12855,34,2018120210,0,0);
INSERT INTO `predictions` VALUES (12856,34,2018120211,0,0);
INSERT INTO `predictions` VALUES (12857,34,2018120212,0,0);
INSERT INTO `predictions` VALUES (12858,34,2018120213,0,0);
INSERT INTO `predictions` VALUES (12859,34,2018120300,0,0);
INSERT INTO `predictions` VALUES (12860,34,2018120600,0,0);
INSERT INTO `predictions` VALUES (12861,34,2018120900,0,0);
INSERT INTO `predictions` VALUES (12862,34,2018120901,0,0);
INSERT INTO `predictions` VALUES (12863,34,2018120902,0,0);
INSERT INTO `predictions` VALUES (12864,34,2018120903,0,0);
INSERT INTO `predictions` VALUES (12865,34,2018120904,0,0);
INSERT INTO `predictions` VALUES (12866,34,2018120905,0,0);
INSERT INTO `predictions` VALUES (12867,34,2018120906,0,0);
INSERT INTO `predictions` VALUES (12868,34,2018120907,0,0);
INSERT INTO `predictions` VALUES (12869,34,2018120908,0,0);
INSERT INTO `predictions` VALUES (12870,34,2018120909,0,0);
INSERT INTO `predictions` VALUES (12871,34,2018120910,0,0);
INSERT INTO `predictions` VALUES (12872,34,2018120911,0,0);
INSERT INTO `predictions` VALUES (12873,34,2018120912,0,0);
INSERT INTO `predictions` VALUES (12874,34,2018120913,0,0);
INSERT INTO `predictions` VALUES (12875,34,2018121000,0,0);
INSERT INTO `predictions` VALUES (12876,34,2018121300,0,0);
INSERT INTO `predictions` VALUES (12877,34,2018121500,0,0);
INSERT INTO `predictions` VALUES (12878,34,2018121501,0,0);
INSERT INTO `predictions` VALUES (12879,34,2018121600,0,0);
INSERT INTO `predictions` VALUES (12880,34,2018121601,0,0);
INSERT INTO `predictions` VALUES (12881,34,2018121602,0,0);
INSERT INTO `predictions` VALUES (12882,34,2018121603,0,0);
INSERT INTO `predictions` VALUES (12883,34,2018121604,0,0);
INSERT INTO `predictions` VALUES (12884,34,2018121605,0,0);
INSERT INTO `predictions` VALUES (12885,34,2018121606,0,0);
INSERT INTO `predictions` VALUES (12886,34,2018121607,0,0);
INSERT INTO `predictions` VALUES (12887,34,2018121608,0,0);
INSERT INTO `predictions` VALUES (12888,34,2018121609,0,0);
INSERT INTO `predictions` VALUES (12889,34,2018121610,0,0);
INSERT INTO `predictions` VALUES (12890,34,2018121611,0,0);
INSERT INTO `predictions` VALUES (12891,34,2018121700,0,0);
INSERT INTO `predictions` VALUES (12892,34,2018122300,0,0);
INSERT INTO `predictions` VALUES (12893,34,2018122301,0,0);
INSERT INTO `predictions` VALUES (12894,34,2018122302,0,0);
INSERT INTO `predictions` VALUES (12895,34,2018122303,0,0);
INSERT INTO `predictions` VALUES (12896,34,2018122304,0,0);
INSERT INTO `predictions` VALUES (12897,34,2018122305,0,0);
INSERT INTO `predictions` VALUES (12898,34,2018122306,0,0);
INSERT INTO `predictions` VALUES (12899,34,2018122307,0,0);
INSERT INTO `predictions` VALUES (12900,34,2018122308,0,0);
INSERT INTO `predictions` VALUES (12901,34,2018122309,0,0);
INSERT INTO `predictions` VALUES (12902,34,2018122310,0,0);
INSERT INTO `predictions` VALUES (12903,34,2018122311,0,0);
INSERT INTO `predictions` VALUES (12904,34,2018122312,0,0);
INSERT INTO `predictions` VALUES (12905,34,2018122313,0,0);
INSERT INTO `predictions` VALUES (12906,34,2018122314,0,0);
INSERT INTO `predictions` VALUES (12907,34,2018122400,0,0);
INSERT INTO `predictions` VALUES (12908,34,2018123000,0,0);
INSERT INTO `predictions` VALUES (12909,34,2018123001,0,0);
INSERT INTO `predictions` VALUES (12910,34,2018123002,0,0);
INSERT INTO `predictions` VALUES (12911,34,2018123003,0,0);
INSERT INTO `predictions` VALUES (12912,34,2018123004,0,0);
INSERT INTO `predictions` VALUES (12913,34,2018123005,0,0);
INSERT INTO `predictions` VALUES (12914,34,2018123006,0,0);
INSERT INTO `predictions` VALUES (12915,34,2018123007,0,0);
INSERT INTO `predictions` VALUES (12916,34,2018123008,0,0);
INSERT INTO `predictions` VALUES (12917,34,2018123009,0,0);
INSERT INTO `predictions` VALUES (12918,34,2018123010,0,0);
INSERT INTO `predictions` VALUES (12919,34,2018123011,0,0);
INSERT INTO `predictions` VALUES (12920,34,2018123012,0,0);
INSERT INTO `predictions` VALUES (12921,34,2018123013,0,0);
INSERT INTO `predictions` VALUES (12922,34,2018123014,0,0);
INSERT INTO `predictions` VALUES (12923,34,2018123015,0,0);
/*!40000 ALTER TABLE `predictions` ENABLE KEYS */;
UNLOCK TABLES;
DROP TABLE IF EXISTS `predictions_plus`;
/*!40101 SET @saved_cs_client     = @@character_set_client */;
/*!40101 SET character_set_client = utf8 */;
CREATE TABLE `predictions_plus` (
  `predictions_p_id` int(11) NOT NULL AUTO_INCREMENT,
  `user_id` int(11) NOT NULL,
  `superbowl` int(11) DEFAULT NULL,
  `afc_winner` int(11) DEFAULT NULL,
  `nfc_winner` int(11) DEFAULT NULL,
  `best_offense` int(11) DEFAULT NULL,
  `best_defense` int(11) DEFAULT NULL,
  PRIMARY KEY (`predictions_p_id`),
  KEY `user_id` (`user_id`),
  KEY `superbowl` (`superbowl`),
  KEY `afc_winner` (`afc_winner`),
  KEY `nfc_winner` (`nfc_winner`),
  KEY `best_offense` (`best_offense`),
  KEY `best_defense` (`best_defense`),
  CONSTRAINT `predictions_plus_ibfk_1` FOREIGN KEY (`user_id`) REFERENCES `user` (`user_id`),
  CONSTRAINT `predictions_plus_ibfk_2` FOREIGN KEY (`superbowl`) REFERENCES `teams` (`team_id`),
  CONSTRAINT `predictions_plus_ibfk_3` FOREIGN KEY (`afc_winner`) REFERENCES `teams` (`team_id`),
  CONSTRAINT `predictions_plus_ibfk_4` FOREIGN KEY (`nfc_winner`) REFERENCES `teams` (`team_id`),
  CONSTRAINT `predictions_plus_ibfk_5` FOREIGN KEY (`best_offense`) REFERENCES `teams` (`team_id`),
  CONSTRAINT `predictions_plus_ibfk_6` FOREIGN KEY (`best_defense`) REFERENCES `teams` (`team_id`)
) ENGINE=InnoDB AUTO_INCREMENT=34 DEFAULT CHARSET=utf8;
/*!40101 SET character_set_client = @saved_cs_client */;

LOCK TABLES `predictions_plus` WRITE;
/*!40000 ALTER TABLE `predictions_plus` DISABLE KEYS */;
INSERT INTO `predictions_plus` VALUES (5,3,NULL,NULL,NULL,NULL,NULL);
INSERT INTO `predictions_plus` VALUES (29,30,NULL,15,NULL,NULL,NULL);
INSERT INTO `predictions_plus` VALUES (30,31,NULL,1,31,31,12);
INSERT INTO `predictions_plus` VALUES (31,32,NULL,NULL,NULL,NULL,NULL);
INSERT INTO `predictions_plus` VALUES (32,33,1,1,31,21,12);
INSERT INTO `predictions_plus` VALUES (33,34,5,5,23,5,12);
/*!40000 ALTER TABLE `predictions_plus` ENABLE KEYS */;
UNLOCK TABLES;
DROP TABLE IF EXISTS `standings`;
/*!40101 SET @saved_cs_client     = @@character_set_client */;
/*!40101 SET character_set_client = utf8 */;
CREATE TABLE `standings` (
  `standing_id` int(11) NOT NULL,
  `team_id` int(11) NOT NULL,
  `prefix` varchar(2) DEFAULT NULL,
  `games` varchar(20) NOT NULL,
  `score` varchar(10) NOT NULL,
  `div_games` varchar(20) NOT NULL,
  PRIMARY KEY (`standing_id`),
  KEY `team_id` (`team_id`),
  CONSTRAINT `standings_ibfk_1` FOREIGN KEY (`team_id`) REFERENCES `teams` (`team_id`)
) ENGINE=InnoDB DEFAULT CHARSET=utf8;
/*!40101 SET character_set_client = @saved_cs_client */;

LOCK TABLES `standings` WRITE;
/*!40000 ALTER TABLE `standings` DISABLE KEYS */;
INSERT INTO `standings` VALUES (1,1,NULL,'2-0','1.000','0-0');
INSERT INTO `standings` VALUES (2,4,NULL,'1-1','.500','0-0');
INSERT INTO `standings` VALUES (3,3,NULL,'1-1','.500','0-0');
INSERT INTO `standings` VALUES (4,2,NULL,'0-2','.000','0-0');
INSERT INTO `standings` VALUES (5,6,NULL,'2-0','1.000','0-0');
INSERT INTO `standings` VALUES (6,5,NULL,'1-1','.500','0-0');
INSERT INTO `standings` VALUES (7,8,NULL,'1-1','.500','0-0');
INSERT INTO `standings` VALUES (8,7,NULL,'1-0','1.000','0-0');
INSERT INTO `standings` VALUES (9,9,NULL,'1-0','1.000','0-0');
INSERT INTO `standings` VALUES (10,11,NULL,'1-0','1.000','0-0');
INSERT INTO `standings` VALUES (11,10,NULL,'0-1','.000','0-0');
INSERT INTO `standings` VALUES (12,12,NULL,'0-1','.000','0-0');
INSERT INTO `standings` VALUES (13,13,NULL,'1-0','1.000','0-0');
INSERT INTO `standings` VALUES (14,14,NULL,'1-1','.500','0-0');
INSERT INTO `standings` VALUES (15,16,NULL,'0-1','.000','0-0');
INSERT INTO `standings` VALUES (16,15,NULL,'0-1','.000','0-0');
INSERT INTO `standings` VALUES (17,17,NULL,'0-1','.000','0-0');
INSERT INTO `standings` VALUES (18,20,NULL,'0-2','.000','0-0');
INSERT INTO `standings` VALUES (19,19,NULL,'1-1','.500','0-0');
INSERT INTO `standings` VALUES (20,18,NULL,'1-1','.500','0-0');
INSERT INTO `standings` VALUES (21,23,NULL,'1-0','1.000','0-0');
INSERT INTO `standings` VALUES (22,21,NULL,'2-0','1.000','0-0');
INSERT INTO `standings` VALUES (23,22,NULL,'0-2','.000','0-0');
INSERT INTO `standings` VALUES (24,24,NULL,'0-2','.000','0-0');
INSERT INTO `standings` VALUES (25,27,NULL,'1-1','.500','0-0');
INSERT INTO `standings` VALUES (26,28,NULL,'2-0','1.000','0-0');
INSERT INTO `standings` VALUES (27,26,NULL,'1-0','1.000','0-0');
INSERT INTO `standings` VALUES (28,25,NULL,'0-2','.000','0-0');
INSERT INTO `standings` VALUES (29,30,NULL,'2-0','1.000','0-0');
INSERT INTO `standings` VALUES (30,32,NULL,'1-0','1.000','0-0');
INSERT INTO `standings` VALUES (31,31,NULL,'0-1','.000','0-0');
INSERT INTO `standings` VALUES (32,29,NULL,'0-1','.000','0-0');
/*!40000 ALTER TABLE `standings` ENABLE KEYS */;
UNLOCK TABLES;
DROP TABLE IF EXISTS `teams`;
/*!40101 SET @saved_cs_client     = @@character_set_client */;
/*!40101 SET character_set_client = utf8 */;
CREATE TABLE `teams` (
  `team_id` int(11) NOT NULL AUTO_INCREMENT,
  `team_name` varchar(100) NOT NULL,
  `team_prefix` varchar(10) NOT NULL,
  `team_division` varchar(100) DEFAULT NULL,
  `team_region` varchar(100) DEFAULT NULL,
  PRIMARY KEY (`team_id`),
  UNIQUE KEY `team_name` (`team_name`),
  UNIQUE KEY `team_prefix` (`team_prefix`)
) ENGINE=InnoDB AUTO_INCREMENT=33 DEFAULT CHARSET=utf8;
/*!40101 SET character_set_client = @saved_cs_client */;

LOCK TABLES `teams` WRITE;
/*!40000 ALTER TABLE `teams` DISABLE KEYS */;
INSERT INTO `teams` VALUES (1,'New England Patriots','NE','afc','east');
INSERT INTO `teams` VALUES (2,'Miami Dolphins','MIA','afc','east');
INSERT INTO `teams` VALUES (3,'Buffalo Bills','BUF','afc','east');
INSERT INTO `teams` VALUES (4,'New York Jets','NYJ','afc','east');
INSERT INTO `teams` VALUES (5,'Pittsburgh Steelers','PIT','afc','north');
INSERT INTO `teams` VALUES (6,'Baltimore Ravens','BAL','afc','north');
INSERT INTO `teams` VALUES (7,'Cincinnati Bengals','CIN','afc','north');
INSERT INTO `teams` VALUES (8,'Cleveland Browns','CLE','afc','north');
INSERT INTO `teams` VALUES (9,'Houston Texans','HOU','afc','south');
INSERT INTO `teams` VALUES (10,'Tennessee Titans','TEN','afc','south');
INSERT INTO `teams` VALUES (11,'Indianapolis Colts','IND','afc','south');
INSERT INTO `teams` VALUES (12,'Jacksonville Jaguars','JAX','afc','south');
INSERT INTO `teams` VALUES (13,'Oakland Raiders','OAK','afc','west');
INSERT INTO `teams` VALUES (14,'Kansas City Chiefs','KC','afc','west');
INSERT INTO `teams` VALUES (15,'Denver Broncos','DEN','afc','west');
INSERT INTO `teams` VALUES (16,'Los Angeles Chargers','LAC','afc','west');
INSERT INTO `teams` VALUES (17,'Dallas Cowboys','DAL','nfc','east');
INSERT INTO `teams` VALUES (18,'New York Giants','NYG','nfc','east');
INSERT INTO `teams` VALUES (19,'Washington Redskins','WAS','nfc','east');
INSERT INTO `teams` VALUES (20,'Philadelphia Eagles','PHI','nfc','east');
INSERT INTO `teams` VALUES (21,'Green Bay Packers','GB','nfc','north');
INSERT INTO `teams` VALUES (22,'Detroit Lions','DET','nfc','north');
INSERT INTO `teams` VALUES (23,'Minnesota Vikings','MIN','nfc','north');
INSERT INTO `teams` VALUES (24,'Chicago Bears','CHI','nfc','north');
INSERT INTO `teams` VALUES (25,'Atlanta Falcons','ATL','nfc','south');
INSERT INTO `teams` VALUES (26,'Tampa Bay Buccaneers','TB','nfc','south');
INSERT INTO `teams` VALUES (27,'New Orleans Saints','NO','nfc','south');
INSERT INTO `teams` VALUES (28,'Carolina Panthers','CAR','nfc','south');
INSERT INTO `teams` VALUES (29,'Seattle Seahawks','SEA','nfc','west');
INSERT INTO `teams` VALUES (30,'Arizona Cardinals','ARI','nfc','west');
INSERT INTO `teams` VALUES (31,'Los Angeles Rams','LA','nfc','west');
INSERT INTO `teams` VALUES (32,'San Francisco 49ers','SF','nfc','west');
/*!40000 ALTER TABLE `teams` ENABLE KEYS */;
UNLOCK TABLES;
DROP TABLE IF EXISTS `user`;
/*!40101 SET @saved_cs_client     = @@character_set_client */;
/*!40101 SET character_set_client = utf8 */;
CREATE TABLE `user` (
  `user_id` int(11) NOT NULL AUTO_INCREMENT,
  `user_name` varchar(100) NOT NULL,
  `user_email` varchar(100) NOT NULL,
  `user_password` varchar(100) NOT NULL,
  PRIMARY KEY (`user_id`),
  UNIQUE KEY `user_name` (`user_name`)
) ENGINE=InnoDB AUTO_INCREMENT=35 DEFAULT CHARSET=utf8;
/*!40101 SET character_set_client = @saved_cs_client */;

LOCK TABLES `user` WRITE;
/*!40000 ALTER TABLE `user` DISABLE KEYS */;
INSERT INTO `user` VALUES (3,'admin','admin@mail.com','password');
INSERT INTO `user` VALUES (30,'Andre','akr.tester@googlemail.com','$2a$10$AFoornqhrbfpIOab6KV9budE3DbIx1u9ba2ATT.aBo.B3Nvnup0De');
INSERT INTO `user` VALUES (31,'Hippus','chippe@gmx.net','$2a$10$JawiaZaiHFAL4GwtDN8/YOYT5phDxMg/FDBUPAk.pvmkrCEDbJm1u');
INSERT INTO `user` VALUES (32,'Juni ','juneski.david@gmx.de','$2a$10$f8tp4ebk783bRjzkpVcVpe5V3PKkA3sTEPwvtRJxOuIo6TOz72U1C');
INSERT INTO `user` VALUES (33,'Strauchbert','max_strauch@hotmail.de','$2a$10$.8He4s9qixsV0ztZUBJLpuFauD.3GT3rjP9Nuxl4QDB9uDcuCJhsa');
INSERT INTO `user` VALUES (34,'Frank ','langneroz@web.de','$2a$10$C9xxFC71g4ugvA7oKFwIeOohLSM.FktZpe8udo5xhg6n2i2sGw59u');
/*!40000 ALTER TABLE `user` ENABLE KEYS */;
UNLOCK TABLES;
/*!40103 SET TIME_ZONE=@OLD_TIME_ZONE */;

/*!40101 SET SQL_MODE=@OLD_SQL_MODE */;
/*!40014 SET FOREIGN_KEY_CHECKS=@OLD_FOREIGN_KEY_CHECKS */;
/*!40014 SET UNIQUE_CHECKS=@OLD_UNIQUE_CHECKS */;
/*!40101 SET CHARACTER_SET_CLIENT=@OLD_CHARACTER_SET_CLIENT */;
/*!40101 SET CHARACTER_SET_RESULTS=@OLD_CHARACTER_SET_RESULTS */;
/*!40101 SET COLLATION_CONNECTION=@OLD_COLLATION_CONNECTION */;
/*!40111 SET SQL_NOTES=@OLD_SQL_NOTES */;

