
/*!40101 SET @OLD_CHARACTER_SET_CLIENT=@@CHARACTER_SET_CLIENT */;
/*!40101 SET @OLD_CHARACTER_SET_RESULTS=@@CHARACTER_SET_RESULTS */;
/*!40101 SET @OLD_COLLATION_CONNECTION=@@COLLATION_CONNECTION */;
/*!40101 SET NAMES utf8 */;
/*!40103 SET @OLD_TIME_ZONE=@@TIME_ZONE */;
/*!40103 SET TIME_ZONE='+00:00' */;
/*!40014 SET @OLD_UNIQUE_CHECKS=@@UNIQUE_CHECKS, UNIQUE_CHECKS=0 */;
/*!40014 SET @OLD_FOREIGN_KEY_CHECKS=@@FOREIGN_KEY_CHECKS, FOREIGN_KEY_CHECKS=0 */;
/*!40101 SET @OLD_SQL_MODE=@@SQL_MODE, SQL_MODE='NO_AUTO_VALUE_ON_ZERO' */;
/*!40111 SET @OLD_SQL_NOTES=@@SQL_NOTES, SQL_NOTES=0 */;
DROP TABLE IF EXISTS `games`;
/*!40101 SET @saved_cs_client     = @@character_set_client */;
/*!40101 SET character_set_client = utf8 */;
CREATE TABLE `games` (
  `game_id` int(11) NOT NULL,
  `game_datetime` datetime NOT NULL,
  `game_finished` tinyint(1) NOT NULL,
  `home_team_id` int(11) NOT NULL,
  `home_team_score` int(11) DEFAULT NULL,
  `away_team_id` int(11) NOT NULL,
  `away_team_score` int(11) DEFAULT NULL,
  `week` int(11) NOT NULL,
  `season_type` varchar(5) NOT NULL,
  PRIMARY KEY (`game_id`),
  UNIQUE KEY `game_id` (`game_id`),
  KEY `home_team_id` (`home_team_id`),
  KEY `away_team_id` (`away_team_id`),
  CONSTRAINT `games_ibfk_1` FOREIGN KEY (`home_team_id`) REFERENCES `teams` (`team_id`),
  CONSTRAINT `games_ibfk_2` FOREIGN KEY (`away_team_id`) REFERENCES `teams` (`team_id`)
) ENGINE=InnoDB DEFAULT CHARSET=utf8;
/*!40101 SET character_set_client = @saved_cs_client */;

LOCK TABLES `games` WRITE;
/*!40000 ALTER TABLE `games` DISABLE KEYS */;
INSERT INTO `games` VALUES (2017090700,'2017-09-07 08:30:00',1,1,27,14,42,1,'REG');
INSERT INTO `games` VALUES (2017091000,'2017-09-10 01:00:00',1,3,21,4,12,1,'REG');
INSERT INTO `games` VALUES (2017091001,'2017-09-10 01:00:00',1,24,17,25,23,1,'REG');
INSERT INTO `games` VALUES (2017091002,'2017-09-10 01:00:00',1,7,0,6,20,1,'REG');
INSERT INTO `games` VALUES (2017091003,'2017-09-10 01:00:00',1,8,18,5,21,1,'REG');
INSERT INTO `games` VALUES (2017091004,'2017-09-10 01:00:00',1,22,35,30,23,1,'REG');
INSERT INTO `games` VALUES (2017091005,'2017-09-10 01:00:00',1,9,7,12,29,1,'REG');
INSERT INTO `games` VALUES (2017091007,'2017-09-10 01:00:00',1,10,16,13,26,1,'REG');
INSERT INTO `games` VALUES (2017091008,'2017-09-10 01:00:00',1,19,17,20,30,1,'REG');
INSERT INTO `games` VALUES (2017091009,'2017-09-10 04:05:00',1,31,46,11,9,1,'REG');
INSERT INTO `games` VALUES (2017091010,'2017-09-10 04:25:00',1,21,17,29,9,1,'REG');
INSERT INTO `games` VALUES (2017091011,'2017-09-10 04:25:00',1,32,3,28,23,1,'REG');
INSERT INTO `games` VALUES (2017091012,'2017-09-10 08:30:00',1,17,19,18,3,1,'REG');
INSERT INTO `games` VALUES (2017091100,'2017-09-11 07:10:00',1,23,29,27,19,1,'REG');
INSERT INTO `games` VALUES (2017091101,'2017-09-11 10:20:00',1,15,24,16,21,1,'REG');
INSERT INTO `games` VALUES (2017091400,'2017-09-14 08:25:00',1,7,9,9,13,2,'REG');
INSERT INTO `games` VALUES (2017091700,'2017-09-17 01:00:00',1,6,24,8,10,2,'REG');
INSERT INTO `games` VALUES (2017091701,'2017-09-17 01:00:00',1,28,9,3,3,2,'REG');
INSERT INTO `games` VALUES (2017091702,'2017-09-17 01:00:00',1,11,13,30,16,2,'REG');
INSERT INTO `games` VALUES (2017091703,'2017-09-17 01:00:00',1,12,16,10,37,2,'REG');
INSERT INTO `games` VALUES (2017091704,'2017-09-17 01:00:00',1,14,27,20,20,2,'REG');
INSERT INTO `games` VALUES (2017091705,'2017-09-17 01:00:00',1,27,20,1,36,2,'REG');
INSERT INTO `games` VALUES (2017091706,'2017-09-17 01:00:00',1,5,26,23,9,2,'REG');
INSERT INTO `games` VALUES (2017091707,'2017-09-17 01:00:00',1,26,29,24,7,2,'REG');
INSERT INTO `games` VALUES (2017091708,'2017-09-17 04:05:00',1,16,17,2,19,2,'REG');
INSERT INTO `games` VALUES (2017091709,'2017-09-17 04:05:00',1,13,45,4,20,2,'REG');
INSERT INTO `games` VALUES (2017091710,'2017-09-17 04:25:00',1,15,42,17,17,2,'REG');
INSERT INTO `games` VALUES (2017091711,'2017-09-17 04:25:00',1,31,20,19,27,2,'REG');
INSERT INTO `games` VALUES (2017091712,'2017-09-17 04:25:00',1,29,12,32,9,2,'REG');
INSERT INTO `games` VALUES (2017091713,'2017-09-17 08:30:00',1,25,34,21,23,2,'REG');
INSERT INTO `games` VALUES (2017091800,'2017-09-18 08:30:00',1,18,10,22,24,2,'REG');
INSERT INTO `games` VALUES (2017092100,'2017-09-21 08:25:00',1,32,39,31,41,3,'REG');
INSERT INTO `games` VALUES (2017092400,'2017-09-24 09:30:00',1,12,44,6,7,3,'REG');
INSERT INTO `games` VALUES (2017092401,'2017-09-24 01:00:00',1,3,26,15,16,3,'REG');
INSERT INTO `games` VALUES (2017092402,'2017-09-24 01:00:00',1,28,13,27,34,3,'REG');
INSERT INTO `games` VALUES (2017092403,'2017-09-24 01:00:00',1,24,23,5,17,3,'REG');
INSERT INTO `games` VALUES (2017092404,'2017-09-24 01:00:00',1,22,26,25,30,3,'REG');
INSERT INTO `games` VALUES (2017092405,'2017-09-24 01:00:00',1,11,31,8,28,3,'REG');
INSERT INTO `games` VALUES (2017092406,'2017-09-24 01:00:00',1,23,34,26,17,3,'REG');
INSERT INTO `games` VALUES (2017092407,'2017-09-24 01:00:00',1,1,36,9,33,3,'REG');
INSERT INTO `games` VALUES (2017092408,'2017-09-24 01:00:00',1,4,20,2,6,3,'REG');
INSERT INTO `games` VALUES (2017092409,'2017-09-24 01:00:00',1,20,27,18,24,3,'REG');
INSERT INTO `games` VALUES (2017092410,'2017-09-24 04:05:00',1,10,33,29,27,3,'REG');
INSERT INTO `games` VALUES (2017092411,'2017-09-24 04:25:00',1,21,27,7,24,3,'REG');
INSERT INTO `games` VALUES (2017092412,'2017-09-24 04:25:00',1,16,10,14,24,3,'REG');
INSERT INTO `games` VALUES (2017092413,'2017-09-24 08:30:00',1,19,27,13,10,3,'REG');
INSERT INTO `games` VALUES (2017092500,'2017-09-25 08:30:00',1,30,17,17,28,3,'REG');
INSERT INTO `games` VALUES (2017092800,'2017-09-28 08:25:00',1,21,35,24,14,4,'REG');
INSERT INTO `games` VALUES (2017100100,'2017-10-01 09:30:00',1,2,0,27,20,4,'REG');
INSERT INTO `games` VALUES (2017100101,'2017-10-01 01:00:00',1,25,17,3,23,4,'REG');
INSERT INTO `games` VALUES (2017100102,'2017-10-01 01:00:00',1,6,9,5,26,4,'REG');
INSERT INTO `games` VALUES (2017100103,'2017-10-01 01:00:00',1,8,7,7,31,4,'REG');
INSERT INTO `games` VALUES (2017100104,'2017-10-01 01:00:00',1,17,30,31,35,4,'REG');
INSERT INTO `games` VALUES (2017100105,'2017-10-01 01:00:00',1,9,57,10,14,4,'REG');
INSERT INTO `games` VALUES (2017100106,'2017-10-01 01:00:00',1,23,7,22,14,4,'REG');
INSERT INTO `games` VALUES (2017100107,'2017-10-01 01:00:00',1,1,30,28,33,4,'REG');
INSERT INTO `games` VALUES (2017100108,'2017-10-01 01:00:00',1,4,23,12,20,4,'REG');
INSERT INTO `games` VALUES (2017100109,'2017-10-01 04:05:00',1,30,18,32,15,4,'REG');
INSERT INTO `games` VALUES (2017100110,'2017-10-01 04:05:00',1,16,24,20,26,4,'REG');
INSERT INTO `games` VALUES (2017100111,'2017-10-01 04:05:00',1,26,25,18,23,4,'REG');
INSERT INTO `games` VALUES (2017100112,'2017-10-01 04:25:00',1,15,16,13,10,4,'REG');
INSERT INTO `games` VALUES (2017100113,'2017-10-01 08:30:00',1,29,46,11,18,4,'REG');
INSERT INTO `games` VALUES (2017100200,'2017-10-02 08:30:00',1,14,29,19,20,4,'REG');
INSERT INTO `games` VALUES (2017100500,'2017-10-05 08:25:00',1,26,14,1,19,5,'REG');
INSERT INTO `games` VALUES (2017100800,'2017-10-08 01:00:00',1,7,20,3,16,5,'REG');
INSERT INTO `games` VALUES (2017100801,'2017-10-08 01:00:00',1,8,14,4,17,5,'REG');
INSERT INTO `games` VALUES (2017100802,'2017-10-08 01:00:00',1,22,24,28,27,5,'REG');
INSERT INTO `games` VALUES (2017100803,'2017-10-08 01:00:00',1,11,26,32,23,5,'REG');
INSERT INTO `games` VALUES (2017100804,'2017-10-08 01:00:00',1,2,16,10,10,5,'REG');
INSERT INTO `games` VALUES (2017100805,'2017-10-08 01:00:00',1,18,22,16,27,5,'REG');
INSERT INTO `games` VALUES (2017100806,'2017-10-08 01:00:00',1,20,34,30,7,5,'REG');
INSERT INTO `games` VALUES (2017100807,'2017-10-08 01:00:00',1,5,9,12,30,5,'REG');
INSERT INTO `games` VALUES (2017100808,'2017-10-08 04:05:00',1,31,10,29,16,5,'REG');
INSERT INTO `games` VALUES (2017100809,'2017-10-08 04:05:00',1,13,17,6,30,5,'REG');
INSERT INTO `games` VALUES (2017100810,'2017-10-08 04:25:00',1,17,31,21,35,5,'REG');
INSERT INTO `games` VALUES (2017100811,'2017-10-08 08:30:00',1,9,34,14,42,5,'REG');
INSERT INTO `games` VALUES (2017100900,'2017-10-09 08:30:00',1,24,17,23,20,5,'REG');
INSERT INTO `games` VALUES (2017101200,'2017-10-12 08:25:00',1,28,23,20,28,6,'REG');
INSERT INTO `games` VALUES (2017101500,'2017-10-15 01:00:00',1,25,17,2,20,6,'REG');
INSERT INTO `games` VALUES (2017101501,'2017-10-15 01:00:00',1,6,24,24,27,6,'REG');
INSERT INTO `games` VALUES (2017101502,'2017-10-15 01:00:00',1,9,33,8,17,6,'REG');
INSERT INTO `games` VALUES (2017101503,'2017-10-15 01:00:00',1,23,23,21,10,6,'REG');
INSERT INTO `games` VALUES (2017101504,'2017-10-15 01:00:00',1,27,52,22,38,6,'REG');
INSERT INTO `games` VALUES (2017101505,'2017-10-15 01:00:00',1,4,17,1,24,6,'REG');
INSERT INTO `games` VALUES (2017101506,'2017-10-15 01:00:00',1,19,26,32,24,6,'REG');
INSERT INTO `games` VALUES (2017101507,'2017-10-15 04:05:00',1,30,38,26,33,6,'REG');
INSERT INTO `games` VALUES (2017101508,'2017-10-15 04:05:00',1,12,17,31,27,6,'REG');
INSERT INTO `games` VALUES (2017101509,'2017-10-15 04:25:00',1,14,13,5,19,6,'REG');
INSERT INTO `games` VALUES (2017101510,'2017-10-15 04:25:00',1,13,16,16,17,6,'REG');
INSERT INTO `games` VALUES (2017101511,'2017-10-15 08:30:00',1,15,10,18,23,6,'REG');
INSERT INTO `games` VALUES (2017101600,'2017-10-16 08:30:00',1,10,36,11,22,6,'REG');
INSERT INTO `games` VALUES (2017101900,'2017-10-19 08:25:00',1,13,31,14,30,7,'REG');
INSERT INTO `games` VALUES (2017102200,'2017-10-22 01:00:00',1,3,30,26,27,7,'REG');
INSERT INTO `games` VALUES (2017102201,'2017-10-22 01:00:00',1,24,17,28,3,7,'REG');
INSERT INTO `games` VALUES (2017102202,'2017-10-22 01:00:00',1,8,9,10,12,7,'REG');
INSERT INTO `games` VALUES (2017102203,'2017-10-22 01:00:00',1,21,17,27,26,7,'REG');
INSERT INTO `games` VALUES (2017102204,'2017-10-22 01:00:00',1,11,0,12,27,7,'REG');
INSERT INTO `games` VALUES (2017102205,'2017-10-22 01:00:00',1,31,33,30,0,7,'REG');
INSERT INTO `games` VALUES (2017102206,'2017-10-22 01:00:00',1,2,31,4,28,7,'REG');
INSERT INTO `games` VALUES (2017102207,'2017-10-22 01:00:00',1,23,24,6,16,7,'REG');
INSERT INTO `games` VALUES (2017102208,'2017-10-22 04:25:00',1,5,29,7,14,7,'REG');
INSERT INTO `games` VALUES (2017102209,'2017-10-22 04:05:00',1,32,10,17,40,7,'REG');
INSERT INTO `games` VALUES (2017102210,'2017-10-22 04:25:00',1,16,21,15,0,7,'REG');
INSERT INTO `games` VALUES (2017102211,'2017-10-22 04:25:00',1,18,7,29,24,7,'REG');
INSERT INTO `games` VALUES (2017102212,'2017-10-22 08:30:00',1,1,23,25,7,7,'REG');
INSERT INTO `games` VALUES (2017102300,'2017-10-23 08:30:00',1,20,34,19,24,7,'REG');
INSERT INTO `games` VALUES (2017102600,'2017-10-26 08:25:00',1,6,40,2,0,8,'REG');
INSERT INTO `games` VALUES (2017102900,'2017-10-29 09:30:00',1,8,16,23,33,8,'REG');
INSERT INTO `games` VALUES (2017102901,'2017-10-29 01:00:00',1,3,34,13,14,8,'REG');
INSERT INTO `games` VALUES (2017102902,'2017-10-29 01:00:00',1,7,24,11,23,8,'REG');
INSERT INTO `games` VALUES (2017102903,'2017-10-29 01:00:00',1,1,21,16,13,8,'REG');
INSERT INTO `games` VALUES (2017102904,'2017-10-29 01:00:00',1,27,20,24,12,8,'REG');
INSERT INTO `games` VALUES (2017102905,'2017-10-29 01:00:00',1,4,20,25,25,8,'REG');
INSERT INTO `games` VALUES (2017102906,'2017-10-29 01:00:00',1,20,33,32,10,8,'REG');
INSERT INTO `games` VALUES (2017102907,'2017-10-29 01:00:00',1,26,3,28,17,8,'REG');
INSERT INTO `games` VALUES (2017102908,'2017-10-29 04:05:00',1,29,41,9,38,8,'REG');
INSERT INTO `games` VALUES (2017102909,'2017-10-29 04:25:00',1,19,19,17,33,8,'REG');
INSERT INTO `games` VALUES (2017102910,'2017-10-29 08:30:00',1,22,15,5,20,8,'REG');
INSERT INTO `games` VALUES (2017103000,'2017-10-30 08:30:00',1,14,29,15,19,8,'REG');
INSERT INTO `games` VALUES (2017110200,'2017-11-02 08:25:00',1,4,34,3,21,9,'REG');
INSERT INTO `games` VALUES (2017110500,'2017-11-05 01:00:00',1,28,20,25,17,9,'REG');
INSERT INTO `games` VALUES (2017110501,'2017-11-05 01:00:00',1,9,14,11,20,9,'REG');
INSERT INTO `games` VALUES (2017110502,'2017-11-05 01:00:00',1,12,23,7,7,9,'REG');
INSERT INTO `games` VALUES (2017110503,'2017-11-05 01:00:00',1,27,30,26,10,9,'REG');
INSERT INTO `games` VALUES (2017110504,'2017-11-05 01:00:00',1,18,17,31,51,9,'REG');
INSERT INTO `games` VALUES (2017110505,'2017-11-05 01:00:00',1,20,51,15,23,9,'REG');
INSERT INTO `games` VALUES (2017110506,'2017-11-05 01:00:00',1,10,23,6,20,9,'REG');
INSERT INTO `games` VALUES (2017110507,'2017-11-05 04:05:00',1,32,10,30,20,9,'REG');
INSERT INTO `games` VALUES (2017110508,'2017-11-05 04:05:00',1,29,14,19,17,9,'REG');
INSERT INTO `games` VALUES (2017110509,'2017-11-05 04:25:00',1,17,28,14,17,9,'REG');
INSERT INTO `games` VALUES (2017110510,'2017-11-05 08:30:00',1,2,24,13,27,9,'REG');
INSERT INTO `games` VALUES (2017110600,'2017-11-06 08:30:00',1,21,17,22,30,9,'REG');
INSERT INTO `games` VALUES (2017110900,'2017-11-09 08:25:00',1,30,16,29,22,10,'REG');
INSERT INTO `games` VALUES (2017111200,'2017-11-12 01:00:00',1,3,10,27,47,10,'REG');
INSERT INTO `games` VALUES (2017111201,'2017-11-12 01:00:00',1,24,16,21,23,10,'REG');
INSERT INTO `games` VALUES (2017111202,'2017-11-12 01:00:00',1,22,38,8,24,10,'REG');
INSERT INTO `games` VALUES (2017111203,'2017-11-12 01:00:00',1,11,17,5,20,10,'REG');
INSERT INTO `games` VALUES (2017111204,'2017-11-12 01:00:00',1,12,20,16,17,10,'REG');
INSERT INTO `games` VALUES (2017111205,'2017-11-12 01:00:00',1,26,15,4,10,10,'REG');
INSERT INTO `games` VALUES (2017111206,'2017-11-12 01:00:00',1,10,24,7,20,10,'REG');
INSERT INTO `games` VALUES (2017111207,'2017-11-12 01:00:00',1,19,30,23,38,10,'REG');
INSERT INTO `games` VALUES (2017111208,'2017-11-12 04:05:00',1,31,33,9,7,10,'REG');
INSERT INTO `games` VALUES (2017111209,'2017-11-12 04:25:00',1,25,27,17,7,10,'REG');
INSERT INTO `games` VALUES (2017111210,'2017-11-12 04:25:00',1,32,31,18,21,10,'REG');
INSERT INTO `games` VALUES (2017111211,'2017-11-12 08:30:00',1,15,16,1,41,10,'REG');
INSERT INTO `games` VALUES (2017111300,'2017-11-13 08:30:00',1,28,45,2,21,10,'REG');
INSERT INTO `games` VALUES (2017111600,'2017-11-16 08:25:00',1,5,40,10,17,11,'REG');
INSERT INTO `games` VALUES (2017111900,'2017-11-19 01:00:00',1,24,24,22,27,11,'REG');
INSERT INTO `games` VALUES (2017111901,'2017-11-19 01:00:00',1,8,7,12,19,11,'REG');
INSERT INTO `games` VALUES (2017111902,'2017-11-19 01:00:00',1,21,0,6,23,11,'REG');
INSERT INTO `games` VALUES (2017111903,'2017-11-19 01:00:00',1,9,31,30,21,11,'REG');
INSERT INTO `games` VALUES (2017111904,'2017-11-19 01:00:00',1,23,24,31,7,11,'REG');
INSERT INTO `games` VALUES (2017111905,'2017-11-19 01:00:00',1,27,34,19,31,11,'REG');
INSERT INTO `games` VALUES (2017111906,'2017-11-19 01:00:00',1,18,12,14,9,11,'REG');
INSERT INTO `games` VALUES (2017111907,'2017-11-19 04:05:00',1,16,54,3,24,11,'REG');
INSERT INTO `games` VALUES (2017111908,'2017-11-19 04:25:00',1,15,17,7,20,11,'REG');
INSERT INTO `games` VALUES (2017111909,'2017-11-19 04:25:00',1,13,8,1,33,11,'REG');
INSERT INTO `games` VALUES (2017111910,'2017-11-19 08:30:00',1,17,9,20,37,11,'REG');
INSERT INTO `games` VALUES (2017111911,'2017-11-19 01:00:00',1,2,20,26,30,11,'REG');
INSERT INTO `games` VALUES (2017112000,'2017-11-20 08:30:00',1,29,31,25,34,11,'REG');
INSERT INTO `games` VALUES (2017112300,'2017-11-23 12:30:00',1,22,23,23,30,12,'REG');
INSERT INTO `games` VALUES (2017112301,'2017-11-23 04:30:00',1,17,6,16,28,12,'REG');
INSERT INTO `games` VALUES (2017112302,'2017-11-23 08:30:00',1,19,20,18,10,12,'REG');
INSERT INTO `games` VALUES (2017112600,'2017-11-26 01:00:00',1,25,34,26,20,12,'REG');
INSERT INTO `games` VALUES (2017112601,'2017-11-26 01:00:00',1,7,30,8,16,12,'REG');
INSERT INTO `games` VALUES (2017112602,'2017-11-26 01:00:00',1,11,16,10,20,12,'REG');
INSERT INTO `games` VALUES (2017112603,'2017-11-26 01:00:00',1,14,10,3,16,12,'REG');
INSERT INTO `games` VALUES (2017112604,'2017-11-26 01:00:00',1,1,35,2,17,12,'REG');
INSERT INTO `games` VALUES (2017112605,'2017-11-26 01:00:00',1,4,27,28,35,12,'REG');
INSERT INTO `games` VALUES (2017112606,'2017-11-26 01:00:00',1,20,31,24,3,12,'REG');
INSERT INTO `games` VALUES (2017112607,'2017-11-26 04:25:00',1,31,26,27,20,12,'REG');
INSERT INTO `games` VALUES (2017112608,'2017-11-26 04:05:00',1,32,13,29,24,12,'REG');
INSERT INTO `games` VALUES (2017112609,'2017-11-26 04:25:00',1,30,27,12,24,12,'REG');
INSERT INTO `games` VALUES (2017112610,'2017-11-26 04:25:00',1,13,21,15,14,12,'REG');
INSERT INTO `games` VALUES (2017112611,'2017-11-26 08:30:00',1,5,31,21,28,12,'REG');
INSERT INTO `games` VALUES (2017112700,'2017-11-27 08:30:00',1,6,23,9,16,12,'REG');
INSERT INTO `games` VALUES (2017113000,'2017-11-30 08:25:00',1,17,38,19,14,13,'REG');
INSERT INTO `games` VALUES (2017120300,'2017-12-03 01:00:00',1,25,9,23,14,13,'REG');
INSERT INTO `games` VALUES (2017120301,'2017-12-03 01:00:00',1,6,44,22,20,13,'REG');
INSERT INTO `games` VALUES (2017120302,'2017-12-03 01:00:00',1,3,3,1,23,13,'REG');
INSERT INTO `games` VALUES (2017120303,'2017-12-03 01:00:00',1,24,14,32,15,13,'REG');
INSERT INTO `games` VALUES (2017120304,'2017-12-03 01:00:00',1,21,26,26,20,13,'REG');
INSERT INTO `games` VALUES (2017120305,'2017-12-03 01:00:00',1,12,30,11,10,13,'REG');
INSERT INTO `games` VALUES (2017120306,'2017-12-03 01:00:00',1,2,35,15,9,13,'REG');
INSERT INTO `games` VALUES (2017120307,'2017-12-03 04:25:00',1,27,31,28,21,13,'REG');
INSERT INTO `games` VALUES (2017120308,'2017-12-03 01:00:00',1,4,38,14,31,13,'REG');
INSERT INTO `games` VALUES (2017120309,'2017-12-03 01:00:00',1,10,24,9,13,13,'REG');
INSERT INTO `games` VALUES (2017120310,'2017-12-03 04:05:00',1,16,19,8,10,13,'REG');
INSERT INTO `games` VALUES (2017120311,'2017-12-03 04:25:00',1,30,16,31,32,13,'REG');
INSERT INTO `games` VALUES (2017120312,'2017-12-03 04:25:00',1,13,24,18,17,13,'REG');
INSERT INTO `games` VALUES (2017120313,'2017-12-03 08:30:00',1,29,24,20,10,13,'REG');
INSERT INTO `games` VALUES (2017120400,'2017-12-04 08:30:00',1,7,20,5,23,13,'REG');
INSERT INTO `games` VALUES (2017120700,'2017-12-07 08:25:00',1,25,20,27,17,14,'REG');
INSERT INTO `games` VALUES (2017121000,'2017-12-10 01:00:00',1,3,13,11,7,14,'REG');
INSERT INTO `games` VALUES (2017121001,'2017-12-10 01:00:00',1,28,31,23,24,14,'REG');
INSERT INTO `games` VALUES (2017121002,'2017-12-10 01:00:00',1,7,7,24,33,14,'REG');
INSERT INTO `games` VALUES (2017121003,'2017-12-10 01:00:00',1,8,21,21,27,14,'REG');
INSERT INTO `games` VALUES (2017121004,'2017-12-10 01:00:00',1,9,16,32,26,14,'REG');
INSERT INTO `games` VALUES (2017121005,'2017-12-10 04:25:00',1,12,30,29,24,14,'REG');
INSERT INTO `games` VALUES (2017121006,'2017-12-10 01:00:00',1,14,26,13,15,14,'REG');
INSERT INTO `games` VALUES (2017121007,'2017-12-10 01:00:00',1,26,21,22,24,14,'REG');
INSERT INTO `games` VALUES (2017121008,'2017-12-10 04:05:00',1,30,12,10,7,14,'REG');
INSERT INTO `games` VALUES (2017121009,'2017-12-10 04:05:00',1,15,23,4,0,14,'REG');
INSERT INTO `games` VALUES (2017121010,'2017-12-10 04:05:00',1,16,30,19,13,14,'REG');
INSERT INTO `games` VALUES (2017121011,'2017-12-10 04:25:00',1,31,35,20,43,14,'REG');
INSERT INTO `games` VALUES (2017121012,'2017-12-10 01:00:00',1,18,10,17,30,14,'REG');
INSERT INTO `games` VALUES (2017121013,'2017-12-10 08:30:00',1,5,39,6,38,14,'REG');
INSERT INTO `games` VALUES (2017121100,'2017-12-11 08:30:00',1,2,27,1,20,14,'REG');
INSERT INTO `games` VALUES (2017121400,'2017-12-14 08:25:00',1,11,13,15,25,15,'REG');
INSERT INTO `games` VALUES (2017121600,'2017-12-16 04:30:00',1,22,20,24,10,15,'REG');
INSERT INTO `games` VALUES (2017121601,'2017-12-16 08:30:00',1,14,30,16,13,15,'REG');
INSERT INTO `games` VALUES (2017121700,'2017-12-17 01:00:00',1,3,24,2,16,15,'REG');
INSERT INTO `games` VALUES (2017121701,'2017-12-17 01:00:00',1,28,31,21,24,15,'REG');
INSERT INTO `games` VALUES (2017121702,'2017-12-17 01:00:00',1,8,10,6,27,15,'REG');
INSERT INTO `games` VALUES (2017121703,'2017-12-17 01:00:00',1,12,45,9,7,15,'REG');
INSERT INTO `games` VALUES (2017121704,'2017-12-17 01:00:00',1,23,34,7,7,15,'REG');
INSERT INTO `games` VALUES (2017121705,'2017-12-17 01:00:00',1,27,31,4,19,15,'REG');
INSERT INTO `games` VALUES (2017121706,'2017-12-17 01:00:00',1,18,29,20,34,15,'REG');
INSERT INTO `games` VALUES (2017121707,'2017-12-17 01:00:00',1,19,20,30,15,15,'REG');
INSERT INTO `games` VALUES (2017121708,'2017-12-17 04:05:00',1,29,7,31,42,15,'REG');
INSERT INTO `games` VALUES (2017121709,'2017-12-17 04:25:00',1,5,24,1,27,15,'REG');
INSERT INTO `games` VALUES (2017121710,'2017-12-17 04:25:00',1,32,25,10,23,15,'REG');
INSERT INTO `games` VALUES (2017121711,'2017-12-17 08:30:00',1,13,17,17,20,15,'REG');
INSERT INTO `games` VALUES (2017121800,'2017-12-18 08:30:00',1,26,21,25,24,15,'REG');
INSERT INTO `games` VALUES (2017122300,'2017-12-23 04:30:00',1,6,23,11,16,16,'REG');
INSERT INTO `games` VALUES (2017122301,'2017-12-23 08:30:00',1,21,0,23,16,16,'REG');
INSERT INTO `games` VALUES (2017122400,'2017-12-24 01:00:00',1,28,22,26,19,16,'REG');
INSERT INTO `games` VALUES (2017122401,'2017-12-24 01:00:00',1,24,20,8,3,16,'REG');
INSERT INTO `games` VALUES (2017122402,'2017-12-24 01:00:00',1,7,26,22,17,16,'REG');
INSERT INTO `games` VALUES (2017122403,'2017-12-24 01:00:00',1,14,29,2,13,16,'REG');
INSERT INTO `games` VALUES (2017122404,'2017-12-24 01:00:00',1,1,37,3,16,16,'REG');
INSERT INTO `games` VALUES (2017122405,'2017-12-24 01:00:00',1,27,23,25,13,16,'REG');
INSERT INTO `games` VALUES (2017122406,'2017-12-24 01:00:00',1,4,7,16,14,16,'REG');
INSERT INTO `games` VALUES (2017122407,'2017-12-24 01:00:00',1,10,23,31,27,16,'REG');
INSERT INTO `games` VALUES (2017122408,'2017-12-24 01:00:00',1,19,27,15,11,16,'REG');
INSERT INTO `games` VALUES (2017122409,'2017-12-24 04:05:00',1,32,44,12,33,16,'REG');
INSERT INTO `games` VALUES (2017122410,'2017-12-24 04:25:00',1,30,23,18,0,16,'REG');
INSERT INTO `games` VALUES (2017122411,'2017-12-24 04:25:00',1,17,12,29,21,16,'REG');
INSERT INTO `games` VALUES (2017122500,'2017-12-25 04:30:00',1,9,6,5,34,16,'REG');
INSERT INTO `games` VALUES (2017122501,'2017-12-25 08:30:00',1,20,19,13,10,16,'REG');
INSERT INTO `games` VALUES (2017123100,'2017-12-31 04:25:00',1,25,22,28,10,17,'REG');
INSERT INTO `games` VALUES (2017123101,'2017-12-31 04:25:00',1,6,27,7,31,17,'REG');
INSERT INTO `games` VALUES (2017123102,'2017-12-31 01:00:00',1,22,35,21,11,17,'REG');
INSERT INTO `games` VALUES (2017123103,'2017-12-31 01:00:00',1,11,22,9,13,17,'REG');
INSERT INTO `games` VALUES (2017123104,'2017-12-31 04:25:00',1,2,16,3,22,17,'REG');
INSERT INTO `games` VALUES (2017123105,'2017-12-31 01:00:00',1,23,23,24,10,17,'REG');
INSERT INTO `games` VALUES (2017123106,'2017-12-31 01:00:00',1,1,26,4,6,17,'REG');
INSERT INTO `games` VALUES (2017123107,'2017-12-31 01:00:00',1,18,18,19,10,17,'REG');
INSERT INTO `games` VALUES (2017123108,'2017-12-31 01:00:00',1,20,0,17,6,17,'REG');
INSERT INTO `games` VALUES (2017123109,'2017-12-31 01:00:00',1,5,28,8,24,17,'REG');
INSERT INTO `games` VALUES (2017123110,'2017-12-31 04:25:00',1,26,31,27,24,17,'REG');
INSERT INTO `games` VALUES (2017123111,'2017-12-31 04:25:00',1,10,15,12,10,17,'REG');
INSERT INTO `games` VALUES (2017123112,'2017-12-31 04:25:00',1,15,24,14,27,17,'REG');
INSERT INTO `games` VALUES (2017123113,'2017-12-31 04:25:00',1,16,30,13,10,17,'REG');
INSERT INTO `games` VALUES (2017123114,'2017-12-31 04:25:00',1,31,13,32,34,17,'REG');
INSERT INTO `games` VALUES (2017123115,'2017-12-31 04:25:00',1,29,24,30,26,17,'REG');
INSERT INTO `games` VALUES (2018010600,'2018-01-06 04:35:00',0,14,0,10,0,18,'WC');
INSERT INTO `games` VALUES (2018010601,'2018-01-06 08:15:00',0,31,0,25,0,18,'WC');
INSERT INTO `games` VALUES (2018010700,'2018-01-07 01:05:00',0,12,0,3,0,18,'WC');
INSERT INTO `games` VALUES (2018010701,'2018-01-07 04:40:00',0,27,0,28,0,18,'WC');
/*!40000 ALTER TABLE `games` ENABLE KEYS */;
UNLOCK TABLES;
DROP TABLE IF EXISTS `predictions`;
/*!40101 SET @saved_cs_client     = @@character_set_client */;
/*!40101 SET character_set_client = utf8 */;
CREATE TABLE `predictions` (
  `prediction_id` int(11) NOT NULL AUTO_INCREMENT,
  `user_id` int(11) NOT NULL,
  `game_id` int(11) NOT NULL,
  `predicted` tinyint(1) NOT NULL,
  `home_team_predicted` tinyint(1) DEFAULT NULL,
  PRIMARY KEY (`prediction_id`),
  KEY `user_id` (`user_id`),
  KEY `game_id` (`game_id`),
  CONSTRAINT `predictions_ibfk_1` FOREIGN KEY (`user_id`) REFERENCES `user` (`user_id`),
  CONSTRAINT `predictions_ibfk_2` FOREIGN KEY (`game_id`) REFERENCES `games` (`game_id`)
) ENGINE=InnoDB AUTO_INCREMENT=10830 DEFAULT CHARSET=utf8;
/*!40101 SET character_set_client = @saved_cs_client */;

LOCK TABLES `predictions` WRITE;
/*!40000 ALTER TABLE `predictions` DISABLE KEYS */;
INSERT INTO `predictions` VALUES (5172,18,2017091011,1,0);
INSERT INTO `predictions` VALUES (5175,18,2017091003,1,1);
INSERT INTO `predictions` VALUES (5178,18,2017090700,0,0);
INSERT INTO `predictions` VALUES (5181,18,2017091001,1,1);
INSERT INTO `predictions` VALUES (5184,18,2017091009,1,0);
INSERT INTO `predictions` VALUES (5187,18,2017091002,1,0);
INSERT INTO `predictions` VALUES (5193,18,2017091004,1,0);
INSERT INTO `predictions` VALUES (5196,18,2017091005,1,1);
INSERT INTO `predictions` VALUES (5199,18,2017091008,1,1);
INSERT INTO `predictions` VALUES (5202,18,2017091000,1,0);
INSERT INTO `predictions` VALUES (5205,18,2017091010,1,1);
INSERT INTO `predictions` VALUES (5208,18,2017091012,1,1);
INSERT INTO `predictions` VALUES (5211,18,2017091100,1,0);
INSERT INTO `predictions` VALUES (5214,18,2017091007,1,0);
INSERT INTO `predictions` VALUES (5217,18,2017091101,1,1);
INSERT INTO `predictions` VALUES (5220,18,2017091702,1,1);
INSERT INTO `predictions` VALUES (5223,18,2017091711,1,0);
INSERT INTO `predictions` VALUES (5226,18,2017091700,1,1);
INSERT INTO `predictions` VALUES (5229,18,2017091400,0,0);
INSERT INTO `predictions` VALUES (5232,18,2017091705,1,0);
INSERT INTO `predictions` VALUES (5235,18,2017091701,1,0);
INSERT INTO `predictions` VALUES (5238,18,2017091707,1,0);
INSERT INTO `predictions` VALUES (5241,18,2017091704,1,1);
INSERT INTO `predictions` VALUES (5244,18,2017091708,1,1);
INSERT INTO `predictions` VALUES (5247,18,2017091703,1,1);
INSERT INTO `predictions` VALUES (5250,18,2017091706,1,0);
INSERT INTO `predictions` VALUES (5253,18,2017091709,1,0);
INSERT INTO `predictions` VALUES (5256,18,2017091712,1,1);
INSERT INTO `predictions` VALUES (5259,18,2017091710,1,0);
INSERT INTO `predictions` VALUES (5262,18,2017091800,1,0);
INSERT INTO `predictions` VALUES (5265,18,2017091713,1,1);
INSERT INTO `predictions` VALUES (5268,18,2017092400,1,1);
INSERT INTO `predictions` VALUES (5271,18,2017092402,1,0);
INSERT INTO `predictions` VALUES (5274,18,2017092100,1,0);
INSERT INTO `predictions` VALUES (5277,18,2017092406,1,1);
INSERT INTO `predictions` VALUES (5280,18,2017092410,1,0);
INSERT INTO `predictions` VALUES (5283,18,2017092404,1,1);
INSERT INTO `predictions` VALUES (5286,18,2017092403,1,0);
INSERT INTO `predictions` VALUES (5289,18,2017092401,1,1);
INSERT INTO `predictions` VALUES (5292,18,2017092405,1,1);
INSERT INTO `predictions` VALUES (5295,18,2017092407,1,1);
INSERT INTO `predictions` VALUES (5298,18,2017092409,1,0);
INSERT INTO `predictions` VALUES (5301,18,2017092408,1,0);
INSERT INTO `predictions` VALUES (5304,18,2017092411,1,0);
INSERT INTO `predictions` VALUES (5307,18,2017092412,1,1);
INSERT INTO `predictions` VALUES (5310,18,2017092500,0,0);
INSERT INTO `predictions` VALUES (5313,18,2017092413,0,0);
INSERT INTO `predictions` VALUES (5316,18,2017100100,0,0);
INSERT INTO `predictions` VALUES (5319,18,2017100102,0,0);
INSERT INTO `predictions` VALUES (5322,18,2017092800,0,0);
INSERT INTO `predictions` VALUES (5325,18,2017100101,0,0);
INSERT INTO `predictions` VALUES (5328,18,2017100109,0,0);
INSERT INTO `predictions` VALUES (5331,18,2017100110,0,0);
INSERT INTO `predictions` VALUES (5334,18,2017100103,0,0);
INSERT INTO `predictions` VALUES (5337,18,2017100104,0,0);
INSERT INTO `predictions` VALUES (5340,18,2017100105,0,0);
INSERT INTO `predictions` VALUES (5343,18,2017100107,0,0);
INSERT INTO `predictions` VALUES (5346,18,2017100106,0,0);
INSERT INTO `predictions` VALUES (5349,18,2017100108,0,0);
INSERT INTO `predictions` VALUES (5352,18,2017100111,0,0);
INSERT INTO `predictions` VALUES (5355,18,2017100112,0,0);
INSERT INTO `predictions` VALUES (5358,18,2017100113,0,0);
INSERT INTO `predictions` VALUES (5361,18,2017100200,0,0);
INSERT INTO `predictions` VALUES (5364,18,2017100801,0,0);
INSERT INTO `predictions` VALUES (5367,18,2017100800,0,0);
INSERT INTO `predictions` VALUES (5370,18,2017100500,0,0);
INSERT INTO `predictions` VALUES (5373,18,2017100804,0,0);
INSERT INTO `predictions` VALUES (5376,18,2017100802,0,0);
INSERT INTO `predictions` VALUES (5379,18,2017100810,0,0);
INSERT INTO `predictions` VALUES (5382,18,2017100809,0,0);
INSERT INTO `predictions` VALUES (5385,18,2017100803,0,0);
INSERT INTO `predictions` VALUES (5388,18,2017100807,0,0);
INSERT INTO `predictions` VALUES (5391,18,2017100806,0,0);
INSERT INTO `predictions` VALUES (5394,18,2017100808,0,0);
INSERT INTO `predictions` VALUES (5397,18,2017100805,0,0);
INSERT INTO `predictions` VALUES (5400,18,2017100900,0,0);
INSERT INTO `predictions` VALUES (5403,18,2017100811,0,0);
INSERT INTO `predictions` VALUES (5406,18,2017101507,0,0);
INSERT INTO `predictions` VALUES (5409,18,2017101200,0,0);
INSERT INTO `predictions` VALUES (5412,18,2017101501,0,0);
INSERT INTO `predictions` VALUES (5415,18,2017101509,0,0);
INSERT INTO `predictions` VALUES (5418,18,2017101510,0,0);
INSERT INTO `predictions` VALUES (5421,18,2017101503,0,0);
INSERT INTO `predictions` VALUES (5424,18,2017101502,0,0);
INSERT INTO `predictions` VALUES (5427,18,2017101505,0,0);
INSERT INTO `predictions` VALUES (5430,18,2017101500,0,0);
INSERT INTO `predictions` VALUES (5433,18,2017101504,0,0);
INSERT INTO `predictions` VALUES (5436,18,2017101506,0,0);
INSERT INTO `predictions` VALUES (5439,18,2017101508,0,0);
INSERT INTO `predictions` VALUES (5442,18,2017101600,0,0);
INSERT INTO `predictions` VALUES (5445,18,2017101511,0,0);
INSERT INTO `predictions` VALUES (5448,18,2017102203,0,0);
INSERT INTO `predictions` VALUES (5451,18,2017101900,0,0);
INSERT INTO `predictions` VALUES (5454,18,2017102200,0,0);
INSERT INTO `predictions` VALUES (5457,18,2017102209,0,0);
INSERT INTO `predictions` VALUES (5460,18,2017102201,0,0);
INSERT INTO `predictions` VALUES (5463,18,2017102202,0,0);
INSERT INTO `predictions` VALUES (5466,18,2017102204,0,0);
INSERT INTO `predictions` VALUES (5469,18,2017102205,0,0);
INSERT INTO `predictions` VALUES (5472,18,2017102206,0,0);
INSERT INTO `predictions` VALUES (5475,18,2017102207,0,0);
INSERT INTO `predictions` VALUES (5478,18,2017102208,0,0);
INSERT INTO `predictions` VALUES (5481,18,2017102210,0,0);
INSERT INTO `predictions` VALUES (5484,18,2017102211,0,0);
INSERT INTO `predictions` VALUES (5487,18,2017102212,0,0);
INSERT INTO `predictions` VALUES (5490,18,2017102300,0,0);
INSERT INTO `predictions` VALUES (5493,18,2017102900,0,0);
INSERT INTO `predictions` VALUES (5496,18,2017102903,0,0);
INSERT INTO `predictions` VALUES (5499,18,2017102901,0,0);
INSERT INTO `predictions` VALUES (5502,18,2017102600,0,0);
INSERT INTO `predictions` VALUES (5505,18,2017102906,0,0);
INSERT INTO `predictions` VALUES (5508,18,2017103000,0,0);
INSERT INTO `predictions` VALUES (5511,18,2017102904,0,0);
INSERT INTO `predictions` VALUES (5514,18,2017102902,0,0);
INSERT INTO `predictions` VALUES (5517,18,2017102905,0,0);
INSERT INTO `predictions` VALUES (5520,18,2017102907,0,0);
INSERT INTO `predictions` VALUES (5523,18,2017102908,0,0);
INSERT INTO `predictions` VALUES (5526,18,2017102909,0,0);
INSERT INTO `predictions` VALUES (5529,18,2017102910,0,0);
INSERT INTO `predictions` VALUES (5532,18,2017110501,0,0);
INSERT INTO `predictions` VALUES (5535,18,2017110502,0,0);
INSERT INTO `predictions` VALUES (5538,18,2017110200,0,0);
INSERT INTO `predictions` VALUES (5541,18,2017110503,0,0);
INSERT INTO `predictions` VALUES (5544,18,2017110504,0,0);
INSERT INTO `predictions` VALUES (5547,18,2017110507,0,0);
INSERT INTO `predictions` VALUES (5550,18,2017110500,0,0);
INSERT INTO `predictions` VALUES (5553,18,2017110506,0,0);
INSERT INTO `predictions` VALUES (5556,18,2017110508,0,0);
INSERT INTO `predictions` VALUES (5559,18,2017110505,0,0);
INSERT INTO `predictions` VALUES (5562,18,2017110510,0,0);
INSERT INTO `predictions` VALUES (5565,18,2017110509,0,0);
INSERT INTO `predictions` VALUES (5568,18,2017110600,0,0);
INSERT INTO `predictions` VALUES (5571,18,2017110900,0,0);
INSERT INTO `predictions` VALUES (5574,18,2017111201,0,0);
INSERT INTO `predictions` VALUES (5577,18,2017111209,0,0);
INSERT INTO `predictions` VALUES (5580,18,2017111200,0,0);
INSERT INTO `predictions` VALUES (5583,18,2017111202,0,0);
INSERT INTO `predictions` VALUES (5586,18,2017111204,0,0);
INSERT INTO `predictions` VALUES (5589,18,2017111203,0,0);
INSERT INTO `predictions` VALUES (5592,18,2017111205,0,0);
INSERT INTO `predictions` VALUES (5595,18,2017111206,0,0);
INSERT INTO `predictions` VALUES (5598,18,2017111210,0,0);
INSERT INTO `predictions` VALUES (5601,18,2017111207,0,0);
INSERT INTO `predictions` VALUES (5604,18,2017111208,0,0);
INSERT INTO `predictions` VALUES (5607,18,2017111300,0,0);
INSERT INTO `predictions` VALUES (5610,18,2017111211,0,0);
INSERT INTO `predictions` VALUES (5613,18,2017111600,0,0);
INSERT INTO `predictions` VALUES (5616,18,2017111901,0,0);
INSERT INTO `predictions` VALUES (5619,18,2017111902,0,0);
INSERT INTO `predictions` VALUES (5622,18,2017111903,0,0);
INSERT INTO `predictions` VALUES (5625,18,2017111904,0,0);
INSERT INTO `predictions` VALUES (5628,18,2017111905,0,0);
INSERT INTO `predictions` VALUES (5631,18,2017111900,0,0);
INSERT INTO `predictions` VALUES (5634,18,2017111906,0,0);
INSERT INTO `predictions` VALUES (5637,18,2017111908,0,0);
INSERT INTO `predictions` VALUES (5640,18,2017111907,0,0);
INSERT INTO `predictions` VALUES (5643,18,2017111909,0,0);
INSERT INTO `predictions` VALUES (5646,18,2017111910,0,0);
INSERT INTO `predictions` VALUES (5649,18,2017112000,0,0);
INSERT INTO `predictions` VALUES (5652,18,2017112600,0,0);
INSERT INTO `predictions` VALUES (5655,18,2017112603,0,0);
INSERT INTO `predictions` VALUES (5658,18,2017112300,0,0);
INSERT INTO `predictions` VALUES (5661,18,2017112607,0,0);
INSERT INTO `predictions` VALUES (5664,18,2017112602,0,0);
INSERT INTO `predictions` VALUES (5667,18,2017112301,0,0);
INSERT INTO `predictions` VALUES (5670,18,2017112604,0,0);
INSERT INTO `predictions` VALUES (5673,18,2017112302,0,0);
INSERT INTO `predictions` VALUES (5676,18,2017112601,0,0);
INSERT INTO `predictions` VALUES (5679,18,2017112606,0,0);
INSERT INTO `predictions` VALUES (5682,18,2017112605,0,0);
INSERT INTO `predictions` VALUES (5685,18,2017112608,0,0);
INSERT INTO `predictions` VALUES (5688,18,2017112609,0,0);
INSERT INTO `predictions` VALUES (5691,18,2017112610,0,0);
INSERT INTO `predictions` VALUES (5694,18,2017112700,0,0);
INSERT INTO `predictions` VALUES (5697,18,2017112611,0,0);
INSERT INTO `predictions` VALUES (5700,18,2017120302,0,0);
INSERT INTO `predictions` VALUES (5703,18,2017120300,1,1);
INSERT INTO `predictions` VALUES (5706,18,2017113000,0,0);
INSERT INTO `predictions` VALUES (5709,18,2017120310,0,0);
INSERT INTO `predictions` VALUES (5712,18,2017120301,0,0);
INSERT INTO `predictions` VALUES (5715,18,2017120303,0,0);
INSERT INTO `predictions` VALUES (5718,18,2017120304,0,0);
INSERT INTO `predictions` VALUES (5721,18,2017120305,0,0);
INSERT INTO `predictions` VALUES (5724,18,2017120306,0,0);
INSERT INTO `predictions` VALUES (5727,18,2017120307,0,0);
INSERT INTO `predictions` VALUES (5730,18,2017120308,0,0);
INSERT INTO `predictions` VALUES (5733,18,2017120309,0,0);
INSERT INTO `predictions` VALUES (5736,18,2017120311,0,0);
INSERT INTO `predictions` VALUES (5739,18,2017120312,0,0);
INSERT INTO `predictions` VALUES (5742,18,2017120313,0,0);
INSERT INTO `predictions` VALUES (5745,18,2017120400,0,0);
INSERT INTO `predictions` VALUES (5748,18,2017121001,0,0);
INSERT INTO `predictions` VALUES (5751,18,2017121002,0,0);
INSERT INTO `predictions` VALUES (5754,18,2017120700,0,0);
INSERT INTO `predictions` VALUES (5757,18,2017121000,0,0);
INSERT INTO `predictions` VALUES (5760,18,2017121009,0,0);
INSERT INTO `predictions` VALUES (5763,18,2017121010,0,0);
INSERT INTO `predictions` VALUES (5766,18,2017121003,0,0);
INSERT INTO `predictions` VALUES (5769,18,2017121004,0,0);
INSERT INTO `predictions` VALUES (5772,18,2017121005,0,0);
INSERT INTO `predictions` VALUES (5775,18,2017121006,0,0);
INSERT INTO `predictions` VALUES (5778,18,2017121007,0,0);
INSERT INTO `predictions` VALUES (5781,18,2017121008,0,0);
INSERT INTO `predictions` VALUES (5784,18,2017121011,0,0);
INSERT INTO `predictions` VALUES (5787,18,2017121013,0,0);
INSERT INTO `predictions` VALUES (5790,18,2017121012,0,0);
INSERT INTO `predictions` VALUES (5793,18,2017121100,0,0);
INSERT INTO `predictions` VALUES (5796,18,2017121708,0,0);
INSERT INTO `predictions` VALUES (5799,18,2017121703,0,0);
INSERT INTO `predictions` VALUES (5802,18,2017121400,0,0);
INSERT INTO `predictions` VALUES (5805,18,2017121600,0,0);
INSERT INTO `predictions` VALUES (5808,18,2017121707,0,0);
INSERT INTO `predictions` VALUES (5811,18,2017121601,0,0);
INSERT INTO `predictions` VALUES (5814,18,2017121702,0,0);
INSERT INTO `predictions` VALUES (5817,18,2017121701,0,0);
INSERT INTO `predictions` VALUES (5820,18,2017121704,0,0);
INSERT INTO `predictions` VALUES (5823,18,2017121700,0,0);
INSERT INTO `predictions` VALUES (5826,18,2017121705,0,0);
INSERT INTO `predictions` VALUES (5829,18,2017121706,0,0);
INSERT INTO `predictions` VALUES (5832,18,2017121709,0,0);
INSERT INTO `predictions` VALUES (5835,18,2017121710,0,0);
INSERT INTO `predictions` VALUES (5838,18,2017121711,0,0);
INSERT INTO `predictions` VALUES (5841,18,2017121800,0,0);
INSERT INTO `predictions` VALUES (5844,18,2017122402,0,0);
INSERT INTO `predictions` VALUES (5847,18,2017122403,0,0);
INSERT INTO `predictions` VALUES (5850,18,2017122300,0,0);
INSERT INTO `predictions` VALUES (5853,18,2017122301,0,0);
INSERT INTO `predictions` VALUES (5856,18,2017122408,0,0);
INSERT INTO `predictions` VALUES (5859,18,2017122409,0,0);
INSERT INTO `predictions` VALUES (5862,18,2017122404,0,0);
INSERT INTO `predictions` VALUES (5865,18,2017122401,0,0);
INSERT INTO `predictions` VALUES (5868,18,2017122400,0,0);
INSERT INTO `predictions` VALUES (5871,18,2017122405,0,0);
INSERT INTO `predictions` VALUES (5874,18,2017122406,0,0);
INSERT INTO `predictions` VALUES (5877,18,2017122411,0,0);
INSERT INTO `predictions` VALUES (5880,18,2017122407,0,0);
INSERT INTO `predictions` VALUES (5883,18,2017122410,0,0);
INSERT INTO `predictions` VALUES (5886,18,2017122500,0,0);
INSERT INTO `predictions` VALUES (5889,18,2017122501,0,0);
INSERT INTO `predictions` VALUES (5892,18,2017123100,0,0);
INSERT INTO `predictions` VALUES (5895,18,2017123102,0,0);
INSERT INTO `predictions` VALUES (5898,18,2017123105,0,0);
INSERT INTO `predictions` VALUES (5901,18,2017123103,0,0);
INSERT INTO `predictions` VALUES (5904,18,2017123108,0,0);
INSERT INTO `predictions` VALUES (5907,18,2017123106,0,0);
INSERT INTO `predictions` VALUES (5910,18,2017123110,0,0);
INSERT INTO `predictions` VALUES (5913,18,2017123109,0,0);
INSERT INTO `predictions` VALUES (5916,18,2017123104,0,0);
INSERT INTO `predictions` VALUES (5919,18,2017123111,0,0);
INSERT INTO `predictions` VALUES (5922,18,2017123101,0,0);
INSERT INTO `predictions` VALUES (5925,18,2017123115,0,0);
INSERT INTO `predictions` VALUES (5928,18,2017123112,0,0);
INSERT INTO `predictions` VALUES (5931,18,2017123113,0,0);
INSERT INTO `predictions` VALUES (5934,18,2017123114,0,0);
INSERT INTO `predictions` VALUES (5937,18,2017123107,0,0);
INSERT INTO `predictions` VALUES (7984,23,2017090700,1,1);
INSERT INTO `predictions` VALUES (7985,23,2017091000,1,1);
INSERT INTO `predictions` VALUES (7986,23,2017091001,1,0);
INSERT INTO `predictions` VALUES (7987,23,2017091002,1,0);
INSERT INTO `predictions` VALUES (7988,23,2017091003,1,0);
INSERT INTO `predictions` VALUES (7989,23,2017091004,1,1);
INSERT INTO `predictions` VALUES (7990,23,2017091005,1,1);
INSERT INTO `predictions` VALUES (7992,23,2017091007,1,0);
INSERT INTO `predictions` VALUES (7993,23,2017091008,1,0);
INSERT INTO `predictions` VALUES (7994,23,2017091009,1,0);
INSERT INTO `predictions` VALUES (7995,23,2017091010,1,1);
INSERT INTO `predictions` VALUES (7996,23,2017091011,1,0);
INSERT INTO `predictions` VALUES (7997,23,2017091012,1,0);
INSERT INTO `predictions` VALUES (7998,23,2017091100,1,1);
INSERT INTO `predictions` VALUES (7999,23,2017091101,1,1);
INSERT INTO `predictions` VALUES (8000,23,2017091400,1,1);
INSERT INTO `predictions` VALUES (8001,23,2017091700,1,1);
INSERT INTO `predictions` VALUES (8002,23,2017091701,1,1);
INSERT INTO `predictions` VALUES (8003,23,2017091702,1,0);
INSERT INTO `predictions` VALUES (8004,23,2017091703,1,1);
INSERT INTO `predictions` VALUES (8005,23,2017091704,1,1);
INSERT INTO `predictions` VALUES (8006,23,2017091705,1,0);
INSERT INTO `predictions` VALUES (8007,23,2017091706,1,1);
INSERT INTO `predictions` VALUES (8008,23,2017091707,1,1);
INSERT INTO `predictions` VALUES (8009,23,2017091708,1,1);
INSERT INTO `predictions` VALUES (8010,23,2017091709,1,1);
INSERT INTO `predictions` VALUES (8011,23,2017091710,1,0);
INSERT INTO `predictions` VALUES (8012,23,2017091711,1,1);
INSERT INTO `predictions` VALUES (8013,23,2017091712,1,1);
INSERT INTO `predictions` VALUES (8014,23,2017091713,1,0);
INSERT INTO `predictions` VALUES (8015,23,2017091800,1,0);
INSERT INTO `predictions` VALUES (8016,23,2017092100,1,0);
INSERT INTO `predictions` VALUES (8017,23,2017092400,1,0);
INSERT INTO `predictions` VALUES (8018,23,2017092401,1,0);
INSERT INTO `predictions` VALUES (8019,23,2017092402,1,0);
INSERT INTO `predictions` VALUES (8020,23,2017092403,1,0);
INSERT INTO `predictions` VALUES (8021,23,2017092404,0,0);
INSERT INTO `predictions` VALUES (8022,23,2017092405,1,1);
INSERT INTO `predictions` VALUES (8023,23,2017092406,1,1);
INSERT INTO `predictions` VALUES (8024,23,2017092407,1,1);
INSERT INTO `predictions` VALUES (8025,23,2017092408,1,0);
INSERT INTO `predictions` VALUES (8026,23,2017092409,1,1);
INSERT INTO `predictions` VALUES (8027,23,2017092410,1,1);
INSERT INTO `predictions` VALUES (8028,23,2017092411,1,1);
INSERT INTO `predictions` VALUES (8029,23,2017092412,1,0);
INSERT INTO `predictions` VALUES (8030,23,2017092413,1,0);
INSERT INTO `predictions` VALUES (8031,23,2017092500,1,0);
INSERT INTO `predictions` VALUES (8032,23,2017092800,1,1);
INSERT INTO `predictions` VALUES (8033,23,2017100100,1,1);
INSERT INTO `predictions` VALUES (8034,23,2017100101,1,1);
INSERT INTO `predictions` VALUES (8035,23,2017100102,1,1);
INSERT INTO `predictions` VALUES (8036,23,2017100103,1,0);
INSERT INTO `predictions` VALUES (8037,23,2017100104,1,1);
INSERT INTO `predictions` VALUES (8038,23,2017100105,1,1);
INSERT INTO `predictions` VALUES (8039,23,2017100106,1,0);
INSERT INTO `predictions` VALUES (8040,23,2017100107,1,1);
INSERT INTO `predictions` VALUES (8041,23,2017100108,1,0);
INSERT INTO `predictions` VALUES (8042,23,2017100109,1,1);
INSERT INTO `predictions` VALUES (8043,23,2017100110,1,0);
INSERT INTO `predictions` VALUES (8044,23,2017100111,1,1);
INSERT INTO `predictions` VALUES (8045,23,2017100112,1,0);
INSERT INTO `predictions` VALUES (8046,23,2017100113,1,1);
INSERT INTO `predictions` VALUES (8047,23,2017100200,1,1);
INSERT INTO `predictions` VALUES (8048,23,2017100500,1,0);
INSERT INTO `predictions` VALUES (8049,23,2017100800,1,0);
INSERT INTO `predictions` VALUES (8050,23,2017100801,1,0);
INSERT INTO `predictions` VALUES (8051,23,2017100802,1,1);
INSERT INTO `predictions` VALUES (8052,23,2017100803,1,1);
INSERT INTO `predictions` VALUES (8053,23,2017100804,1,0);
INSERT INTO `predictions` VALUES (8054,23,2017100805,1,0);
INSERT INTO `predictions` VALUES (8055,23,2017100806,1,1);
INSERT INTO `predictions` VALUES (8056,23,2017100807,1,1);
INSERT INTO `predictions` VALUES (8057,23,2017100808,1,0);
INSERT INTO `predictions` VALUES (8058,23,2017100809,1,0);
INSERT INTO `predictions` VALUES (8059,23,2017100810,1,0);
INSERT INTO `predictions` VALUES (8060,23,2017100811,1,0);
INSERT INTO `predictions` VALUES (8061,23,2017100900,1,0);
INSERT INTO `predictions` VALUES (8062,23,2017101200,1,0);
INSERT INTO `predictions` VALUES (8063,23,2017101500,1,1);
INSERT INTO `predictions` VALUES (8064,23,2017101501,1,1);
INSERT INTO `predictions` VALUES (8065,23,2017101502,1,1);
INSERT INTO `predictions` VALUES (8066,23,2017101503,1,0);
INSERT INTO `predictions` VALUES (8067,23,2017101504,1,0);
INSERT INTO `predictions` VALUES (8068,23,2017101505,1,0);
INSERT INTO `predictions` VALUES (8069,23,2017101506,1,1);
INSERT INTO `predictions` VALUES (8070,23,2017101507,1,1);
INSERT INTO `predictions` VALUES (8071,23,2017101508,1,0);
INSERT INTO `predictions` VALUES (8072,23,2017101509,1,1);
INSERT INTO `predictions` VALUES (8073,23,2017101510,1,1);
INSERT INTO `predictions` VALUES (8074,23,2017101511,1,1);
INSERT INTO `predictions` VALUES (8075,23,2017101600,1,0);
INSERT INTO `predictions` VALUES (8076,23,2017101900,1,0);
INSERT INTO `predictions` VALUES (8077,23,2017102200,1,0);
INSERT INTO `predictions` VALUES (8078,23,2017102201,1,0);
INSERT INTO `predictions` VALUES (8079,23,2017102202,1,0);
INSERT INTO `predictions` VALUES (8080,23,2017102203,1,0);
INSERT INTO `predictions` VALUES (8081,23,2017102204,1,0);
INSERT INTO `predictions` VALUES (8082,23,2017102205,1,1);
INSERT INTO `predictions` VALUES (8083,23,2017102206,1,0);
INSERT INTO `predictions` VALUES (8084,23,2017102207,1,1);
INSERT INTO `predictions` VALUES (8085,23,2017102208,1,1);
INSERT INTO `predictions` VALUES (8086,23,2017102209,1,0);
INSERT INTO `predictions` VALUES (8087,23,2017102210,1,0);
INSERT INTO `predictions` VALUES (8088,23,2017102211,1,0);
INSERT INTO `predictions` VALUES (8089,23,2017102212,1,1);
INSERT INTO `predictions` VALUES (8090,23,2017102300,1,1);
INSERT INTO `predictions` VALUES (8091,23,2017102600,1,1);
INSERT INTO `predictions` VALUES (8092,23,2017102900,1,0);
INSERT INTO `predictions` VALUES (8093,23,2017102901,1,0);
INSERT INTO `predictions` VALUES (8094,23,2017102902,1,1);
INSERT INTO `predictions` VALUES (8095,23,2017102903,1,1);
INSERT INTO `predictions` VALUES (8096,23,2017102904,1,0);
INSERT INTO `predictions` VALUES (8097,23,2017102905,1,0);
INSERT INTO `predictions` VALUES (8098,23,2017102906,1,1);
INSERT INTO `predictions` VALUES (8099,23,2017102907,1,1);
INSERT INTO `predictions` VALUES (8100,23,2017102908,1,1);
INSERT INTO `predictions` VALUES (8101,23,2017102909,1,0);
INSERT INTO `predictions` VALUES (8102,23,2017102910,1,1);
INSERT INTO `predictions` VALUES (8103,23,2017103000,1,1);
INSERT INTO `predictions` VALUES (8104,23,2017110200,1,0);
INSERT INTO `predictions` VALUES (8105,23,2017110500,1,1);
INSERT INTO `predictions` VALUES (8106,23,2017110501,1,1);
INSERT INTO `predictions` VALUES (8107,23,2017110502,1,1);
INSERT INTO `predictions` VALUES (8108,23,2017110503,1,1);
INSERT INTO `predictions` VALUES (8109,23,2017110504,1,0);
INSERT INTO `predictions` VALUES (8110,23,2017110505,1,1);
INSERT INTO `predictions` VALUES (8111,23,2017110506,0,0);
INSERT INTO `predictions` VALUES (8112,23,2017110507,1,1);
INSERT INTO `predictions` VALUES (8113,23,2017110508,1,1);
INSERT INTO `predictions` VALUES (8114,23,2017110509,1,0);
INSERT INTO `predictions` VALUES (8115,23,2017110510,1,0);
INSERT INTO `predictions` VALUES (8116,23,2017110600,1,0);
INSERT INTO `predictions` VALUES (8117,23,2017110900,1,0);
INSERT INTO `predictions` VALUES (8118,23,2017111200,1,0);
INSERT INTO `predictions` VALUES (8119,23,2017111201,1,0);
INSERT INTO `predictions` VALUES (8120,23,2017111202,1,1);
INSERT INTO `predictions` VALUES (8121,23,2017111203,1,0);
INSERT INTO `predictions` VALUES (8122,23,2017111204,1,1);
INSERT INTO `predictions` VALUES (8123,23,2017111205,1,1);
INSERT INTO `predictions` VALUES (8124,23,2017111206,1,1);
INSERT INTO `predictions` VALUES (8125,23,2017111207,1,0);
INSERT INTO `predictions` VALUES (8126,23,2017111208,1,1);
INSERT INTO `predictions` VALUES (8127,23,2017111209,1,0);
INSERT INTO `predictions` VALUES (8128,23,2017111210,1,1);
INSERT INTO `predictions` VALUES (8129,23,2017111211,1,0);
INSERT INTO `predictions` VALUES (8130,23,2017111300,1,1);
INSERT INTO `predictions` VALUES (8131,23,2017111600,1,1);
INSERT INTO `predictions` VALUES (8132,23,2017111900,1,0);
INSERT INTO `predictions` VALUES (8133,23,2017111901,1,0);
INSERT INTO `predictions` VALUES (8134,23,2017111902,1,0);
INSERT INTO `predictions` VALUES (8135,23,2017111903,1,1);
INSERT INTO `predictions` VALUES (8136,23,2017111904,1,1);
INSERT INTO `predictions` VALUES (8137,23,2017111905,1,1);
INSERT INTO `predictions` VALUES (8138,23,2017111906,1,0);
INSERT INTO `predictions` VALUES (8139,23,2017111907,1,1);
INSERT INTO `predictions` VALUES (8140,23,2017111908,1,1);
INSERT INTO `predictions` VALUES (8141,23,2017111909,1,0);
INSERT INTO `predictions` VALUES (8142,23,2017111910,1,0);
INSERT INTO `predictions` VALUES (8143,23,2017112000,1,0);
INSERT INTO `predictions` VALUES (8144,23,2017112300,1,0);
INSERT INTO `predictions` VALUES (8145,23,2017112301,1,1);
INSERT INTO `predictions` VALUES (8146,23,2017112302,1,1);
INSERT INTO `predictions` VALUES (8147,23,2017112600,1,1);
INSERT INTO `predictions` VALUES (8148,23,2017112601,1,1);
INSERT INTO `predictions` VALUES (8149,23,2017112602,1,1);
INSERT INTO `predictions` VALUES (8150,23,2017112603,1,1);
INSERT INTO `predictions` VALUES (8151,23,2017112604,1,1);
INSERT INTO `predictions` VALUES (8152,23,2017112605,1,0);
INSERT INTO `predictions` VALUES (8153,23,2017112606,1,1);
INSERT INTO `predictions` VALUES (8154,23,2017112607,1,1);
INSERT INTO `predictions` VALUES (8155,23,2017112608,1,0);
INSERT INTO `predictions` VALUES (8156,23,2017112609,1,0);
INSERT INTO `predictions` VALUES (8157,23,2017112610,1,1);
INSERT INTO `predictions` VALUES (8158,23,2017112611,1,1);
INSERT INTO `predictions` VALUES (8159,23,2017112700,1,1);
INSERT INTO `predictions` VALUES (8160,23,2017113000,1,0);
INSERT INTO `predictions` VALUES (8161,23,2017120300,1,0);
INSERT INTO `predictions` VALUES (8162,23,2017120301,1,0);
INSERT INTO `predictions` VALUES (8163,23,2017120302,1,0);
INSERT INTO `predictions` VALUES (8164,23,2017120303,1,0);
INSERT INTO `predictions` VALUES (8165,23,2017120304,1,1);
INSERT INTO `predictions` VALUES (8166,23,2017120305,1,1);
INSERT INTO `predictions` VALUES (8167,23,2017120306,1,0);
INSERT INTO `predictions` VALUES (8168,23,2017120307,1,1);
INSERT INTO `predictions` VALUES (8169,23,2017120308,1,0);
INSERT INTO `predictions` VALUES (8170,23,2017120309,1,1);
INSERT INTO `predictions` VALUES (8171,23,2017120310,1,1);
INSERT INTO `predictions` VALUES (8172,23,2017120311,1,0);
INSERT INTO `predictions` VALUES (8173,23,2017120312,1,1);
INSERT INTO `predictions` VALUES (8174,23,2017120313,1,0);
INSERT INTO `predictions` VALUES (8175,23,2017120400,1,0);
INSERT INTO `predictions` VALUES (8176,23,2017120700,1,0);
INSERT INTO `predictions` VALUES (8177,23,2017121000,1,0);
INSERT INTO `predictions` VALUES (8178,23,2017121001,1,0);
INSERT INTO `predictions` VALUES (8179,23,2017121002,1,1);
INSERT INTO `predictions` VALUES (8180,23,2017121003,1,0);
INSERT INTO `predictions` VALUES (8181,23,2017121004,1,0);
INSERT INTO `predictions` VALUES (8182,23,2017121005,1,0);
INSERT INTO `predictions` VALUES (8183,23,2017121006,1,0);
INSERT INTO `predictions` VALUES (8184,23,2017121007,1,0);
INSERT INTO `predictions` VALUES (8185,23,2017121008,1,0);
INSERT INTO `predictions` VALUES (8186,23,2017121009,1,1);
INSERT INTO `predictions` VALUES (8187,23,2017121010,1,1);
INSERT INTO `predictions` VALUES (8188,23,2017121011,1,0);
INSERT INTO `predictions` VALUES (8189,23,2017121012,1,0);
INSERT INTO `predictions` VALUES (8190,23,2017121013,1,0);
INSERT INTO `predictions` VALUES (8191,23,2017121100,1,0);
INSERT INTO `predictions` VALUES (8192,23,2017121400,1,0);
INSERT INTO `predictions` VALUES (8193,23,2017121600,1,1);
INSERT INTO `predictions` VALUES (8194,23,2017121601,1,0);
INSERT INTO `predictions` VALUES (8195,23,2017121700,1,0);
INSERT INTO `predictions` VALUES (8196,23,2017121701,1,0);
INSERT INTO `predictions` VALUES (8197,23,2017121702,1,0);
INSERT INTO `predictions` VALUES (8198,23,2017121703,1,1);
INSERT INTO `predictions` VALUES (8199,23,2017121704,1,1);
INSERT INTO `predictions` VALUES (8200,23,2017121705,1,1);
INSERT INTO `predictions` VALUES (8201,23,2017121706,1,0);
INSERT INTO `predictions` VALUES (8202,23,2017121707,1,1);
INSERT INTO `predictions` VALUES (8203,23,2017121708,1,0);
INSERT INTO `predictions` VALUES (8204,23,2017121709,1,0);
INSERT INTO `predictions` VALUES (8205,23,2017121710,1,0);
INSERT INTO `predictions` VALUES (8206,23,2017121711,1,0);
INSERT INTO `predictions` VALUES (8207,23,2017121800,1,0);
INSERT INTO `predictions` VALUES (8208,23,2017122300,1,1);
INSERT INTO `predictions` VALUES (8209,23,2017122301,1,0);
INSERT INTO `predictions` VALUES (8210,23,2017122400,1,1);
INSERT INTO `predictions` VALUES (8211,23,2017122401,1,1);
INSERT INTO `predictions` VALUES (8212,23,2017122402,1,0);
INSERT INTO `predictions` VALUES (8213,23,2017122403,1,1);
INSERT INTO `predictions` VALUES (8214,23,2017122404,1,1);
INSERT INTO `predictions` VALUES (8215,23,2017122405,1,1);
INSERT INTO `predictions` VALUES (8216,23,2017122406,1,0);
INSERT INTO `predictions` VALUES (8217,23,2017122407,1,0);
INSERT INTO `predictions` VALUES (8218,23,2017122408,1,0);
INSERT INTO `predictions` VALUES (8219,23,2017122409,1,0);
INSERT INTO `predictions` VALUES (8220,23,2017122410,1,0);
INSERT INTO `predictions` VALUES (8221,23,2017122411,1,1);
INSERT INTO `predictions` VALUES (8222,23,2017122500,1,0);
INSERT INTO `predictions` VALUES (8223,23,2017122501,1,1);
INSERT INTO `predictions` VALUES (8224,23,2017123100,1,0);
INSERT INTO `predictions` VALUES (8225,23,2017123101,1,1);
INSERT INTO `predictions` VALUES (8226,23,2017123102,1,1);
INSERT INTO `predictions` VALUES (8227,23,2017123103,1,1);
INSERT INTO `predictions` VALUES (8228,23,2017123104,1,1);
INSERT INTO `predictions` VALUES (8229,23,2017123105,1,1);
INSERT INTO `predictions` VALUES (8230,23,2017123106,1,1);
INSERT INTO `predictions` VALUES (8231,23,2017123107,1,0);
INSERT INTO `predictions` VALUES (8232,23,2017123108,1,1);
INSERT INTO `predictions` VALUES (8233,23,2017123109,1,1);
INSERT INTO `predictions` VALUES (8234,23,2017123110,1,0);
INSERT INTO `predictions` VALUES (8235,23,2017123111,1,0);
INSERT INTO `predictions` VALUES (8236,23,2017123112,1,0);
INSERT INTO `predictions` VALUES (8237,23,2017123113,1,0);
INSERT INTO `predictions` VALUES (8238,23,2017123114,1,1);
INSERT INTO `predictions` VALUES (8239,23,2017123115,1,1);
INSERT INTO `predictions` VALUES (8751,25,2017090700,1,1);
INSERT INTO `predictions` VALUES (8752,25,2017091000,1,1);
INSERT INTO `predictions` VALUES (8753,25,2017091001,1,0);
INSERT INTO `predictions` VALUES (8754,25,2017091002,1,0);
INSERT INTO `predictions` VALUES (8755,25,2017091003,1,0);
INSERT INTO `predictions` VALUES (8756,25,2017091004,1,0);
INSERT INTO `predictions` VALUES (8757,25,2017091005,1,1);
INSERT INTO `predictions` VALUES (8759,25,2017091007,1,0);
INSERT INTO `predictions` VALUES (8760,25,2017091008,1,0);
INSERT INTO `predictions` VALUES (8761,25,2017091009,1,1);
INSERT INTO `predictions` VALUES (8762,25,2017091010,1,1);
INSERT INTO `predictions` VALUES (8763,25,2017091011,1,0);
INSERT INTO `predictions` VALUES (8764,25,2017091012,1,1);
INSERT INTO `predictions` VALUES (8765,25,2017091100,1,0);
INSERT INTO `predictions` VALUES (8766,25,2017091101,1,1);
INSERT INTO `predictions` VALUES (8767,25,2017091400,1,0);
INSERT INTO `predictions` VALUES (8768,25,2017091700,1,1);
INSERT INTO `predictions` VALUES (8769,25,2017091701,1,1);
INSERT INTO `predictions` VALUES (8770,25,2017091702,1,0);
INSERT INTO `predictions` VALUES (8771,25,2017091703,1,0);
INSERT INTO `predictions` VALUES (8772,25,2017091704,1,1);
INSERT INTO `predictions` VALUES (8773,25,2017091705,1,0);
INSERT INTO `predictions` VALUES (8774,25,2017091706,1,1);
INSERT INTO `predictions` VALUES (8775,25,2017091707,1,0);
INSERT INTO `predictions` VALUES (8776,25,2017091708,1,1);
INSERT INTO `predictions` VALUES (8777,25,2017091709,1,1);
INSERT INTO `predictions` VALUES (8778,25,2017091710,1,0);
INSERT INTO `predictions` VALUES (8779,25,2017091711,1,1);
INSERT INTO `predictions` VALUES (8780,25,2017091712,1,1);
INSERT INTO `predictions` VALUES (8781,25,2017091713,1,0);
INSERT INTO `predictions` VALUES (8782,25,2017091800,1,0);
INSERT INTO `predictions` VALUES (8783,25,2017092100,1,0);
INSERT INTO `predictions` VALUES (8784,25,2017092400,1,0);
INSERT INTO `predictions` VALUES (8785,25,2017092401,1,0);
INSERT INTO `predictions` VALUES (8786,25,2017092402,1,1);
INSERT INTO `predictions` VALUES (8787,25,2017092403,1,0);
INSERT INTO `predictions` VALUES (8788,25,2017092404,1,0);
INSERT INTO `predictions` VALUES (8789,25,2017092405,1,0);
INSERT INTO `predictions` VALUES (8790,25,2017092406,1,0);
INSERT INTO `predictions` VALUES (8791,25,2017092407,1,1);
INSERT INTO `predictions` VALUES (8792,25,2017092408,1,0);
INSERT INTO `predictions` VALUES (8793,25,2017092409,1,1);
INSERT INTO `predictions` VALUES (8794,25,2017092410,1,1);
INSERT INTO `predictions` VALUES (8795,25,2017092411,1,1);
INSERT INTO `predictions` VALUES (8796,25,2017092412,1,0);
INSERT INTO `predictions` VALUES (8797,25,2017092413,1,0);
INSERT INTO `predictions` VALUES (8798,25,2017092500,1,0);
INSERT INTO `predictions` VALUES (8799,25,2017092800,1,1);
INSERT INTO `predictions` VALUES (8800,25,2017100100,1,0);
INSERT INTO `predictions` VALUES (8801,25,2017100101,1,1);
INSERT INTO `predictions` VALUES (8802,25,2017100102,1,0);
INSERT INTO `predictions` VALUES (8803,25,2017100103,1,1);
INSERT INTO `predictions` VALUES (8804,25,2017100104,1,1);
INSERT INTO `predictions` VALUES (8805,25,2017100105,1,0);
INSERT INTO `predictions` VALUES (8806,25,2017100106,1,0);
INSERT INTO `predictions` VALUES (8807,25,2017100107,1,1);
INSERT INTO `predictions` VALUES (8808,25,2017100108,1,0);
INSERT INTO `predictions` VALUES (8809,25,2017100109,1,1);
INSERT INTO `predictions` VALUES (8810,25,2017100110,1,0);
INSERT INTO `predictions` VALUES (8811,25,2017100111,1,0);
INSERT INTO `predictions` VALUES (8812,25,2017100112,1,0);
INSERT INTO `predictions` VALUES (8813,25,2017100113,1,1);
INSERT INTO `predictions` VALUES (8814,25,2017100200,1,1);
INSERT INTO `predictions` VALUES (8815,25,2017100500,1,0);
INSERT INTO `predictions` VALUES (8816,25,2017100800,1,0);
INSERT INTO `predictions` VALUES (8817,25,2017100801,1,0);
INSERT INTO `predictions` VALUES (8818,25,2017100802,1,1);
INSERT INTO `predictions` VALUES (8819,25,2017100803,1,1);
INSERT INTO `predictions` VALUES (8820,25,2017100804,1,0);
INSERT INTO `predictions` VALUES (8821,25,2017100805,1,1);
INSERT INTO `predictions` VALUES (8822,25,2017100806,1,1);
INSERT INTO `predictions` VALUES (8823,25,2017100807,1,1);
INSERT INTO `predictions` VALUES (8824,25,2017100808,1,1);
INSERT INTO `predictions` VALUES (8825,25,2017100809,1,0);
INSERT INTO `predictions` VALUES (8826,25,2017100810,1,0);
INSERT INTO `predictions` VALUES (8827,25,2017100811,1,0);
INSERT INTO `predictions` VALUES (8828,25,2017100900,1,0);
INSERT INTO `predictions` VALUES (8829,25,2017101200,1,0);
INSERT INTO `predictions` VALUES (8830,25,2017101500,1,1);
INSERT INTO `predictions` VALUES (8831,25,2017101501,1,1);
INSERT INTO `predictions` VALUES (8832,25,2017101502,1,1);
INSERT INTO `predictions` VALUES (8833,25,2017101503,1,0);
INSERT INTO `predictions` VALUES (8834,25,2017101504,1,0);
INSERT INTO `predictions` VALUES (8835,25,2017101505,1,0);
INSERT INTO `predictions` VALUES (8836,25,2017101506,1,1);
INSERT INTO `predictions` VALUES (8837,25,2017101507,1,0);
INSERT INTO `predictions` VALUES (8838,25,2017101508,1,1);
INSERT INTO `predictions` VALUES (8839,25,2017101509,1,1);
INSERT INTO `predictions` VALUES (8840,25,2017101510,1,1);
INSERT INTO `predictions` VALUES (8841,25,2017101511,1,1);
INSERT INTO `predictions` VALUES (8842,25,2017101600,1,0);
INSERT INTO `predictions` VALUES (8843,25,2017101900,1,0);
INSERT INTO `predictions` VALUES (8844,25,2017102200,1,1);
INSERT INTO `predictions` VALUES (8845,25,2017102201,1,0);
INSERT INTO `predictions` VALUES (8846,25,2017102202,1,0);
INSERT INTO `predictions` VALUES (8847,25,2017102203,1,0);
INSERT INTO `predictions` VALUES (8848,25,2017102204,1,0);
INSERT INTO `predictions` VALUES (8849,25,2017102205,1,1);
INSERT INTO `predictions` VALUES (8850,25,2017102206,1,1);
INSERT INTO `predictions` VALUES (8851,25,2017102207,1,1);
INSERT INTO `predictions` VALUES (8852,25,2017102208,1,1);
INSERT INTO `predictions` VALUES (8853,25,2017102209,1,0);
INSERT INTO `predictions` VALUES (8854,25,2017102210,1,0);
INSERT INTO `predictions` VALUES (8855,25,2017102211,1,0);
INSERT INTO `predictions` VALUES (8856,25,2017102212,1,0);
INSERT INTO `predictions` VALUES (8857,25,2017102300,1,1);
INSERT INTO `predictions` VALUES (8858,25,2017102600,1,1);
INSERT INTO `predictions` VALUES (8859,25,2017102900,1,0);
INSERT INTO `predictions` VALUES (8860,25,2017102901,1,0);
INSERT INTO `predictions` VALUES (8861,25,2017102902,1,1);
INSERT INTO `predictions` VALUES (8862,25,2017102903,1,1);
INSERT INTO `predictions` VALUES (8863,25,2017102904,1,1);
INSERT INTO `predictions` VALUES (8864,25,2017102905,1,0);
INSERT INTO `predictions` VALUES (8865,25,2017102906,1,1);
INSERT INTO `predictions` VALUES (8866,25,2017102907,1,1);
INSERT INTO `predictions` VALUES (8867,25,2017102908,1,1);
INSERT INTO `predictions` VALUES (8868,25,2017102909,1,0);
INSERT INTO `predictions` VALUES (8869,25,2017102910,1,0);
INSERT INTO `predictions` VALUES (8870,25,2017103000,1,1);
INSERT INTO `predictions` VALUES (8871,25,2017110200,1,0);
INSERT INTO `predictions` VALUES (8872,25,2017110500,1,0);
INSERT INTO `predictions` VALUES (8873,25,2017110501,1,0);
INSERT INTO `predictions` VALUES (8874,25,2017110502,1,1);
INSERT INTO `predictions` VALUES (8875,25,2017110503,1,1);
INSERT INTO `predictions` VALUES (8876,25,2017110504,1,0);
INSERT INTO `predictions` VALUES (8877,25,2017110505,1,1);
INSERT INTO `predictions` VALUES (8878,25,2017110506,1,0);
INSERT INTO `predictions` VALUES (8879,25,2017110507,1,1);
INSERT INTO `predictions` VALUES (8880,25,2017110508,1,1);
INSERT INTO `predictions` VALUES (8881,25,2017110509,1,0);
INSERT INTO `predictions` VALUES (8882,25,2017110510,1,0);
INSERT INTO `predictions` VALUES (8883,25,2017110600,1,0);
INSERT INTO `predictions` VALUES (8884,25,2017110900,1,0);
INSERT INTO `predictions` VALUES (8885,25,2017111200,1,0);
INSERT INTO `predictions` VALUES (8886,25,2017111201,1,0);
INSERT INTO `predictions` VALUES (8887,25,2017111202,1,1);
INSERT INTO `predictions` VALUES (8888,25,2017111203,1,0);
INSERT INTO `predictions` VALUES (8889,25,2017111204,1,1);
INSERT INTO `predictions` VALUES (8890,25,2017111205,1,0);
INSERT INTO `predictions` VALUES (8891,25,2017111206,1,1);
INSERT INTO `predictions` VALUES (8892,25,2017111207,1,0);
INSERT INTO `predictions` VALUES (8893,25,2017111208,1,1);
INSERT INTO `predictions` VALUES (8894,25,2017111209,1,0);
INSERT INTO `predictions` VALUES (8895,25,2017111210,1,1);
INSERT INTO `predictions` VALUES (8896,25,2017111211,1,0);
INSERT INTO `predictions` VALUES (8897,25,2017111300,1,1);
INSERT INTO `predictions` VALUES (8898,25,2017111600,1,1);
INSERT INTO `predictions` VALUES (8899,25,2017111900,1,0);
INSERT INTO `predictions` VALUES (8900,25,2017111901,1,0);
INSERT INTO `predictions` VALUES (8901,25,2017111902,1,0);
INSERT INTO `predictions` VALUES (8902,25,2017111903,1,1);
INSERT INTO `predictions` VALUES (8903,25,2017111904,1,0);
INSERT INTO `predictions` VALUES (8904,25,2017111905,1,1);
INSERT INTO `predictions` VALUES (8905,25,2017111906,1,0);
INSERT INTO `predictions` VALUES (8906,25,2017111907,1,1);
INSERT INTO `predictions` VALUES (8907,25,2017111908,1,1);
INSERT INTO `predictions` VALUES (8908,25,2017111909,1,0);
INSERT INTO `predictions` VALUES (8909,25,2017111910,1,0);
INSERT INTO `predictions` VALUES (8910,25,2017112000,1,1);
INSERT INTO `predictions` VALUES (8911,25,2017112300,1,0);
INSERT INTO `predictions` VALUES (8912,25,2017112301,1,1);
INSERT INTO `predictions` VALUES (8913,25,2017112302,1,1);
INSERT INTO `predictions` VALUES (8914,25,2017112600,1,1);
INSERT INTO `predictions` VALUES (8915,25,2017112601,1,1);
INSERT INTO `predictions` VALUES (8916,25,2017112602,1,0);
INSERT INTO `predictions` VALUES (8917,25,2017112603,1,1);
INSERT INTO `predictions` VALUES (8918,25,2017112604,1,1);
INSERT INTO `predictions` VALUES (8919,25,2017112605,1,0);
INSERT INTO `predictions` VALUES (8920,25,2017112606,1,1);
INSERT INTO `predictions` VALUES (8921,25,2017112607,1,0);
INSERT INTO `predictions` VALUES (8922,25,2017112608,1,0);
INSERT INTO `predictions` VALUES (8923,25,2017112609,1,0);
INSERT INTO `predictions` VALUES (8924,25,2017112610,1,0);
INSERT INTO `predictions` VALUES (8925,25,2017112611,1,1);
INSERT INTO `predictions` VALUES (8926,25,2017112700,1,1);
INSERT INTO `predictions` VALUES (8927,25,2017113000,1,0);
INSERT INTO `predictions` VALUES (8928,25,2017120300,1,0);
INSERT INTO `predictions` VALUES (8929,25,2017120301,1,0);
INSERT INTO `predictions` VALUES (8930,25,2017120302,1,0);
INSERT INTO `predictions` VALUES (8931,25,2017120303,1,0);
INSERT INTO `predictions` VALUES (8932,25,2017120304,1,1);
INSERT INTO `predictions` VALUES (8933,25,2017120305,1,1);
INSERT INTO `predictions` VALUES (8934,25,2017120306,1,0);
INSERT INTO `predictions` VALUES (8935,25,2017120307,1,1);
INSERT INTO `predictions` VALUES (8936,25,2017120308,1,0);
INSERT INTO `predictions` VALUES (8937,25,2017120309,1,1);
INSERT INTO `predictions` VALUES (8938,25,2017120310,1,1);
INSERT INTO `predictions` VALUES (8939,25,2017120311,1,0);
INSERT INTO `predictions` VALUES (8940,25,2017120312,1,1);
INSERT INTO `predictions` VALUES (8941,25,2017120313,1,0);
INSERT INTO `predictions` VALUES (8942,25,2017120400,1,0);
INSERT INTO `predictions` VALUES (8943,25,2017120700,1,0);
INSERT INTO `predictions` VALUES (8944,25,2017121000,1,0);
INSERT INTO `predictions` VALUES (8945,25,2017121001,1,0);
INSERT INTO `predictions` VALUES (8946,25,2017121002,1,1);
INSERT INTO `predictions` VALUES (8947,25,2017121003,1,0);
INSERT INTO `predictions` VALUES (8948,25,2017121004,1,1);
INSERT INTO `predictions` VALUES (8949,25,2017121005,1,0);
INSERT INTO `predictions` VALUES (8950,25,2017121006,1,0);
INSERT INTO `predictions` VALUES (8951,25,2017121007,1,1);
INSERT INTO `predictions` VALUES (8952,25,2017121008,1,0);
INSERT INTO `predictions` VALUES (8953,25,2017121009,1,0);
INSERT INTO `predictions` VALUES (8954,25,2017121010,1,1);
INSERT INTO `predictions` VALUES (8955,25,2017121011,1,0);
INSERT INTO `predictions` VALUES (8956,25,2017121012,1,0);
INSERT INTO `predictions` VALUES (8957,25,2017121013,1,1);
INSERT INTO `predictions` VALUES (8958,25,2017121100,1,0);
INSERT INTO `predictions` VALUES (8959,25,2017121400,1,0);
INSERT INTO `predictions` VALUES (8960,25,2017121600,1,1);
INSERT INTO `predictions` VALUES (8961,25,2017121601,1,0);
INSERT INTO `predictions` VALUES (8962,25,2017121700,1,0);
INSERT INTO `predictions` VALUES (8963,25,2017121701,1,0);
INSERT INTO `predictions` VALUES (8964,25,2017121702,1,0);
INSERT INTO `predictions` VALUES (8965,25,2017121703,1,1);
INSERT INTO `predictions` VALUES (8966,25,2017121704,1,1);
INSERT INTO `predictions` VALUES (8967,25,2017121705,1,1);
INSERT INTO `predictions` VALUES (8968,25,2017121706,1,0);
INSERT INTO `predictions` VALUES (8969,25,2017121707,1,1);
INSERT INTO `predictions` VALUES (8970,25,2017121708,1,1);
INSERT INTO `predictions` VALUES (8971,25,2017121709,1,1);
INSERT INTO `predictions` VALUES (8972,25,2017121710,1,0);
INSERT INTO `predictions` VALUES (8973,25,2017121711,1,1);
INSERT INTO `predictions` VALUES (8974,25,2017121800,1,0);
INSERT INTO `predictions` VALUES (8975,25,2017122300,1,1);
INSERT INTO `predictions` VALUES (8976,25,2017122301,1,0);
INSERT INTO `predictions` VALUES (8977,25,2017122400,1,1);
INSERT INTO `predictions` VALUES (8978,25,2017122401,1,1);
INSERT INTO `predictions` VALUES (8979,25,2017122402,1,0);
INSERT INTO `predictions` VALUES (8980,25,2017122403,1,1);
INSERT INTO `predictions` VALUES (8981,25,2017122404,1,1);
INSERT INTO `predictions` VALUES (8982,25,2017122405,1,1);
INSERT INTO `predictions` VALUES (8983,25,2017122406,1,0);
INSERT INTO `predictions` VALUES (8984,25,2017122407,1,0);
INSERT INTO `predictions` VALUES (8985,25,2017122408,1,0);
INSERT INTO `predictions` VALUES (8986,25,2017122409,1,0);
INSERT INTO `predictions` VALUES (8987,25,2017122410,1,0);
INSERT INTO `predictions` VALUES (8988,25,2017122411,1,1);
INSERT INTO `predictions` VALUES (8989,25,2017122500,1,0);
INSERT INTO `predictions` VALUES (8990,25,2017122501,1,1);
INSERT INTO `predictions` VALUES (8991,25,2017123100,1,0);
INSERT INTO `predictions` VALUES (8992,25,2017123101,1,1);
INSERT INTO `predictions` VALUES (8993,25,2017123102,1,1);
INSERT INTO `predictions` VALUES (8994,25,2017123103,1,1);
INSERT INTO `predictions` VALUES (8995,25,2017123104,1,0);
INSERT INTO `predictions` VALUES (8996,25,2017123105,1,1);
INSERT INTO `predictions` VALUES (8997,25,2017123106,1,1);
INSERT INTO `predictions` VALUES (8998,25,2017123107,1,0);
INSERT INTO `predictions` VALUES (8999,25,2017123108,1,0);
INSERT INTO `predictions` VALUES (9000,25,2017123109,1,1);
INSERT INTO `predictions` VALUES (9001,25,2017123110,1,0);
INSERT INTO `predictions` VALUES (9002,25,2017123111,1,0);
INSERT INTO `predictions` VALUES (9003,25,2017123112,1,0);
INSERT INTO `predictions` VALUES (9004,25,2017123113,1,0);
INSERT INTO `predictions` VALUES (9005,25,2017123114,1,1);
INSERT INTO `predictions` VALUES (9006,25,2017123115,1,1);
INSERT INTO `predictions` VALUES (9262,26,2017090700,1,1);
INSERT INTO `predictions` VALUES (9263,26,2017091000,1,1);
INSERT INTO `predictions` VALUES (9264,26,2017091001,1,0);
INSERT INTO `predictions` VALUES (9265,26,2017091002,1,1);
INSERT INTO `predictions` VALUES (9266,26,2017091003,1,0);
INSERT INTO `predictions` VALUES (9267,26,2017091004,1,0);
INSERT INTO `predictions` VALUES (9268,26,2017091005,1,1);
INSERT INTO `predictions` VALUES (9270,26,2017091007,1,0);
INSERT INTO `predictions` VALUES (9271,26,2017091008,1,0);
INSERT INTO `predictions` VALUES (9272,26,2017091009,1,1);
INSERT INTO `predictions` VALUES (9273,26,2017091010,1,0);
INSERT INTO `predictions` VALUES (9274,26,2017091011,1,0);
INSERT INTO `predictions` VALUES (9275,26,2017091012,1,1);
INSERT INTO `predictions` VALUES (9276,26,2017091100,1,0);
INSERT INTO `predictions` VALUES (9277,26,2017091101,1,0);
INSERT INTO `predictions` VALUES (9278,26,2017091400,1,1);
INSERT INTO `predictions` VALUES (9279,26,2017091700,1,1);
INSERT INTO `predictions` VALUES (9280,26,2017091701,1,1);
INSERT INTO `predictions` VALUES (9281,26,2017091702,1,0);
INSERT INTO `predictions` VALUES (9282,26,2017091703,1,1);
INSERT INTO `predictions` VALUES (9283,26,2017091704,1,1);
INSERT INTO `predictions` VALUES (9284,26,2017091705,1,1);
INSERT INTO `predictions` VALUES (9285,26,2017091706,1,1);
INSERT INTO `predictions` VALUES (9286,26,2017091707,1,0);
INSERT INTO `predictions` VALUES (9287,26,2017091708,1,0);
INSERT INTO `predictions` VALUES (9288,26,2017091709,1,1);
INSERT INTO `predictions` VALUES (9289,26,2017091710,1,0);
INSERT INTO `predictions` VALUES (9290,26,2017091711,1,1);
INSERT INTO `predictions` VALUES (9291,26,2017091712,1,1);
INSERT INTO `predictions` VALUES (9292,26,2017091713,1,0);
INSERT INTO `predictions` VALUES (9293,26,2017091800,1,0);
INSERT INTO `predictions` VALUES (9294,26,2017092100,1,0);
INSERT INTO `predictions` VALUES (9295,26,2017092400,1,0);
INSERT INTO `predictions` VALUES (9296,26,2017092401,1,0);
INSERT INTO `predictions` VALUES (9297,26,2017092402,1,1);
INSERT INTO `predictions` VALUES (9298,26,2017092403,1,0);
INSERT INTO `predictions` VALUES (9299,26,2017092404,1,0);
INSERT INTO `predictions` VALUES (9300,26,2017092405,1,1);
INSERT INTO `predictions` VALUES (9301,26,2017092406,1,0);
INSERT INTO `predictions` VALUES (9302,26,2017092407,1,1);
INSERT INTO `predictions` VALUES (9303,26,2017092408,1,0);
INSERT INTO `predictions` VALUES (9304,26,2017092409,1,1);
INSERT INTO `predictions` VALUES (9305,26,2017092410,1,0);
INSERT INTO `predictions` VALUES (9306,26,2017092411,1,1);
INSERT INTO `predictions` VALUES (9307,26,2017092412,1,0);
INSERT INTO `predictions` VALUES (9308,26,2017092413,1,0);
INSERT INTO `predictions` VALUES (9309,26,2017092500,1,0);
INSERT INTO `predictions` VALUES (9310,26,2017092800,1,1);
INSERT INTO `predictions` VALUES (9311,26,2017100100,1,0);
INSERT INTO `predictions` VALUES (9312,26,2017100101,1,1);
INSERT INTO `predictions` VALUES (9313,26,2017100102,1,0);
INSERT INTO `predictions` VALUES (9314,26,2017100103,1,0);
INSERT INTO `predictions` VALUES (9315,26,2017100104,1,0);
INSERT INTO `predictions` VALUES (9316,26,2017100105,1,0);
INSERT INTO `predictions` VALUES (9317,26,2017100106,1,1);
INSERT INTO `predictions` VALUES (9318,26,2017100107,1,1);
INSERT INTO `predictions` VALUES (9319,26,2017100108,1,0);
INSERT INTO `predictions` VALUES (9320,26,2017100109,1,1);
INSERT INTO `predictions` VALUES (9321,26,2017100110,1,0);
INSERT INTO `predictions` VALUES (9322,26,2017100111,1,0);
INSERT INTO `predictions` VALUES (9323,26,2017100112,1,1);
INSERT INTO `predictions` VALUES (9324,26,2017100113,1,1);
INSERT INTO `predictions` VALUES (9325,26,2017100200,1,1);
INSERT INTO `predictions` VALUES (9326,26,2017100500,1,0);
INSERT INTO `predictions` VALUES (9327,26,2017100800,1,0);
INSERT INTO `predictions` VALUES (9328,26,2017100801,1,0);
INSERT INTO `predictions` VALUES (9329,26,2017100802,1,1);
INSERT INTO `predictions` VALUES (9330,26,2017100803,1,1);
INSERT INTO `predictions` VALUES (9331,26,2017100804,1,0);
INSERT INTO `predictions` VALUES (9332,26,2017100805,1,1);
INSERT INTO `predictions` VALUES (9333,26,2017100806,1,1);
INSERT INTO `predictions` VALUES (9334,26,2017100807,1,1);
INSERT INTO `predictions` VALUES (9335,26,2017100808,1,1);
INSERT INTO `predictions` VALUES (9336,26,2017100809,1,0);
INSERT INTO `predictions` VALUES (9337,26,2017100810,1,0);
INSERT INTO `predictions` VALUES (9338,26,2017100811,1,0);
INSERT INTO `predictions` VALUES (9339,26,2017100900,1,0);
INSERT INTO `predictions` VALUES (9340,26,2017101200,1,0);
INSERT INTO `predictions` VALUES (9341,26,2017101500,1,1);
INSERT INTO `predictions` VALUES (9342,26,2017101501,1,1);
INSERT INTO `predictions` VALUES (9343,26,2017101502,1,1);
INSERT INTO `predictions` VALUES (9344,26,2017101503,1,0);
INSERT INTO `predictions` VALUES (9345,26,2017101504,1,0);
INSERT INTO `predictions` VALUES (9346,26,2017101505,1,0);
INSERT INTO `predictions` VALUES (9347,26,2017101506,1,1);
INSERT INTO `predictions` VALUES (9348,26,2017101507,1,1);
INSERT INTO `predictions` VALUES (9349,26,2017101508,1,0);
INSERT INTO `predictions` VALUES (9350,26,2017101509,1,1);
INSERT INTO `predictions` VALUES (9351,26,2017101510,1,1);
INSERT INTO `predictions` VALUES (9352,26,2017101511,1,1);
INSERT INTO `predictions` VALUES (9353,26,2017101600,1,0);
INSERT INTO `predictions` VALUES (9354,26,2017101900,1,0);
INSERT INTO `predictions` VALUES (9355,26,2017102200,1,1);
INSERT INTO `predictions` VALUES (9356,26,2017102201,1,0);
INSERT INTO `predictions` VALUES (9357,26,2017102202,1,0);
INSERT INTO `predictions` VALUES (9358,26,2017102203,1,0);
INSERT INTO `predictions` VALUES (9359,26,2017102204,1,0);
INSERT INTO `predictions` VALUES (9360,26,2017102205,1,1);
INSERT INTO `predictions` VALUES (9361,26,2017102206,1,0);
INSERT INTO `predictions` VALUES (9362,26,2017102207,1,1);
INSERT INTO `predictions` VALUES (9363,26,2017102208,1,1);
INSERT INTO `predictions` VALUES (9364,26,2017102209,1,0);
INSERT INTO `predictions` VALUES (9365,26,2017102210,1,0);
INSERT INTO `predictions` VALUES (9366,26,2017102211,1,0);
INSERT INTO `predictions` VALUES (9367,26,2017102212,1,0);
INSERT INTO `predictions` VALUES (9368,26,2017102300,1,1);
INSERT INTO `predictions` VALUES (9369,26,2017102600,1,1);
INSERT INTO `predictions` VALUES (9370,26,2017102900,1,0);
INSERT INTO `predictions` VALUES (9371,26,2017102901,1,0);
INSERT INTO `predictions` VALUES (9372,26,2017102902,1,1);
INSERT INTO `predictions` VALUES (9373,26,2017102903,1,1);
INSERT INTO `predictions` VALUES (9374,26,2017102904,1,1);
INSERT INTO `predictions` VALUES (9375,26,2017102905,0,0);
INSERT INTO `predictions` VALUES (9376,26,2017102906,1,1);
INSERT INTO `predictions` VALUES (9377,26,2017102907,1,0);
INSERT INTO `predictions` VALUES (9378,26,2017102908,1,1);
INSERT INTO `predictions` VALUES (9379,26,2017102909,1,0);
INSERT INTO `predictions` VALUES (9380,26,2017102910,1,0);
INSERT INTO `predictions` VALUES (9381,26,2017103000,1,1);
INSERT INTO `predictions` VALUES (9382,26,2017110200,1,0);
INSERT INTO `predictions` VALUES (9383,26,2017110500,1,1);
INSERT INTO `predictions` VALUES (9384,26,2017110501,1,1);
INSERT INTO `predictions` VALUES (9385,26,2017110502,1,1);
INSERT INTO `predictions` VALUES (9386,26,2017110503,1,1);
INSERT INTO `predictions` VALUES (9387,26,2017110504,1,0);
INSERT INTO `predictions` VALUES (9388,26,2017110505,1,1);
INSERT INTO `predictions` VALUES (9389,26,2017110506,1,0);
INSERT INTO `predictions` VALUES (9390,26,2017110507,1,0);
INSERT INTO `predictions` VALUES (9391,26,2017110508,1,1);
INSERT INTO `predictions` VALUES (9392,26,2017110509,1,1);
INSERT INTO `predictions` VALUES (9393,26,2017110510,1,0);
INSERT INTO `predictions` VALUES (9394,26,2017110600,1,1);
INSERT INTO `predictions` VALUES (9395,26,2017110900,1,0);
INSERT INTO `predictions` VALUES (9396,26,2017111200,1,0);
INSERT INTO `predictions` VALUES (9397,26,2017111201,1,1);
INSERT INTO `predictions` VALUES (9398,26,2017111202,1,1);
INSERT INTO `predictions` VALUES (9399,26,2017111203,1,0);
INSERT INTO `predictions` VALUES (9400,26,2017111204,1,1);
INSERT INTO `predictions` VALUES (9401,26,2017111205,1,0);
INSERT INTO `predictions` VALUES (9402,26,2017111206,1,1);
INSERT INTO `predictions` VALUES (9403,26,2017111207,1,0);
INSERT INTO `predictions` VALUES (9404,26,2017111208,1,1);
INSERT INTO `predictions` VALUES (9405,26,2017111209,1,1);
INSERT INTO `predictions` VALUES (9406,26,2017111210,1,0);
INSERT INTO `predictions` VALUES (9407,26,2017111211,1,0);
INSERT INTO `predictions` VALUES (9408,26,2017111300,1,1);
INSERT INTO `predictions` VALUES (9409,26,2017111600,1,1);
INSERT INTO `predictions` VALUES (9410,26,2017111900,1,0);
INSERT INTO `predictions` VALUES (9411,26,2017111901,1,0);
INSERT INTO `predictions` VALUES (9412,26,2017111902,1,0);
INSERT INTO `predictions` VALUES (9413,26,2017111903,1,1);
INSERT INTO `predictions` VALUES (9414,26,2017111904,1,0);
INSERT INTO `predictions` VALUES (9415,26,2017111905,1,1);
INSERT INTO `predictions` VALUES (9416,26,2017111906,1,0);
INSERT INTO `predictions` VALUES (9417,26,2017111907,1,0);
INSERT INTO `predictions` VALUES (9418,26,2017111908,1,1);
INSERT INTO `predictions` VALUES (9419,26,2017111909,1,0);
INSERT INTO `predictions` VALUES (9420,26,2017111910,1,0);
INSERT INTO `predictions` VALUES (9421,26,2017112000,1,1);
INSERT INTO `predictions` VALUES (9422,26,2017112300,1,0);
INSERT INTO `predictions` VALUES (9423,26,2017112301,1,0);
INSERT INTO `predictions` VALUES (9424,26,2017112302,1,1);
INSERT INTO `predictions` VALUES (9425,26,2017112600,1,1);
INSERT INTO `predictions` VALUES (9426,26,2017112601,1,1);
INSERT INTO `predictions` VALUES (9427,26,2017112602,1,0);
INSERT INTO `predictions` VALUES (9428,26,2017112603,1,1);
INSERT INTO `predictions` VALUES (9429,26,2017112604,1,1);
INSERT INTO `predictions` VALUES (9430,26,2017112605,1,0);
INSERT INTO `predictions` VALUES (9431,26,2017112606,1,1);
INSERT INTO `predictions` VALUES (9432,26,2017112607,1,0);
INSERT INTO `predictions` VALUES (9433,26,2017112608,1,0);
INSERT INTO `predictions` VALUES (9434,26,2017112609,1,0);
INSERT INTO `predictions` VALUES (9435,26,2017112610,1,1);
INSERT INTO `predictions` VALUES (9436,26,2017112611,1,1);
INSERT INTO `predictions` VALUES (9437,26,2017112700,1,1);
INSERT INTO `predictions` VALUES (9438,26,2017113000,1,0);
INSERT INTO `predictions` VALUES (9439,26,2017120300,1,0);
INSERT INTO `predictions` VALUES (9440,26,2017120301,0,0);
INSERT INTO `predictions` VALUES (9441,26,2017120302,1,0);
INSERT INTO `predictions` VALUES (9442,26,2017120303,1,1);
INSERT INTO `predictions` VALUES (9443,26,2017120304,1,1);
INSERT INTO `predictions` VALUES (9444,26,2017120305,1,1);
INSERT INTO `predictions` VALUES (9445,26,2017120306,0,0);
INSERT INTO `predictions` VALUES (9446,26,2017120307,1,1);
INSERT INTO `predictions` VALUES (9447,26,2017120308,1,0);
INSERT INTO `predictions` VALUES (9448,26,2017120309,1,1);
INSERT INTO `predictions` VALUES (9449,26,2017120310,1,1);
INSERT INTO `predictions` VALUES (9450,26,2017120311,1,0);
INSERT INTO `predictions` VALUES (9451,26,2017120312,1,1);
INSERT INTO `predictions` VALUES (9452,26,2017120313,1,0);
INSERT INTO `predictions` VALUES (9453,26,2017120400,1,0);
INSERT INTO `predictions` VALUES (9454,26,2017120700,1,0);
INSERT INTO `predictions` VALUES (9455,26,2017121000,1,1);
INSERT INTO `predictions` VALUES (9456,26,2017121001,1,0);
INSERT INTO `predictions` VALUES (9457,26,2017121002,1,1);
INSERT INTO `predictions` VALUES (9458,26,2017121003,1,0);
INSERT INTO `predictions` VALUES (9459,26,2017121004,1,1);
INSERT INTO `predictions` VALUES (9460,26,2017121005,1,1);
INSERT INTO `predictions` VALUES (9461,26,2017121006,1,0);
INSERT INTO `predictions` VALUES (9462,26,2017121007,1,0);
INSERT INTO `predictions` VALUES (9463,26,2017121008,1,0);
INSERT INTO `predictions` VALUES (9464,26,2017121009,1,0);
INSERT INTO `predictions` VALUES (9465,26,2017121010,1,1);
INSERT INTO `predictions` VALUES (9466,26,2017121011,1,0);
INSERT INTO `predictions` VALUES (9467,26,2017121012,1,0);
INSERT INTO `predictions` VALUES (9468,26,2017121013,1,0);
INSERT INTO `predictions` VALUES (9469,26,2017121100,1,0);
INSERT INTO `predictions` VALUES (9470,26,2017121400,1,0);
INSERT INTO `predictions` VALUES (9471,26,2017121600,1,1);
INSERT INTO `predictions` VALUES (9472,26,2017121601,0,0);
INSERT INTO `predictions` VALUES (9473,26,2017121700,1,0);
INSERT INTO `predictions` VALUES (9474,26,2017121701,1,1);
INSERT INTO `predictions` VALUES (9475,26,2017121702,1,0);
INSERT INTO `predictions` VALUES (9476,26,2017121703,1,1);
INSERT INTO `predictions` VALUES (9477,26,2017121704,1,1);
INSERT INTO `predictions` VALUES (9478,26,2017121705,1,1);
INSERT INTO `predictions` VALUES (9479,26,2017121706,1,0);
INSERT INTO `predictions` VALUES (9480,26,2017121707,1,1);
INSERT INTO `predictions` VALUES (9481,26,2017121708,1,0);
INSERT INTO `predictions` VALUES (9482,26,2017121709,1,1);
INSERT INTO `predictions` VALUES (9483,26,2017121710,1,0);
INSERT INTO `predictions` VALUES (9484,26,2017121711,1,1);
INSERT INTO `predictions` VALUES (9485,26,2017121800,1,0);
INSERT INTO `predictions` VALUES (9486,26,2017122300,1,1);
INSERT INTO `predictions` VALUES (9487,26,2017122301,1,0);
INSERT INTO `predictions` VALUES (9488,26,2017122400,1,1);
INSERT INTO `predictions` VALUES (9489,26,2017122401,1,1);
INSERT INTO `predictions` VALUES (9490,26,2017122402,1,0);
INSERT INTO `predictions` VALUES (9491,26,2017122403,1,1);
INSERT INTO `predictions` VALUES (9492,26,2017122404,1,1);
INSERT INTO `predictions` VALUES (9493,26,2017122405,1,1);
INSERT INTO `predictions` VALUES (9494,26,2017122406,1,0);
INSERT INTO `predictions` VALUES (9495,26,2017122407,1,0);
INSERT INTO `predictions` VALUES (9496,26,2017122408,1,1);
INSERT INTO `predictions` VALUES (9497,26,2017122409,1,0);
INSERT INTO `predictions` VALUES (9498,26,2017122410,1,1);
INSERT INTO `predictions` VALUES (9499,26,2017122411,1,1);
INSERT INTO `predictions` VALUES (9500,26,2017122500,1,0);
INSERT INTO `predictions` VALUES (9501,26,2017122501,1,1);
INSERT INTO `predictions` VALUES (9502,26,2017123100,1,0);
INSERT INTO `predictions` VALUES (9503,26,2017123101,1,1);
INSERT INTO `predictions` VALUES (9504,26,2017123102,1,1);
INSERT INTO `predictions` VALUES (9505,26,2017123103,1,1);
INSERT INTO `predictions` VALUES (9506,26,2017123104,1,0);
INSERT INTO `predictions` VALUES (9507,26,2017123105,1,1);
INSERT INTO `predictions` VALUES (9508,26,2017123106,1,1);
INSERT INTO `predictions` VALUES (9509,26,2017123107,1,0);
INSERT INTO `predictions` VALUES (9510,26,2017123108,1,1);
INSERT INTO `predictions` VALUES (9511,26,2017123109,1,1);
INSERT INTO `predictions` VALUES (9512,26,2017123110,1,0);
INSERT INTO `predictions` VALUES (9513,26,2017123111,1,0);
INSERT INTO `predictions` VALUES (9514,26,2017123112,1,0);
INSERT INTO `predictions` VALUES (9515,26,2017123113,1,1);
INSERT INTO `predictions` VALUES (9516,26,2017123114,1,1);
INSERT INTO `predictions` VALUES (9517,26,2017123115,1,1);
INSERT INTO `predictions` VALUES (9773,27,2017090700,1,1);
INSERT INTO `predictions` VALUES (9774,27,2017091000,1,1);
INSERT INTO `predictions` VALUES (9775,27,2017091001,1,0);
INSERT INTO `predictions` VALUES (9776,27,2017091002,1,1);
INSERT INTO `predictions` VALUES (9777,27,2017091003,1,0);
INSERT INTO `predictions` VALUES (9778,27,2017091004,1,1);
INSERT INTO `predictions` VALUES (9779,27,2017091005,1,1);
INSERT INTO `predictions` VALUES (9781,27,2017091007,1,0);
INSERT INTO `predictions` VALUES (9782,27,2017091008,1,1);
INSERT INTO `predictions` VALUES (9783,27,2017091009,1,0);
INSERT INTO `predictions` VALUES (9784,27,2017091010,1,0);
INSERT INTO `predictions` VALUES (9785,27,2017091011,1,0);
INSERT INTO `predictions` VALUES (9786,27,2017091012,1,0);
INSERT INTO `predictions` VALUES (9787,27,2017091100,1,1);
INSERT INTO `predictions` VALUES (9788,27,2017091101,1,1);
INSERT INTO `predictions` VALUES (9789,27,2017091400,1,1);
INSERT INTO `predictions` VALUES (9790,27,2017091700,1,1);
INSERT INTO `predictions` VALUES (9791,27,2017091701,1,1);
INSERT INTO `predictions` VALUES (9792,27,2017091702,1,0);
INSERT INTO `predictions` VALUES (9793,27,2017091703,1,1);
INSERT INTO `predictions` VALUES (9794,27,2017091704,1,1);
INSERT INTO `predictions` VALUES (9795,27,2017091705,1,0);
INSERT INTO `predictions` VALUES (9796,27,2017091706,0,0);
INSERT INTO `predictions` VALUES (9797,27,2017091707,1,1);
INSERT INTO `predictions` VALUES (9798,27,2017091708,1,1);
INSERT INTO `predictions` VALUES (9799,27,2017091709,1,1);
INSERT INTO `predictions` VALUES (9800,27,2017091710,1,0);
INSERT INTO `predictions` VALUES (9801,27,2017091711,1,1);
INSERT INTO `predictions` VALUES (9802,27,2017091712,1,1);
INSERT INTO `predictions` VALUES (9803,27,2017091713,1,0);
INSERT INTO `predictions` VALUES (9804,27,2017091800,1,1);
INSERT INTO `predictions` VALUES (9805,27,2017092100,1,0);
INSERT INTO `predictions` VALUES (9806,27,2017092400,1,0);
INSERT INTO `predictions` VALUES (9807,27,2017092401,1,0);
INSERT INTO `predictions` VALUES (9808,27,2017092402,1,1);
INSERT INTO `predictions` VALUES (9809,27,2017092403,1,0);
INSERT INTO `predictions` VALUES (9810,27,2017092404,1,0);
INSERT INTO `predictions` VALUES (9811,27,2017092405,1,1);
INSERT INTO `predictions` VALUES (9812,27,2017092406,1,1);
INSERT INTO `predictions` VALUES (9813,27,2017092407,1,1);
INSERT INTO `predictions` VALUES (9814,27,2017092408,1,0);
INSERT INTO `predictions` VALUES (9815,27,2017092409,1,0);
INSERT INTO `predictions` VALUES (9816,27,2017092410,1,0);
INSERT INTO `predictions` VALUES (9817,27,2017092411,1,1);
INSERT INTO `predictions` VALUES (9818,27,2017092412,1,0);
INSERT INTO `predictions` VALUES (9819,27,2017092413,1,0);
INSERT INTO `predictions` VALUES (9820,27,2017092500,1,0);
INSERT INTO `predictions` VALUES (9821,27,2017092800,1,0);
INSERT INTO `predictions` VALUES (9822,27,2017100100,1,0);
INSERT INTO `predictions` VALUES (9823,27,2017100101,1,1);
INSERT INTO `predictions` VALUES (9824,27,2017100102,1,0);
INSERT INTO `predictions` VALUES (9825,27,2017100103,1,0);
INSERT INTO `predictions` VALUES (9826,27,2017100104,1,0);
INSERT INTO `predictions` VALUES (9827,27,2017100105,1,0);
INSERT INTO `predictions` VALUES (9828,27,2017100106,1,0);
INSERT INTO `predictions` VALUES (9829,27,2017100107,1,1);
INSERT INTO `predictions` VALUES (9830,27,2017100108,1,0);
INSERT INTO `predictions` VALUES (9831,27,2017100109,1,1);
INSERT INTO `predictions` VALUES (9832,27,2017100110,1,0);
INSERT INTO `predictions` VALUES (9833,27,2017100111,1,1);
INSERT INTO `predictions` VALUES (9834,27,2017100112,1,1);
INSERT INTO `predictions` VALUES (9835,27,2017100113,1,1);
INSERT INTO `predictions` VALUES (9836,27,2017100200,1,1);
INSERT INTO `predictions` VALUES (9837,27,2017100500,1,0);
INSERT INTO `predictions` VALUES (9838,27,2017100800,1,0);
INSERT INTO `predictions` VALUES (9839,27,2017100801,1,0);
INSERT INTO `predictions` VALUES (9840,27,2017100802,1,1);
INSERT INTO `predictions` VALUES (9841,27,2017100803,1,1);
INSERT INTO `predictions` VALUES (9842,27,2017100804,1,0);
INSERT INTO `predictions` VALUES (9843,27,2017100805,1,1);
INSERT INTO `predictions` VALUES (9844,27,2017100806,1,1);
INSERT INTO `predictions` VALUES (9845,27,2017100807,1,1);
INSERT INTO `predictions` VALUES (9846,27,2017100808,1,1);
INSERT INTO `predictions` VALUES (9847,27,2017100809,1,1);
INSERT INTO `predictions` VALUES (9848,27,2017100810,1,0);
INSERT INTO `predictions` VALUES (9849,27,2017100811,1,0);
INSERT INTO `predictions` VALUES (9850,27,2017100900,1,0);
INSERT INTO `predictions` VALUES (9851,27,2017101200,1,0);
INSERT INTO `predictions` VALUES (9852,27,2017101500,1,1);
INSERT INTO `predictions` VALUES (9853,27,2017101501,1,1);
INSERT INTO `predictions` VALUES (9854,27,2017101502,1,1);
INSERT INTO `predictions` VALUES (9855,27,2017101503,1,0);
INSERT INTO `predictions` VALUES (9856,27,2017101504,1,0);
INSERT INTO `predictions` VALUES (9857,27,2017101505,1,0);
INSERT INTO `predictions` VALUES (9858,27,2017101506,1,1);
INSERT INTO `predictions` VALUES (9859,27,2017101507,1,0);
INSERT INTO `predictions` VALUES (9860,27,2017101508,1,1);
INSERT INTO `predictions` VALUES (9861,27,2017101509,1,1);
INSERT INTO `predictions` VALUES (9862,27,2017101510,1,1);
INSERT INTO `predictions` VALUES (9863,27,2017101511,1,1);
INSERT INTO `predictions` VALUES (9864,27,2017101600,1,0);
INSERT INTO `predictions` VALUES (9865,27,2017101900,0,0);
INSERT INTO `predictions` VALUES (9866,27,2017102200,1,0);
INSERT INTO `predictions` VALUES (9867,27,2017102201,1,0);
INSERT INTO `predictions` VALUES (9868,27,2017102202,1,0);
INSERT INTO `predictions` VALUES (9869,27,2017102203,1,0);
INSERT INTO `predictions` VALUES (9870,27,2017102204,1,0);
INSERT INTO `predictions` VALUES (9871,27,2017102205,1,1);
INSERT INTO `predictions` VALUES (9872,27,2017102206,1,1);
INSERT INTO `predictions` VALUES (9873,27,2017102207,1,1);
INSERT INTO `predictions` VALUES (9874,27,2017102208,1,1);
INSERT INTO `predictions` VALUES (9875,27,2017102209,1,0);
INSERT INTO `predictions` VALUES (9876,27,2017102210,1,0);
INSERT INTO `predictions` VALUES (9877,27,2017102211,1,0);
INSERT INTO `predictions` VALUES (9878,27,2017102212,1,1);
INSERT INTO `predictions` VALUES (9879,27,2017102300,1,1);
INSERT INTO `predictions` VALUES (9880,27,2017102600,1,0);
INSERT INTO `predictions` VALUES (9881,27,2017102900,1,0);
INSERT INTO `predictions` VALUES (9882,27,2017102901,0,0);
INSERT INTO `predictions` VALUES (9883,27,2017102902,0,0);
INSERT INTO `predictions` VALUES (9884,27,2017102903,0,0);
INSERT INTO `predictions` VALUES (9885,27,2017102904,0,0);
INSERT INTO `predictions` VALUES (9886,27,2017102905,0,0);
INSERT INTO `predictions` VALUES (9887,27,2017102906,0,0);
INSERT INTO `predictions` VALUES (9888,27,2017102907,0,0);
INSERT INTO `predictions` VALUES (9889,27,2017102908,1,1);
INSERT INTO `predictions` VALUES (9890,27,2017102909,1,0);
INSERT INTO `predictions` VALUES (9891,27,2017102910,1,0);
INSERT INTO `predictions` VALUES (9892,27,2017103000,1,1);
INSERT INTO `predictions` VALUES (9893,27,2017110200,1,0);
INSERT INTO `predictions` VALUES (9894,27,2017110500,1,1);
INSERT INTO `predictions` VALUES (9895,27,2017110501,1,0);
INSERT INTO `predictions` VALUES (9896,27,2017110502,1,1);
INSERT INTO `predictions` VALUES (9897,27,2017110503,1,1);
INSERT INTO `predictions` VALUES (9898,27,2017110504,1,0);
INSERT INTO `predictions` VALUES (9899,27,2017110505,1,1);
INSERT INTO `predictions` VALUES (9900,27,2017110506,1,1);
INSERT INTO `predictions` VALUES (9901,27,2017110507,1,0);
INSERT INTO `predictions` VALUES (9902,27,2017110508,1,1);
INSERT INTO `predictions` VALUES (9903,27,2017110509,1,0);
INSERT INTO `predictions` VALUES (9904,27,2017110510,1,0);
INSERT INTO `predictions` VALUES (9905,27,2017110600,1,0);
INSERT INTO `predictions` VALUES (9906,27,2017110900,1,0);
INSERT INTO `predictions` VALUES (9907,27,2017111200,1,0);
INSERT INTO `predictions` VALUES (9908,27,2017111201,0,0);
INSERT INTO `predictions` VALUES (9909,27,2017111202,1,1);
INSERT INTO `predictions` VALUES (9910,27,2017111203,1,0);
INSERT INTO `predictions` VALUES (9911,27,2017111204,1,1);
INSERT INTO `predictions` VALUES (9912,27,2017111205,1,1);
INSERT INTO `predictions` VALUES (9913,27,2017111206,1,1);
INSERT INTO `predictions` VALUES (9914,27,2017111207,1,0);
INSERT INTO `predictions` VALUES (9915,27,2017111208,1,1);
INSERT INTO `predictions` VALUES (9916,27,2017111209,0,0);
INSERT INTO `predictions` VALUES (9917,27,2017111210,1,0);
INSERT INTO `predictions` VALUES (9918,27,2017111211,1,0);
INSERT INTO `predictions` VALUES (9919,27,2017111300,1,1);
INSERT INTO `predictions` VALUES (9920,27,2017111600,1,1);
INSERT INTO `predictions` VALUES (9921,27,2017111900,1,0);
INSERT INTO `predictions` VALUES (9922,27,2017111901,1,0);
INSERT INTO `predictions` VALUES (9923,27,2017111902,1,1);
INSERT INTO `predictions` VALUES (9924,27,2017111903,1,0);
INSERT INTO `predictions` VALUES (9925,27,2017111904,1,0);
INSERT INTO `predictions` VALUES (9926,27,2017111905,1,1);
INSERT INTO `predictions` VALUES (9927,27,2017111906,1,0);
INSERT INTO `predictions` VALUES (9928,27,2017111907,1,1);
INSERT INTO `predictions` VALUES (9929,27,2017111908,1,1);
INSERT INTO `predictions` VALUES (9930,27,2017111909,1,0);
INSERT INTO `predictions` VALUES (9931,27,2017111910,0,0);
INSERT INTO `predictions` VALUES (9932,27,2017112000,1,1);
INSERT INTO `predictions` VALUES (9933,27,2017112300,0,0);
INSERT INTO `predictions` VALUES (9934,27,2017112301,1,0);
INSERT INTO `predictions` VALUES (9935,27,2017112302,1,1);
INSERT INTO `predictions` VALUES (9936,27,2017112600,1,1);
INSERT INTO `predictions` VALUES (9937,27,2017112601,1,1);
INSERT INTO `predictions` VALUES (9938,27,2017112602,1,1);
INSERT INTO `predictions` VALUES (9939,27,2017112603,1,1);
INSERT INTO `predictions` VALUES (9940,27,2017112604,1,1);
INSERT INTO `predictions` VALUES (9941,27,2017112605,1,0);
INSERT INTO `predictions` VALUES (9942,27,2017112606,1,1);
INSERT INTO `predictions` VALUES (9943,27,2017112607,1,0);
INSERT INTO `predictions` VALUES (9944,27,2017112608,1,0);
INSERT INTO `predictions` VALUES (9945,27,2017112609,1,0);
INSERT INTO `predictions` VALUES (9946,27,2017112610,1,0);
INSERT INTO `predictions` VALUES (9947,27,2017112611,1,1);
INSERT INTO `predictions` VALUES (9948,27,2017112700,1,1);
INSERT INTO `predictions` VALUES (9949,27,2017113000,1,1);
INSERT INTO `predictions` VALUES (9950,27,2017120300,1,0);
INSERT INTO `predictions` VALUES (9951,27,2017120301,1,1);
INSERT INTO `predictions` VALUES (9952,27,2017120302,1,0);
INSERT INTO `predictions` VALUES (9953,27,2017120303,1,1);
INSERT INTO `predictions` VALUES (9954,27,2017120304,1,0);
INSERT INTO `predictions` VALUES (9955,27,2017120305,1,1);
INSERT INTO `predictions` VALUES (9956,27,2017120306,1,0);
INSERT INTO `predictions` VALUES (9957,27,2017120307,1,1);
INSERT INTO `predictions` VALUES (9958,27,2017120308,1,0);
INSERT INTO `predictions` VALUES (9959,27,2017120309,1,1);
INSERT INTO `predictions` VALUES (9960,27,2017120310,1,1);
INSERT INTO `predictions` VALUES (9961,27,2017120311,1,0);
INSERT INTO `predictions` VALUES (9962,27,2017120312,1,1);
INSERT INTO `predictions` VALUES (9963,27,2017120313,1,0);
INSERT INTO `predictions` VALUES (9964,27,2017120400,1,0);
INSERT INTO `predictions` VALUES (9965,27,2017120700,0,0);
INSERT INTO `predictions` VALUES (9966,27,2017121000,1,0);
INSERT INTO `predictions` VALUES (9967,27,2017121001,1,1);
INSERT INTO `predictions` VALUES (9968,27,2017121002,1,1);
INSERT INTO `predictions` VALUES (9969,27,2017121003,1,0);
INSERT INTO `predictions` VALUES (9970,27,2017121004,1,1);
INSERT INTO `predictions` VALUES (9971,27,2017121005,1,0);
INSERT INTO `predictions` VALUES (9972,27,2017121006,1,0);
INSERT INTO `predictions` VALUES (9973,27,2017121007,1,0);
INSERT INTO `predictions` VALUES (9974,27,2017121008,1,1);
INSERT INTO `predictions` VALUES (9975,27,2017121009,1,1);
INSERT INTO `predictions` VALUES (9976,27,2017121010,1,1);
INSERT INTO `predictions` VALUES (9977,27,2017121011,1,1);
INSERT INTO `predictions` VALUES (9978,27,2017121012,1,0);
INSERT INTO `predictions` VALUES (9979,27,2017121013,1,1);
INSERT INTO `predictions` VALUES (9980,27,2017121100,1,0);
INSERT INTO `predictions` VALUES (9981,27,2017121400,0,0);
INSERT INTO `predictions` VALUES (9982,27,2017121600,1,1);
INSERT INTO `predictions` VALUES (9983,27,2017121601,0,0);
INSERT INTO `predictions` VALUES (9984,27,2017121700,1,0);
INSERT INTO `predictions` VALUES (9985,27,2017121701,1,1);
INSERT INTO `predictions` VALUES (9986,27,2017121702,1,0);
INSERT INTO `predictions` VALUES (9987,27,2017121703,1,1);
INSERT INTO `predictions` VALUES (9988,27,2017121704,1,1);
INSERT INTO `predictions` VALUES (9989,27,2017121705,1,1);
INSERT INTO `predictions` VALUES (9990,27,2017121706,1,0);
INSERT INTO `predictions` VALUES (9991,27,2017121707,1,1);
INSERT INTO `predictions` VALUES (9992,27,2017121708,1,1);
INSERT INTO `predictions` VALUES (9993,27,2017121709,1,0);
INSERT INTO `predictions` VALUES (9994,27,2017121710,1,0);
INSERT INTO `predictions` VALUES (9995,27,2017121711,1,0);
INSERT INTO `predictions` VALUES (9996,27,2017121800,1,0);
INSERT INTO `predictions` VALUES (9997,27,2017122300,1,1);
INSERT INTO `predictions` VALUES (9998,27,2017122301,1,1);
INSERT INTO `predictions` VALUES (9999,27,2017122400,1,1);
INSERT INTO `predictions` VALUES (10000,27,2017122401,1,1);
INSERT INTO `predictions` VALUES (10001,27,2017122402,1,0);
INSERT INTO `predictions` VALUES (10002,27,2017122403,1,1);
INSERT INTO `predictions` VALUES (10003,27,2017122404,1,1);
INSERT INTO `predictions` VALUES (10004,27,2017122405,1,1);
INSERT INTO `predictions` VALUES (10005,27,2017122406,1,0);
INSERT INTO `predictions` VALUES (10006,27,2017122407,1,0);
INSERT INTO `predictions` VALUES (10007,27,2017122408,1,1);
INSERT INTO `predictions` VALUES (10008,27,2017122409,1,0);
INSERT INTO `predictions` VALUES (10009,27,2017122410,1,1);
INSERT INTO `predictions` VALUES (10010,27,2017122411,1,0);
INSERT INTO `predictions` VALUES (10011,27,2017122500,1,0);
INSERT INTO `predictions` VALUES (10012,27,2017122501,1,1);
INSERT INTO `predictions` VALUES (10013,27,2017123100,1,0);
INSERT INTO `predictions` VALUES (10014,27,2017123101,1,1);
INSERT INTO `predictions` VALUES (10015,27,2017123102,1,0);
INSERT INTO `predictions` VALUES (10016,27,2017123103,1,0);
INSERT INTO `predictions` VALUES (10017,27,2017123104,1,1);
INSERT INTO `predictions` VALUES (10018,27,2017123105,1,1);
INSERT INTO `predictions` VALUES (10019,27,2017123106,1,1);
INSERT INTO `predictions` VALUES (10020,27,2017123107,1,0);
INSERT INTO `predictions` VALUES (10021,27,2017123108,1,1);
INSERT INTO `predictions` VALUES (10022,27,2017123109,1,1);
INSERT INTO `predictions` VALUES (10023,27,2017123110,1,0);
INSERT INTO `predictions` VALUES (10024,27,2017123111,1,0);
INSERT INTO `predictions` VALUES (10025,27,2017123112,1,0);
INSERT INTO `predictions` VALUES (10026,27,2017123113,1,0);
INSERT INTO `predictions` VALUES (10027,27,2017123114,1,1);
INSERT INTO `predictions` VALUES (10028,27,2017123115,1,1);
INSERT INTO `predictions` VALUES (10029,28,2017090700,0,0);
INSERT INTO `predictions` VALUES (10030,28,2017091000,1,1);
INSERT INTO `predictions` VALUES (10031,28,2017091001,1,0);
INSERT INTO `predictions` VALUES (10032,28,2017091002,1,0);
INSERT INTO `predictions` VALUES (10033,28,2017091003,1,0);
INSERT INTO `predictions` VALUES (10034,28,2017091004,1,0);
INSERT INTO `predictions` VALUES (10035,28,2017091005,1,1);
INSERT INTO `predictions` VALUES (10037,28,2017091007,1,0);
INSERT INTO `predictions` VALUES (10038,28,2017091008,1,0);
INSERT INTO `predictions` VALUES (10039,28,2017091009,1,0);
INSERT INTO `predictions` VALUES (10040,28,2017091010,1,1);
INSERT INTO `predictions` VALUES (10041,28,2017091011,1,0);
INSERT INTO `predictions` VALUES (10042,28,2017091012,1,0);
INSERT INTO `predictions` VALUES (10043,28,2017091100,1,1);
INSERT INTO `predictions` VALUES (10044,28,2017091101,1,0);
INSERT INTO `predictions` VALUES (10045,28,2017091400,1,0);
INSERT INTO `predictions` VALUES (10046,28,2017091700,1,1);
INSERT INTO `predictions` VALUES (10047,28,2017091701,1,0);
INSERT INTO `predictions` VALUES (10048,28,2017091702,1,0);
INSERT INTO `predictions` VALUES (10049,28,2017091703,1,1);
INSERT INTO `predictions` VALUES (10050,28,2017091704,1,1);
INSERT INTO `predictions` VALUES (10051,28,2017091705,1,0);
INSERT INTO `predictions` VALUES (10052,28,2017091706,1,1);
INSERT INTO `predictions` VALUES (10053,28,2017091707,1,1);
INSERT INTO `predictions` VALUES (10054,28,2017091708,1,0);
INSERT INTO `predictions` VALUES (10055,28,2017091709,1,1);
INSERT INTO `predictions` VALUES (10056,28,2017091710,1,0);
INSERT INTO `predictions` VALUES (10057,28,2017091711,1,1);
INSERT INTO `predictions` VALUES (10058,28,2017091712,1,1);
INSERT INTO `predictions` VALUES (10059,28,2017091713,1,0);
INSERT INTO `predictions` VALUES (10060,28,2017091800,1,1);
INSERT INTO `predictions` VALUES (10061,28,2017092100,0,0);
INSERT INTO `predictions` VALUES (10062,28,2017092400,1,0);
INSERT INTO `predictions` VALUES (10063,28,2017092401,1,0);
INSERT INTO `predictions` VALUES (10064,28,2017092402,1,1);
INSERT INTO `predictions` VALUES (10065,28,2017092403,1,0);
INSERT INTO `predictions` VALUES (10066,28,2017092404,1,0);
INSERT INTO `predictions` VALUES (10067,28,2017092405,1,1);
INSERT INTO `predictions` VALUES (10068,28,2017092406,1,0);
INSERT INTO `predictions` VALUES (10069,28,2017092407,1,1);
INSERT INTO `predictions` VALUES (10070,28,2017092408,1,0);
INSERT INTO `predictions` VALUES (10071,28,2017092409,1,0);
INSERT INTO `predictions` VALUES (10072,28,2017092410,1,0);
INSERT INTO `predictions` VALUES (10073,28,2017092411,1,1);
INSERT INTO `predictions` VALUES (10074,28,2017092412,1,0);
INSERT INTO `predictions` VALUES (10075,28,2017092413,1,0);
INSERT INTO `predictions` VALUES (10076,28,2017092500,1,0);
INSERT INTO `predictions` VALUES (10077,28,2017092800,1,1);
INSERT INTO `predictions` VALUES (10078,28,2017100100,1,1);
INSERT INTO `predictions` VALUES (10079,28,2017100101,1,1);
INSERT INTO `predictions` VALUES (10080,28,2017100102,1,0);
INSERT INTO `predictions` VALUES (10081,28,2017100103,1,0);
INSERT INTO `predictions` VALUES (10082,28,2017100104,1,0);
INSERT INTO `predictions` VALUES (10083,28,2017100105,1,0);
INSERT INTO `predictions` VALUES (10084,28,2017100106,1,1);
INSERT INTO `predictions` VALUES (10085,28,2017100107,1,1);
INSERT INTO `predictions` VALUES (10086,28,2017100108,1,0);
INSERT INTO `predictions` VALUES (10087,28,2017100109,1,1);
INSERT INTO `predictions` VALUES (10088,28,2017100110,1,0);
INSERT INTO `predictions` VALUES (10089,28,2017100111,1,0);
INSERT INTO `predictions` VALUES (10090,28,2017100112,1,0);
INSERT INTO `predictions` VALUES (10091,28,2017100113,1,1);
INSERT INTO `predictions` VALUES (10092,28,2017100200,1,1);
INSERT INTO `predictions` VALUES (10093,28,2017100500,1,0);
INSERT INTO `predictions` VALUES (10094,28,2017100800,1,1);
INSERT INTO `predictions` VALUES (10095,28,2017100801,1,0);
INSERT INTO `predictions` VALUES (10096,28,2017100802,1,1);
INSERT INTO `predictions` VALUES (10097,28,2017100803,1,1);
INSERT INTO `predictions` VALUES (10098,28,2017100804,1,0);
INSERT INTO `predictions` VALUES (10099,28,2017100805,1,1);
INSERT INTO `predictions` VALUES (10100,28,2017100806,1,1);
INSERT INTO `predictions` VALUES (10101,28,2017100807,1,0);
INSERT INTO `predictions` VALUES (10102,28,2017100808,1,1);
INSERT INTO `predictions` VALUES (10103,28,2017100809,1,1);
INSERT INTO `predictions` VALUES (10104,28,2017100810,1,1);
INSERT INTO `predictions` VALUES (10105,28,2017100811,1,1);
INSERT INTO `predictions` VALUES (10106,28,2017100900,1,0);
INSERT INTO `predictions` VALUES (10107,28,2017101200,1,0);
INSERT INTO `predictions` VALUES (10108,28,2017101500,1,1);
INSERT INTO `predictions` VALUES (10109,28,2017101501,1,1);
INSERT INTO `predictions` VALUES (10110,28,2017101502,1,1);
INSERT INTO `predictions` VALUES (10111,28,2017101503,1,0);
INSERT INTO `predictions` VALUES (10112,28,2017101504,1,0);
INSERT INTO `predictions` VALUES (10113,28,2017101505,1,0);
INSERT INTO `predictions` VALUES (10114,28,2017101506,1,0);
INSERT INTO `predictions` VALUES (10115,28,2017101507,1,0);
INSERT INTO `predictions` VALUES (10116,28,2017101508,1,0);
INSERT INTO `predictions` VALUES (10117,28,2017101509,1,1);
INSERT INTO `predictions` VALUES (10118,28,2017101510,1,1);
INSERT INTO `predictions` VALUES (10119,28,2017101511,1,1);
INSERT INTO `predictions` VALUES (10120,28,2017101600,1,1);
INSERT INTO `predictions` VALUES (10121,28,2017101900,1,0);
INSERT INTO `predictions` VALUES (10122,28,2017102200,1,1);
INSERT INTO `predictions` VALUES (10123,28,2017102201,1,0);
INSERT INTO `predictions` VALUES (10124,28,2017102202,1,0);
INSERT INTO `predictions` VALUES (10125,28,2017102203,1,1);
INSERT INTO `predictions` VALUES (10126,28,2017102204,1,0);
INSERT INTO `predictions` VALUES (10127,28,2017102205,1,1);
INSERT INTO `predictions` VALUES (10128,28,2017102206,1,0);
INSERT INTO `predictions` VALUES (10129,28,2017102207,1,1);
INSERT INTO `predictions` VALUES (10130,28,2017102208,1,1);
INSERT INTO `predictions` VALUES (10131,28,2017102209,1,0);
INSERT INTO `predictions` VALUES (10132,28,2017102210,1,0);
INSERT INTO `predictions` VALUES (10133,28,2017102211,1,0);
INSERT INTO `predictions` VALUES (10134,28,2017102212,1,1);
INSERT INTO `predictions` VALUES (10135,28,2017102300,1,1);
INSERT INTO `predictions` VALUES (10136,28,2017102600,1,0);
INSERT INTO `predictions` VALUES (10137,28,2017102900,1,0);
INSERT INTO `predictions` VALUES (10138,28,2017102901,1,0);
INSERT INTO `predictions` VALUES (10139,28,2017102902,1,1);
INSERT INTO `predictions` VALUES (10140,28,2017102903,1,1);
INSERT INTO `predictions` VALUES (10141,28,2017102904,1,1);
INSERT INTO `predictions` VALUES (10142,28,2017102905,1,1);
INSERT INTO `predictions` VALUES (10143,28,2017102906,1,1);
INSERT INTO `predictions` VALUES (10144,28,2017102907,1,0);
INSERT INTO `predictions` VALUES (10145,28,2017102908,1,1);
INSERT INTO `predictions` VALUES (10146,28,2017102909,1,1);
INSERT INTO `predictions` VALUES (10147,28,2017102910,1,0);
INSERT INTO `predictions` VALUES (10148,28,2017103000,1,1);
INSERT INTO `predictions` VALUES (10149,28,2017110200,1,0);
INSERT INTO `predictions` VALUES (10150,28,2017110500,1,1);
INSERT INTO `predictions` VALUES (10151,28,2017110501,1,1);
INSERT INTO `predictions` VALUES (10152,28,2017110502,1,1);
INSERT INTO `predictions` VALUES (10153,28,2017110503,1,1);
INSERT INTO `predictions` VALUES (10154,28,2017110504,1,0);
INSERT INTO `predictions` VALUES (10155,28,2017110505,1,1);
INSERT INTO `predictions` VALUES (10156,28,2017110506,1,1);
INSERT INTO `predictions` VALUES (10157,28,2017110507,1,0);
INSERT INTO `predictions` VALUES (10158,28,2017110508,1,1);
INSERT INTO `predictions` VALUES (10159,28,2017110509,1,1);
INSERT INTO `predictions` VALUES (10160,28,2017110510,1,0);
INSERT INTO `predictions` VALUES (10161,28,2017110600,1,1);
INSERT INTO `predictions` VALUES (10162,28,2017110900,0,0);
INSERT INTO `predictions` VALUES (10163,28,2017111200,1,0);
INSERT INTO `predictions` VALUES (10164,28,2017111201,1,0);
INSERT INTO `predictions` VALUES (10165,28,2017111202,1,1);
INSERT INTO `predictions` VALUES (10166,28,2017111203,1,0);
INSERT INTO `predictions` VALUES (10167,28,2017111204,1,1);
INSERT INTO `predictions` VALUES (10168,28,2017111205,1,0);
INSERT INTO `predictions` VALUES (10169,28,2017111206,1,1);
INSERT INTO `predictions` VALUES (10170,28,2017111207,1,0);
INSERT INTO `predictions` VALUES (10171,28,2017111208,1,1);
INSERT INTO `predictions` VALUES (10172,28,2017111209,1,1);
INSERT INTO `predictions` VALUES (10173,28,2017111210,1,1);
INSERT INTO `predictions` VALUES (10174,28,2017111211,1,0);
INSERT INTO `predictions` VALUES (10175,28,2017111300,1,1);
INSERT INTO `predictions` VALUES (10176,28,2017111600,1,1);
INSERT INTO `predictions` VALUES (10177,28,2017111900,1,0);
INSERT INTO `predictions` VALUES (10178,28,2017111901,1,0);
INSERT INTO `predictions` VALUES (10179,28,2017111902,1,1);
INSERT INTO `predictions` VALUES (10180,28,2017111903,1,0);
INSERT INTO `predictions` VALUES (10181,28,2017111904,1,0);
INSERT INTO `predictions` VALUES (10182,28,2017111905,1,1);
INSERT INTO `predictions` VALUES (10183,28,2017111906,1,0);
INSERT INTO `predictions` VALUES (10184,28,2017111907,1,0);
INSERT INTO `predictions` VALUES (10185,28,2017111908,1,1);
INSERT INTO `predictions` VALUES (10186,28,2017111909,1,0);
INSERT INTO `predictions` VALUES (10187,28,2017111910,1,1);
INSERT INTO `predictions` VALUES (10188,28,2017112000,1,1);
INSERT INTO `predictions` VALUES (10189,28,2017112300,1,0);
INSERT INTO `predictions` VALUES (10190,28,2017112301,1,1);
INSERT INTO `predictions` VALUES (10191,28,2017112302,1,1);
INSERT INTO `predictions` VALUES (10192,28,2017112600,1,1);
INSERT INTO `predictions` VALUES (10193,28,2017112601,1,1);
INSERT INTO `predictions` VALUES (10194,28,2017112602,1,1);
INSERT INTO `predictions` VALUES (10195,28,2017112603,1,1);
INSERT INTO `predictions` VALUES (10196,28,2017112604,1,1);
INSERT INTO `predictions` VALUES (10197,28,2017112605,1,0);
INSERT INTO `predictions` VALUES (10198,28,2017112606,1,1);
INSERT INTO `predictions` VALUES (10199,28,2017112607,1,0);
INSERT INTO `predictions` VALUES (10200,28,2017112608,1,0);
INSERT INTO `predictions` VALUES (10201,28,2017112609,1,0);
INSERT INTO `predictions` VALUES (10202,28,2017112610,1,1);
INSERT INTO `predictions` VALUES (10203,28,2017112611,1,1);
INSERT INTO `predictions` VALUES (10204,28,2017112700,1,1);
INSERT INTO `predictions` VALUES (10205,28,2017113000,1,0);
INSERT INTO `predictions` VALUES (10206,28,2017120300,1,0);
INSERT INTO `predictions` VALUES (10207,28,2017120301,1,0);
INSERT INTO `predictions` VALUES (10208,28,2017120302,1,0);
INSERT INTO `predictions` VALUES (10209,28,2017120303,1,0);
INSERT INTO `predictions` VALUES (10210,28,2017120304,1,1);
INSERT INTO `predictions` VALUES (10211,28,2017120305,1,1);
INSERT INTO `predictions` VALUES (10212,28,2017120306,1,1);
INSERT INTO `predictions` VALUES (10213,28,2017120307,1,1);
INSERT INTO `predictions` VALUES (10214,28,2017120308,1,0);
INSERT INTO `predictions` VALUES (10215,28,2017120309,1,1);
INSERT INTO `predictions` VALUES (10216,28,2017120310,1,1);
INSERT INTO `predictions` VALUES (10217,28,2017120311,1,0);
INSERT INTO `predictions` VALUES (10218,28,2017120312,1,1);
INSERT INTO `predictions` VALUES (10219,28,2017120313,1,0);
INSERT INTO `predictions` VALUES (10220,28,2017120400,1,0);
INSERT INTO `predictions` VALUES (10221,28,2017120700,0,0);
INSERT INTO `predictions` VALUES (10222,28,2017121000,1,1);
INSERT INTO `predictions` VALUES (10223,28,2017121001,1,0);
INSERT INTO `predictions` VALUES (10224,28,2017121002,1,1);
INSERT INTO `predictions` VALUES (10225,28,2017121003,1,0);
INSERT INTO `predictions` VALUES (10226,28,2017121004,1,1);
INSERT INTO `predictions` VALUES (10227,28,2017121005,1,1);
INSERT INTO `predictions` VALUES (10228,28,2017121006,1,0);
INSERT INTO `predictions` VALUES (10229,28,2017121007,1,1);
INSERT INTO `predictions` VALUES (10230,28,2017121008,1,0);
INSERT INTO `predictions` VALUES (10231,28,2017121009,1,1);
INSERT INTO `predictions` VALUES (10232,28,2017121010,1,0);
INSERT INTO `predictions` VALUES (10233,28,2017121011,1,0);
INSERT INTO `predictions` VALUES (10234,28,2017121012,1,0);
INSERT INTO `predictions` VALUES (10235,28,2017121013,1,0);
INSERT INTO `predictions` VALUES (10236,28,2017121100,1,0);
INSERT INTO `predictions` VALUES (10237,28,2017121400,0,0);
INSERT INTO `predictions` VALUES (10238,28,2017121600,1,1);
INSERT INTO `predictions` VALUES (10239,28,2017121601,1,0);
INSERT INTO `predictions` VALUES (10240,28,2017121700,1,1);
INSERT INTO `predictions` VALUES (10241,28,2017121701,1,1);
INSERT INTO `predictions` VALUES (10242,28,2017121702,1,0);
INSERT INTO `predictions` VALUES (10243,28,2017121703,1,1);
INSERT INTO `predictions` VALUES (10244,28,2017121704,1,1);
INSERT INTO `predictions` VALUES (10245,28,2017121705,1,1);
INSERT INTO `predictions` VALUES (10246,28,2017121706,1,0);
INSERT INTO `predictions` VALUES (10247,28,2017121707,1,1);
INSERT INTO `predictions` VALUES (10248,28,2017121708,1,1);
INSERT INTO `predictions` VALUES (10249,28,2017121709,1,0);
INSERT INTO `predictions` VALUES (10250,28,2017121710,1,0);
INSERT INTO `predictions` VALUES (10251,28,2017121711,1,0);
INSERT INTO `predictions` VALUES (10252,28,2017121800,1,0);
INSERT INTO `predictions` VALUES (10253,28,2017122300,1,0);
INSERT INTO `predictions` VALUES (10254,28,2017122301,1,0);
INSERT INTO `predictions` VALUES (10255,28,2017122400,1,1);
INSERT INTO `predictions` VALUES (10256,28,2017122401,1,1);
INSERT INTO `predictions` VALUES (10257,28,2017122402,1,0);
INSERT INTO `predictions` VALUES (10258,28,2017122403,1,1);
INSERT INTO `predictions` VALUES (10259,28,2017122404,1,1);
INSERT INTO `predictions` VALUES (10260,28,2017122405,1,1);
INSERT INTO `predictions` VALUES (10261,28,2017122406,1,1);
INSERT INTO `predictions` VALUES (10262,28,2017122407,1,0);
INSERT INTO `predictions` VALUES (10263,28,2017122408,1,0);
INSERT INTO `predictions` VALUES (10264,28,2017122409,1,0);
INSERT INTO `predictions` VALUES (10265,28,2017122410,1,1);
INSERT INTO `predictions` VALUES (10266,28,2017122411,1,1);
INSERT INTO `predictions` VALUES (10267,28,2017122500,1,0);
INSERT INTO `predictions` VALUES (10268,28,2017122501,1,1);
INSERT INTO `predictions` VALUES (10269,28,2017123100,1,0);
INSERT INTO `predictions` VALUES (10270,28,2017123101,1,1);
INSERT INTO `predictions` VALUES (10271,28,2017123102,1,0);
INSERT INTO `predictions` VALUES (10272,28,2017123103,1,0);
INSERT INTO `predictions` VALUES (10273,28,2017123104,1,0);
INSERT INTO `predictions` VALUES (10274,28,2017123105,1,1);
INSERT INTO `predictions` VALUES (10275,28,2017123106,1,1);
INSERT INTO `predictions` VALUES (10276,28,2017123107,1,0);
INSERT INTO `predictions` VALUES (10277,28,2017123108,1,1);
INSERT INTO `predictions` VALUES (10278,28,2017123109,1,1);
INSERT INTO `predictions` VALUES (10279,28,2017123110,1,0);
INSERT INTO `predictions` VALUES (10280,28,2017123111,1,0);
INSERT INTO `predictions` VALUES (10281,28,2017123112,1,0);
INSERT INTO `predictions` VALUES (10282,28,2017123113,1,1);
INSERT INTO `predictions` VALUES (10283,28,2017123114,1,1);
INSERT INTO `predictions` VALUES (10284,28,2017123115,1,0);
INSERT INTO `predictions` VALUES (10540,29,2017090700,1,1);
INSERT INTO `predictions` VALUES (10541,29,2017091000,1,1);
INSERT INTO `predictions` VALUES (10542,29,2017091001,1,0);
INSERT INTO `predictions` VALUES (10543,29,2017091002,1,1);
INSERT INTO `predictions` VALUES (10544,29,2017091003,1,0);
INSERT INTO `predictions` VALUES (10545,29,2017091004,1,1);
INSERT INTO `predictions` VALUES (10546,29,2017091005,1,1);
INSERT INTO `predictions` VALUES (10547,29,2017091007,1,0);
INSERT INTO `predictions` VALUES (10548,29,2017091008,1,1);
INSERT INTO `predictions` VALUES (10549,29,2017091009,1,0);
INSERT INTO `predictions` VALUES (10550,29,2017091010,1,1);
INSERT INTO `predictions` VALUES (10551,29,2017091011,1,1);
INSERT INTO `predictions` VALUES (10552,29,2017091012,1,1);
INSERT INTO `predictions` VALUES (10553,29,2017091100,1,1);
INSERT INTO `predictions` VALUES (10554,29,2017091101,1,1);
INSERT INTO `predictions` VALUES (10555,29,2017091400,1,1);
INSERT INTO `predictions` VALUES (10556,29,2017091700,1,1);
INSERT INTO `predictions` VALUES (10557,29,2017091701,1,1);
INSERT INTO `predictions` VALUES (10558,29,2017091702,1,0);
INSERT INTO `predictions` VALUES (10559,29,2017091703,1,1);
INSERT INTO `predictions` VALUES (10560,29,2017091704,1,1);
INSERT INTO `predictions` VALUES (10561,29,2017091705,1,0);
INSERT INTO `predictions` VALUES (10562,29,2017091706,1,1);
INSERT INTO `predictions` VALUES (10563,29,2017091707,1,1);
INSERT INTO `predictions` VALUES (10564,29,2017091708,1,1);
INSERT INTO `predictions` VALUES (10565,29,2017091709,1,1);
INSERT INTO `predictions` VALUES (10566,29,2017091710,1,0);
INSERT INTO `predictions` VALUES (10567,29,2017091711,1,1);
INSERT INTO `predictions` VALUES (10568,29,2017091712,1,1);
INSERT INTO `predictions` VALUES (10569,29,2017091713,1,1);
INSERT INTO `predictions` VALUES (10570,29,2017091800,1,1);
INSERT INTO `predictions` VALUES (10571,29,2017092100,1,0);
INSERT INTO `predictions` VALUES (10572,29,2017092400,0,0);
INSERT INTO `predictions` VALUES (10573,29,2017092401,1,0);
INSERT INTO `predictions` VALUES (10574,29,2017092402,1,1);
INSERT INTO `predictions` VALUES (10575,29,2017092403,1,0);
INSERT INTO `predictions` VALUES (10576,29,2017092404,1,0);
INSERT INTO `predictions` VALUES (10577,29,2017092405,1,1);
INSERT INTO `predictions` VALUES (10578,29,2017092406,1,0);
INSERT INTO `predictions` VALUES (10579,29,2017092407,1,1);
INSERT INTO `predictions` VALUES (10580,29,2017092408,1,0);
INSERT INTO `predictions` VALUES (10581,29,2017092409,1,1);
INSERT INTO `predictions` VALUES (10582,29,2017092410,1,1);
INSERT INTO `predictions` VALUES (10583,29,2017092411,1,1);
INSERT INTO `predictions` VALUES (10584,29,2017092412,1,0);
INSERT INTO `predictions` VALUES (10585,29,2017092413,1,0);
INSERT INTO `predictions` VALUES (10586,29,2017092500,1,0);
INSERT INTO `predictions` VALUES (10587,29,2017092800,1,1);
INSERT INTO `predictions` VALUES (10588,29,2017100100,1,0);
INSERT INTO `predictions` VALUES (10589,29,2017100101,1,1);
INSERT INTO `predictions` VALUES (10590,29,2017100102,1,0);
INSERT INTO `predictions` VALUES (10591,29,2017100103,1,1);
INSERT INTO `predictions` VALUES (10592,29,2017100104,1,1);
INSERT INTO `predictions` VALUES (10593,29,2017100105,1,1);
INSERT INTO `predictions` VALUES (10594,29,2017100106,1,0);
INSERT INTO `predictions` VALUES (10595,29,2017100107,1,1);
INSERT INTO `predictions` VALUES (10596,29,2017100108,1,0);
INSERT INTO `predictions` VALUES (10597,29,2017100109,1,1);
INSERT INTO `predictions` VALUES (10598,29,2017100110,1,0);
INSERT INTO `predictions` VALUES (10599,29,2017100111,1,1);
INSERT INTO `predictions` VALUES (10600,29,2017100112,1,1);
INSERT INTO `predictions` VALUES (10601,29,2017100113,1,1);
INSERT INTO `predictions` VALUES (10602,29,2017100200,1,1);
INSERT INTO `predictions` VALUES (10603,29,2017100500,1,1);
INSERT INTO `predictions` VALUES (10604,29,2017100800,1,0);
INSERT INTO `predictions` VALUES (10605,29,2017100801,1,0);
INSERT INTO `predictions` VALUES (10606,29,2017100802,1,1);
INSERT INTO `predictions` VALUES (10607,29,2017100803,1,1);
INSERT INTO `predictions` VALUES (10608,29,2017100804,1,0);
INSERT INTO `predictions` VALUES (10609,29,2017100805,1,1);
INSERT INTO `predictions` VALUES (10610,29,2017100806,1,1);
INSERT INTO `predictions` VALUES (10611,29,2017100807,1,1);
INSERT INTO `predictions` VALUES (10612,29,2017100808,1,1);
INSERT INTO `predictions` VALUES (10613,29,2017100809,1,1);
INSERT INTO `predictions` VALUES (10614,29,2017100810,1,0);
INSERT INTO `predictions` VALUES (10615,29,2017100811,1,0);
INSERT INTO `predictions` VALUES (10616,29,2017100900,1,1);
INSERT INTO `predictions` VALUES (10617,29,2017101200,1,0);
INSERT INTO `predictions` VALUES (10618,29,2017101500,1,1);
INSERT INTO `predictions` VALUES (10619,29,2017101501,1,1);
INSERT INTO `predictions` VALUES (10620,29,2017101502,1,1);
INSERT INTO `predictions` VALUES (10621,29,2017101503,1,0);
INSERT INTO `predictions` VALUES (10622,29,2017101504,1,0);
INSERT INTO `predictions` VALUES (10623,29,2017101505,1,0);
INSERT INTO `predictions` VALUES (10624,29,2017101506,1,1);
INSERT INTO `predictions` VALUES (10625,29,2017101507,1,0);
INSERT INTO `predictions` VALUES (10626,29,2017101508,1,0);
INSERT INTO `predictions` VALUES (10627,29,2017101509,1,1);
INSERT INTO `predictions` VALUES (10628,29,2017101510,1,1);
INSERT INTO `predictions` VALUES (10629,29,2017101511,1,1);
INSERT INTO `predictions` VALUES (10630,29,2017101600,1,0);
INSERT INTO `predictions` VALUES (10631,29,2017101900,0,0);
INSERT INTO `predictions` VALUES (10632,29,2017102200,1,1);
INSERT INTO `predictions` VALUES (10633,29,2017102201,1,1);
INSERT INTO `predictions` VALUES (10634,29,2017102202,1,0);
INSERT INTO `predictions` VALUES (10635,29,2017102203,1,1);
INSERT INTO `predictions` VALUES (10636,29,2017102204,1,0);
INSERT INTO `predictions` VALUES (10637,29,2017102205,1,1);
INSERT INTO `predictions` VALUES (10638,29,2017102206,1,1);
INSERT INTO `predictions` VALUES (10639,29,2017102207,1,0);
INSERT INTO `predictions` VALUES (10640,29,2017102208,1,1);
INSERT INTO `predictions` VALUES (10641,29,2017102209,1,1);
INSERT INTO `predictions` VALUES (10642,29,2017102210,1,0);
INSERT INTO `predictions` VALUES (10643,29,2017102211,1,1);
INSERT INTO `predictions` VALUES (10644,29,2017102212,1,1);
INSERT INTO `predictions` VALUES (10645,29,2017102300,1,1);
INSERT INTO `predictions` VALUES (10646,29,2017102600,1,0);
INSERT INTO `predictions` VALUES (10647,29,2017102900,1,0);
INSERT INTO `predictions` VALUES (10648,29,2017102901,0,0);
INSERT INTO `predictions` VALUES (10649,29,2017102902,0,0);
INSERT INTO `predictions` VALUES (10650,29,2017102903,0,0);
INSERT INTO `predictions` VALUES (10651,29,2017102904,0,0);
INSERT INTO `predictions` VALUES (10652,29,2017102905,0,0);
INSERT INTO `predictions` VALUES (10653,29,2017102906,0,0);
INSERT INTO `predictions` VALUES (10654,29,2017102907,0,0);
INSERT INTO `predictions` VALUES (10655,29,2017102908,1,1);
INSERT INTO `predictions` VALUES (10656,29,2017102909,1,1);
INSERT INTO `predictions` VALUES (10657,29,2017102910,1,0);
INSERT INTO `predictions` VALUES (10658,29,2017103000,1,1);
INSERT INTO `predictions` VALUES (10659,29,2017110200,1,0);
INSERT INTO `predictions` VALUES (10660,29,2017110500,1,0);
INSERT INTO `predictions` VALUES (10661,29,2017110501,1,1);
INSERT INTO `predictions` VALUES (10662,29,2017110502,1,1);
INSERT INTO `predictions` VALUES (10663,29,2017110503,1,1);
INSERT INTO `predictions` VALUES (10664,29,2017110504,1,0);
INSERT INTO `predictions` VALUES (10665,29,2017110505,1,1);
INSERT INTO `predictions` VALUES (10666,29,2017110506,1,1);
INSERT INTO `predictions` VALUES (10667,29,2017110507,1,0);
INSERT INTO `predictions` VALUES (10668,29,2017110508,1,1);
INSERT INTO `predictions` VALUES (10669,29,2017110509,1,0);
INSERT INTO `predictions` VALUES (10670,29,2017110510,1,0);
INSERT INTO `predictions` VALUES (10671,29,2017110600,1,0);
INSERT INTO `predictions` VALUES (10672,29,2017110900,1,0);
INSERT INTO `predictions` VALUES (10673,29,2017111200,1,0);
INSERT INTO `predictions` VALUES (10674,29,2017111201,1,1);
INSERT INTO `predictions` VALUES (10675,29,2017111202,1,1);
INSERT INTO `predictions` VALUES (10676,29,2017111203,1,0);
INSERT INTO `predictions` VALUES (10677,29,2017111204,1,1);
INSERT INTO `predictions` VALUES (10678,29,2017111205,1,0);
INSERT INTO `predictions` VALUES (10679,29,2017111206,1,1);
INSERT INTO `predictions` VALUES (10680,29,2017111207,1,0);
INSERT INTO `predictions` VALUES (10681,29,2017111208,1,1);
INSERT INTO `predictions` VALUES (10682,29,2017111209,1,1);
INSERT INTO `predictions` VALUES (10683,29,2017111210,1,1);
INSERT INTO `predictions` VALUES (10684,29,2017111211,1,0);
INSERT INTO `predictions` VALUES (10685,29,2017111300,1,1);
INSERT INTO `predictions` VALUES (10686,29,2017111600,1,1);
INSERT INTO `predictions` VALUES (10687,29,2017111900,1,0);
INSERT INTO `predictions` VALUES (10688,29,2017111901,1,0);
INSERT INTO `predictions` VALUES (10689,29,2017111902,1,1);
INSERT INTO `predictions` VALUES (10690,29,2017111903,1,1);
INSERT INTO `predictions` VALUES (10691,29,2017111904,1,0);
INSERT INTO `predictions` VALUES (10692,29,2017111905,1,1);
INSERT INTO `predictions` VALUES (10693,29,2017111906,1,0);
INSERT INTO `predictions` VALUES (10694,29,2017111907,1,1);
INSERT INTO `predictions` VALUES (10695,29,2017111908,1,1);
INSERT INTO `predictions` VALUES (10696,29,2017111909,1,1);
INSERT INTO `predictions` VALUES (10697,29,2017111910,1,0);
INSERT INTO `predictions` VALUES (10698,29,2017112000,1,0);
INSERT INTO `predictions` VALUES (10699,29,2017112300,1,0);
INSERT INTO `predictions` VALUES (10700,29,2017112301,1,0);
INSERT INTO `predictions` VALUES (10701,29,2017112302,1,1);
INSERT INTO `predictions` VALUES (10702,29,2017112600,1,1);
INSERT INTO `predictions` VALUES (10703,29,2017112601,1,1);
INSERT INTO `predictions` VALUES (10704,29,2017112602,1,0);
INSERT INTO `predictions` VALUES (10705,29,2017112603,1,1);
INSERT INTO `predictions` VALUES (10706,29,2017112604,1,1);
INSERT INTO `predictions` VALUES (10707,29,2017112605,1,0);
INSERT INTO `predictions` VALUES (10708,29,2017112606,1,1);
INSERT INTO `predictions` VALUES (10709,29,2017112607,1,0);
INSERT INTO `predictions` VALUES (10710,29,2017112608,1,0);
INSERT INTO `predictions` VALUES (10711,29,2017112609,1,0);
INSERT INTO `predictions` VALUES (10712,29,2017112610,1,1);
INSERT INTO `predictions` VALUES (10713,29,2017112611,1,1);
INSERT INTO `predictions` VALUES (10714,29,2017112700,1,0);
INSERT INTO `predictions` VALUES (10715,29,2017113000,1,0);
INSERT INTO `predictions` VALUES (10716,29,2017120300,1,0);
INSERT INTO `predictions` VALUES (10717,29,2017120301,1,0);
INSERT INTO `predictions` VALUES (10718,29,2017120302,1,0);
INSERT INTO `predictions` VALUES (10719,29,2017120303,1,0);
INSERT INTO `predictions` VALUES (10720,29,2017120304,1,1);
INSERT INTO `predictions` VALUES (10721,29,2017120305,1,1);
INSERT INTO `predictions` VALUES (10722,29,2017120306,1,0);
INSERT INTO `predictions` VALUES (10723,29,2017120307,1,1);
INSERT INTO `predictions` VALUES (10724,29,2017120308,1,0);
INSERT INTO `predictions` VALUES (10725,29,2017120309,1,1);
INSERT INTO `predictions` VALUES (10726,29,2017120310,1,1);
INSERT INTO `predictions` VALUES (10727,29,2017120311,1,0);
INSERT INTO `predictions` VALUES (10728,29,2017120312,1,1);
INSERT INTO `predictions` VALUES (10729,29,2017120313,1,0);
INSERT INTO `predictions` VALUES (10730,29,2017120400,1,0);
INSERT INTO `predictions` VALUES (10731,29,2017120700,1,0);
INSERT INTO `predictions` VALUES (10732,29,2017121000,1,1);
INSERT INTO `predictions` VALUES (10733,29,2017121001,1,0);
INSERT INTO `predictions` VALUES (10734,29,2017121002,1,1);
INSERT INTO `predictions` VALUES (10735,29,2017121003,1,0);
INSERT INTO `predictions` VALUES (10736,29,2017121004,1,1);
INSERT INTO `predictions` VALUES (10737,29,2017121005,1,0);
INSERT INTO `predictions` VALUES (10738,29,2017121006,1,0);
INSERT INTO `predictions` VALUES (10739,29,2017121007,1,1);
INSERT INTO `predictions` VALUES (10740,29,2017121008,1,0);
INSERT INTO `predictions` VALUES (10741,29,2017121009,1,0);
INSERT INTO `predictions` VALUES (10742,29,2017121010,1,1);
INSERT INTO `predictions` VALUES (10743,29,2017121011,1,1);
INSERT INTO `predictions` VALUES (10744,29,2017121012,1,0);
INSERT INTO `predictions` VALUES (10745,29,2017121013,1,1);
INSERT INTO `predictions` VALUES (10746,29,2017121100,1,0);
INSERT INTO `predictions` VALUES (10747,29,2017121400,1,0);
INSERT INTO `predictions` VALUES (10748,29,2017121600,1,1);
INSERT INTO `predictions` VALUES (10749,29,2017121601,0,0);
INSERT INTO `predictions` VALUES (10750,29,2017121700,1,1);
INSERT INTO `predictions` VALUES (10751,29,2017121701,1,0);
INSERT INTO `predictions` VALUES (10752,29,2017121702,1,0);
INSERT INTO `predictions` VALUES (10753,29,2017121703,1,1);
INSERT INTO `predictions` VALUES (10754,29,2017121704,1,1);
INSERT INTO `predictions` VALUES (10755,29,2017121705,1,1);
INSERT INTO `predictions` VALUES (10756,29,2017121706,1,0);
INSERT INTO `predictions` VALUES (10757,29,2017121707,1,1);
INSERT INTO `predictions` VALUES (10758,29,2017121708,1,0);
INSERT INTO `predictions` VALUES (10759,29,2017121709,1,1);
INSERT INTO `predictions` VALUES (10760,29,2017121710,1,1);
INSERT INTO `predictions` VALUES (10761,29,2017121711,1,1);
INSERT INTO `predictions` VALUES (10762,29,2017121800,1,0);
INSERT INTO `predictions` VALUES (10763,29,2017122300,1,1);
INSERT INTO `predictions` VALUES (10764,29,2017122301,1,0);
INSERT INTO `predictions` VALUES (10765,29,2017122400,1,1);
INSERT INTO `predictions` VALUES (10766,29,2017122401,1,1);
INSERT INTO `predictions` VALUES (10767,29,2017122402,1,0);
INSERT INTO `predictions` VALUES (10768,29,2017122403,1,1);
INSERT INTO `predictions` VALUES (10769,29,2017122404,1,1);
INSERT INTO `predictions` VALUES (10770,29,2017122405,1,1);
INSERT INTO `predictions` VALUES (10771,29,2017122406,1,0);
INSERT INTO `predictions` VALUES (10772,29,2017122407,1,0);
INSERT INTO `predictions` VALUES (10773,29,2017122408,1,1);
INSERT INTO `predictions` VALUES (10774,29,2017122409,1,0);
INSERT INTO `predictions` VALUES (10775,29,2017122410,1,1);
INSERT INTO `predictions` VALUES (10776,29,2017122411,1,1);
INSERT INTO `predictions` VALUES (10777,29,2017122500,1,0);
INSERT INTO `predictions` VALUES (10778,29,2017122501,1,1);
INSERT INTO `predictions` VALUES (10779,29,2017123100,0,0);
INSERT INTO `predictions` VALUES (10780,29,2017123101,0,0);
INSERT INTO `predictions` VALUES (10781,29,2017123102,0,0);
INSERT INTO `predictions` VALUES (10782,29,2017123103,0,0);
INSERT INTO `predictions` VALUES (10783,29,2017123104,0,0);
INSERT INTO `predictions` VALUES (10784,29,2017123105,0,0);
INSERT INTO `predictions` VALUES (10785,29,2017123106,0,0);
INSERT INTO `predictions` VALUES (10786,29,2017123107,0,0);
INSERT INTO `predictions` VALUES (10787,29,2017123108,0,0);
INSERT INTO `predictions` VALUES (10788,29,2017123109,0,0);
INSERT INTO `predictions` VALUES (10789,29,2017123110,0,0);
INSERT INTO `predictions` VALUES (10790,29,2017123111,0,0);
INSERT INTO `predictions` VALUES (10791,29,2017123112,0,0);
INSERT INTO `predictions` VALUES (10792,29,2017123113,0,0);
INSERT INTO `predictions` VALUES (10793,29,2017123114,0,0);
INSERT INTO `predictions` VALUES (10794,29,2017123115,0,0);
INSERT INTO `predictions` VALUES (10795,18,2017111911,0,0);
INSERT INTO `predictions` VALUES (10796,27,2017111911,1,0);
INSERT INTO `predictions` VALUES (10797,25,2017111911,1,1);
INSERT INTO `predictions` VALUES (10798,26,2017111911,1,0);
INSERT INTO `predictions` VALUES (10799,23,2017111911,1,1);
INSERT INTO `predictions` VALUES (10800,29,2017111911,1,0);
INSERT INTO `predictions` VALUES (10801,28,2017111911,1,0);
INSERT INTO `predictions` VALUES (10802,18,2018010600,0,0);
INSERT INTO `predictions` VALUES (10803,27,2018010600,0,0);
INSERT INTO `predictions` VALUES (10804,25,2018010600,0,0);
INSERT INTO `predictions` VALUES (10805,26,2018010600,1,1);
INSERT INTO `predictions` VALUES (10806,23,2018010600,0,0);
INSERT INTO `predictions` VALUES (10807,29,2018010600,0,0);
INSERT INTO `predictions` VALUES (10808,28,2018010600,0,0);
INSERT INTO `predictions` VALUES (10809,18,2018010700,0,0);
INSERT INTO `predictions` VALUES (10810,27,2018010700,0,0);
INSERT INTO `predictions` VALUES (10811,25,2018010700,0,0);
INSERT INTO `predictions` VALUES (10812,26,2018010700,1,1);
INSERT INTO `predictions` VALUES (10813,23,2018010700,0,0);
INSERT INTO `predictions` VALUES (10814,29,2018010700,0,0);
INSERT INTO `predictions` VALUES (10815,28,2018010700,0,0);
INSERT INTO `predictions` VALUES (10816,18,2018010701,0,0);
INSERT INTO `predictions` VALUES (10817,27,2018010701,0,0);
INSERT INTO `predictions` VALUES (10818,25,2018010701,0,0);
INSERT INTO `predictions` VALUES (10819,26,2018010701,1,1);
INSERT INTO `predictions` VALUES (10820,23,2018010701,0,0);
INSERT INTO `predictions` VALUES (10821,29,2018010701,0,0);
INSERT INTO `predictions` VALUES (10822,28,2018010701,0,0);
INSERT INTO `predictions` VALUES (10823,18,2018010601,0,0);
INSERT INTO `predictions` VALUES (10824,27,2018010601,0,0);
INSERT INTO `predictions` VALUES (10825,25,2018010601,0,0);
INSERT INTO `predictions` VALUES (10826,26,2018010601,1,1);
INSERT INTO `predictions` VALUES (10827,23,2018010601,0,0);
INSERT INTO `predictions` VALUES (10828,29,2018010601,0,0);
INSERT INTO `predictions` VALUES (10829,28,2018010601,0,0);
/*!40000 ALTER TABLE `predictions` ENABLE KEYS */;
UNLOCK TABLES;
DROP TABLE IF EXISTS `predictions_plus`;
/*!40101 SET @saved_cs_client     = @@character_set_client */;
/*!40101 SET character_set_client = utf8 */;
CREATE TABLE `predictions_plus` (
  `predictions_p_id` int(11) NOT NULL AUTO_INCREMENT,
  `user_id` int(11) NOT NULL,
  `superbowl` int(11) DEFAULT NULL,
  `afc_winner` int(11) DEFAULT NULL,
  `nfc_winner` int(11) DEFAULT NULL,
  `best_offense` int(11) DEFAULT NULL,
  `best_defense` int(11) DEFAULT NULL,
  PRIMARY KEY (`predictions_p_id`),
  KEY `user_id` (`user_id`),
  KEY `superbowl` (`superbowl`),
  KEY `afc_winner` (`afc_winner`),
  KEY `nfc_winner` (`nfc_winner`),
  KEY `best_offense` (`best_offense`),
  KEY `best_defense` (`best_defense`),
  CONSTRAINT `predictions_plus_ibfk_1` FOREIGN KEY (`user_id`) REFERENCES `user` (`user_id`),
  CONSTRAINT `predictions_plus_ibfk_2` FOREIGN KEY (`superbowl`) REFERENCES `teams` (`team_id`),
  CONSTRAINT `predictions_plus_ibfk_3` FOREIGN KEY (`afc_winner`) REFERENCES `teams` (`team_id`),
  CONSTRAINT `predictions_plus_ibfk_4` FOREIGN KEY (`nfc_winner`) REFERENCES `teams` (`team_id`),
  CONSTRAINT `predictions_plus_ibfk_5` FOREIGN KEY (`best_offense`) REFERENCES `teams` (`team_id`),
  CONSTRAINT `predictions_plus_ibfk_6` FOREIGN KEY (`best_defense`) REFERENCES `teams` (`team_id`)
) ENGINE=InnoDB AUTO_INCREMENT=29 DEFAULT CHARSET=utf8;
/*!40101 SET character_set_client = @saved_cs_client */;

LOCK TABLES `predictions_plus` WRITE;
/*!40000 ALTER TABLE `predictions_plus` DISABLE KEYS */;
INSERT INTO `predictions_plus` VALUES (5,3,NULL,NULL,NULL,31,23);
INSERT INTO `predictions_plus` VALUES (16,18,18,6,24,7,9);
INSERT INTO `predictions_plus` VALUES (23,23,1,1,21,5,29);
INSERT INTO `predictions_plus` VALUES (24,25,5,5,17,5,15);
INSERT INTO `predictions_plus` VALUES (25,26,29,13,29,21,29);
INSERT INTO `predictions_plus` VALUES (26,27,29,1,29,29,9);
INSERT INTO `predictions_plus` VALUES (27,28,5,5,29,5,29);
INSERT INTO `predictions_plus` VALUES (28,29,5,1,32,27,9);
/*!40000 ALTER TABLE `predictions_plus` ENABLE KEYS */;
UNLOCK TABLES;
DROP TABLE IF EXISTS `standings`;
/*!40101 SET @saved_cs_client     = @@character_set_client */;
/*!40101 SET character_set_client = utf8 */;
CREATE TABLE `standings` (
  `standing_id` int(11) NOT NULL,
  `team_id` int(11) NOT NULL,
  `prefix` varchar(2) DEFAULT NULL,
  `games` varchar(20) NOT NULL,
  `score` varchar(10) NOT NULL,
  `div_games` varchar(20) NOT NULL,
  PRIMARY KEY (`standing_id`),
  KEY `team_id` (`team_id`),
  CONSTRAINT `standings_ibfk_1` FOREIGN KEY (`team_id`) REFERENCES `teams` (`team_id`)
) ENGINE=InnoDB DEFAULT CHARSET=utf8;
/*!40101 SET character_set_client = @saved_cs_client */;

LOCK TABLES `standings` WRITE;
/*!40000 ALTER TABLE `standings` DISABLE KEYS */;
INSERT INTO `standings` VALUES (1,1,'z','13-3','.813','5-1');
INSERT INTO `standings` VALUES (2,3,'x','9-7','.563','3-3');
INSERT INTO `standings` VALUES (3,2,NULL,'6-10','.375','2-4');
INSERT INTO `standings` VALUES (4,4,NULL,'5-11','.313','2-4');
INSERT INTO `standings` VALUES (5,5,'y','13-3','.813','6-0');
INSERT INTO `standings` VALUES (6,6,NULL,'9-7','.563','3-3');
INSERT INTO `standings` VALUES (7,7,NULL,'7-9','.438','3-3');
INSERT INTO `standings` VALUES (8,8,NULL,'0-16','.000','0-6');
INSERT INTO `standings` VALUES (9,12,'y','10-6','.625','4-2');
INSERT INTO `standings` VALUES (10,10,'x','9-7','.563','5-1');
INSERT INTO `standings` VALUES (11,11,NULL,'4-12','.250','2-4');
INSERT INTO `standings` VALUES (12,9,NULL,'4-12','.250','1-5');
INSERT INTO `standings` VALUES (13,14,'y','10-6','.625','5-1');
INSERT INTO `standings` VALUES (14,16,NULL,'9-7','.563','3-3');
INSERT INTO `standings` VALUES (15,13,NULL,'6-10','.375','2-4');
INSERT INTO `standings` VALUES (16,15,NULL,'5-11','.313','2-4');
INSERT INTO `standings` VALUES (17,20,'z','13-3','.813','5-1');
INSERT INTO `standings` VALUES (18,17,NULL,'9-7','.563','5-1');
INSERT INTO `standings` VALUES (19,19,NULL,'7-9','.438','1-5');
INSERT INTO `standings` VALUES (20,18,NULL,'3-13','.188','1-5');
INSERT INTO `standings` VALUES (21,23,'y','13-3','.813','5-1');
INSERT INTO `standings` VALUES (22,22,NULL,'9-7','.563','5-1');
INSERT INTO `standings` VALUES (23,21,NULL,'7-9','.438','2-4');
INSERT INTO `standings` VALUES (24,24,NULL,'5-11','.313','0-6');
INSERT INTO `standings` VALUES (25,27,'y','11-5','.688','4-2');
INSERT INTO `standings` VALUES (26,28,'x','11-5','.688','3-3');
INSERT INTO `standings` VALUES (27,25,'x','10-6','.625','4-2');
INSERT INTO `standings` VALUES (28,26,NULL,'5-11','.313','1-5');
INSERT INTO `standings` VALUES (29,31,'y','11-5','.688','4-2');
INSERT INTO `standings` VALUES (30,29,NULL,'9-7','.563','4-2');
INSERT INTO `standings` VALUES (31,30,NULL,'8-8','.500','3-3');
INSERT INTO `standings` VALUES (32,32,NULL,'6-10','.375','1-5');
/*!40000 ALTER TABLE `standings` ENABLE KEYS */;
UNLOCK TABLES;
DROP TABLE IF EXISTS `teams`;
/*!40101 SET @saved_cs_client     = @@character_set_client */;
/*!40101 SET character_set_client = utf8 */;
CREATE TABLE `teams` (
  `team_id` int(11) NOT NULL AUTO_INCREMENT,
  `team_name` varchar(100) NOT NULL,
  `team_prefix` varchar(10) NOT NULL,
  `team_division` varchar(100) DEFAULT NULL,
  `team_region` varchar(100) DEFAULT NULL,
  PRIMARY KEY (`team_id`),
  UNIQUE KEY `team_name` (`team_name`),
  UNIQUE KEY `team_prefix` (`team_prefix`)
) ENGINE=InnoDB AUTO_INCREMENT=33 DEFAULT CHARSET=utf8;
/*!40101 SET character_set_client = @saved_cs_client */;

LOCK TABLES `teams` WRITE;
/*!40000 ALTER TABLE `teams` DISABLE KEYS */;
INSERT INTO `teams` VALUES (1,'New England Patriots','NE','afc','east');
INSERT INTO `teams` VALUES (2,'Miami Dolphins','MIA','afc','east');
INSERT INTO `teams` VALUES (3,'Buffalo Bills','BUF','afc','east');
INSERT INTO `teams` VALUES (4,'New York Jets','NYJ','afc','east');
INSERT INTO `teams` VALUES (5,'Pittsburgh Steelers','PIT','afc','north');
INSERT INTO `teams` VALUES (6,'Baltimore Ravens','BAL','afc','north');
INSERT INTO `teams` VALUES (7,'Cincinnati Bengals','CIN','afc','north');
INSERT INTO `teams` VALUES (8,'Cleveland Browns','CLE','afc','north');
INSERT INTO `teams` VALUES (9,'Houston Texans','HOU','afc','south');
INSERT INTO `teams` VALUES (10,'Tennessee Titans','TEN','afc','south');
INSERT INTO `teams` VALUES (11,'Indianapolis Colts','IND','afc','south');
INSERT INTO `teams` VALUES (12,'Jacksonville Jaguars','JAX','afc','south');
INSERT INTO `teams` VALUES (13,'Oakland Raiders','OAK','afc','west');
INSERT INTO `teams` VALUES (14,'Kansas City Chiefs','KC','afc','west');
INSERT INTO `teams` VALUES (15,'Denver Broncos','DEN','afc','west');
INSERT INTO `teams` VALUES (16,'Los Angeles Chargers','LAC','afc','west');
INSERT INTO `teams` VALUES (17,'Dallas Cowboys','DAL','nfc','east');
INSERT INTO `teams` VALUES (18,'New York Giants','NYG','nfc','east');
INSERT INTO `teams` VALUES (19,'Washington Redskins','WAS','nfc','east');
INSERT INTO `teams` VALUES (20,'Philadelphia Eagles','PHI','nfc','east');
INSERT INTO `teams` VALUES (21,'Green Bay Packers','GB','nfc','north');
INSERT INTO `teams` VALUES (22,'Detroit Lions','DET','nfc','north');
INSERT INTO `teams` VALUES (23,'Minnesota Vikings','MIN','nfc','north');
INSERT INTO `teams` VALUES (24,'Chicago Bears','CHI','nfc','north');
INSERT INTO `teams` VALUES (25,'Atlanta Falcons','ATL','nfc','south');
INSERT INTO `teams` VALUES (26,'Tampa Bay Buccaneers','TB','nfc','south');
INSERT INTO `teams` VALUES (27,'New Orleans Saints','NO','nfc','south');
INSERT INTO `teams` VALUES (28,'Carolina Panthers','CAR','nfc','south');
INSERT INTO `teams` VALUES (29,'Seattle Seahawks','SEA','nfc','west');
INSERT INTO `teams` VALUES (30,'Arizona Cardinals','ARI','nfc','west');
INSERT INTO `teams` VALUES (31,'Los Angeles Rams','LA','nfc','west');
INSERT INTO `teams` VALUES (32,'San Francisco 49ers','SF','nfc','west');
/*!40000 ALTER TABLE `teams` ENABLE KEYS */;
UNLOCK TABLES;
DROP TABLE IF EXISTS `user`;
/*!40101 SET @saved_cs_client     = @@character_set_client */;
/*!40101 SET character_set_client = utf8 */;
CREATE TABLE `user` (
  `user_id` int(11) NOT NULL AUTO_INCREMENT,
  `user_name` varchar(100) NOT NULL,
  `user_email` varchar(100) NOT NULL,
  `user_password` varchar(100) NOT NULL,
  PRIMARY KEY (`user_id`),
  UNIQUE KEY `user_name` (`user_name`)
) ENGINE=InnoDB AUTO_INCREMENT=30 DEFAULT CHARSET=utf8;
/*!40101 SET character_set_client = @saved_cs_client */;

LOCK TABLES `user` WRITE;
/*!40000 ALTER TABLE `user` DISABLE KEYS */;
INSERT INTO `user` VALUES (3,'admin','admin@mail.com','password');
INSERT INTO `user` VALUES (18,'Andre','andre-krause@web.de','$2a$10$zYpUi.zvl8GTfxK4j3YJdeBg484DVqjKDyWZHOmAKHrwASxlnK05S');
INSERT INTO `user` VALUES (23,'Max','max_strauch@hotmail.de','$2a$10$beSCLEDHxj7Kr7Og56omq.iQ4/ThIKgGZbAjCnsILPJhlLJnoGGYa');
INSERT INTO `user` VALUES (25,'Johann','johann_warschau@web.de','$2a$10$JkQ8cU68Rdgv248ouLrKOueqVx.RCcyshpf2Lw/IaQXwDob1zz5TW');
INSERT INTO `user` VALUES (26,'Juni','juneski.david@gmx.de','$2a$10$NpHISPTruVRpClVyc6JwJO8idkZtWqgr2rRukrnLPTr1OfWmUZmki');
INSERT INTO `user` VALUES (27,'Christoph Hippe','chippe@gmx.net','$2a$10$e0f9ki5FCKnrUUa4UDi75ewXjpiq72DF/9ufqEtbBgzKoWrNzjRcq');
INSERT INTO `user` VALUES (28,'rfuchs','rfuchserx@gmail.com','$2a$10$DBNo.UP5CzNhyjr6F9aTquiA2rSb2jnk0e47Gb09dqdfV1SJtjU4C');
INSERT INTO `user` VALUES (29,'Pit Konczak','chippe@gmx.net','$2a$10$G1AHkcCCoKSj2jqilMds3eQp1QkMuGOnahk7w/iJmhhRw6P7Pel6O');
/*!40000 ALTER TABLE `user` ENABLE KEYS */;
UNLOCK TABLES;
/*!40103 SET TIME_ZONE=@OLD_TIME_ZONE */;

/*!40101 SET SQL_MODE=@OLD_SQL_MODE */;
/*!40014 SET FOREIGN_KEY_CHECKS=@OLD_FOREIGN_KEY_CHECKS */;
/*!40014 SET UNIQUE_CHECKS=@OLD_UNIQUE_CHECKS */;
/*!40101 SET CHARACTER_SET_CLIENT=@OLD_CHARACTER_SET_CLIENT */;
/*!40101 SET CHARACTER_SET_RESULTS=@OLD_CHARACTER_SET_RESULTS */;
/*!40101 SET COLLATION_CONNECTION=@OLD_COLLATION_CONNECTION */;
/*!40111 SET SQL_NOTES=@OLD_SQL_NOTES */;

